{
	"format_version": "1.12.0",
	"minecraft:geometry": [
		{
			"description": {
				"identifier": "geometry.scuta",
				"texture_width": 128,
				"texture_height": 128,
				"visible_bounds_width": 3,
				"visible_bounds_height": 1.5,
				"visible_bounds_offset": [0, 0.25, 0]
			},
			"bones": [
				{
					"name": "scuta",
					"pivot": [0, 0, 0]
				},
				{
					"name": "body",
					"parent": "scuta",
					"pivot": [0, 4, -2],
					"cubes": [
						{"origin": [-4.5, 2.5, -4.50546], "size": [9, 3, 9], "uv": [0, 12]},
						{"origin": [3.8, 2.5, -2.50546], "size": [2, 2, 4], "uv": [40, 60]},
						{"origin": [-5.8, 2.5, -2.50546], "size": [2, 2, 4], "uv": [40, 60], "mirror": true},
						{"origin": [-4.5, 1.5, -4.50546], "size": [9, 1, 9], "uv": [0, 25]},
						{"origin": [-6, 2.5, -5.00546], "size": [12, 1, 10], "inflate": 0.01, "uv": [72, 11]},
						{"origin": [6, 3, -3.50546], "size": [1, 0, 6], "uv": [50, 36]},
						{"origin": [-7, 3, -3.50546], "size": [1, 0, 6], "uv": [34, 52]}
					]
				},
				{
					"name": "elytra_R",
					"parent": "body",
					"pivot": [4.5, 5.5, -3.50546],
					"cubes": [
						{"origin": [0.5, 5.5, -3.50546], "size": [4, 0, 8], "inflate": 0.02, "uv": [37, 12]},
						{"origin": [0.5, 4.5, 4.49454], "size": [4, 1, 0], "inflate": 0.01, "uv": [55, 49]},
						{"origin": [4.5, 4.5, -3.50546], "size": [0, 1, 8], "inflate": 0.01, "uv": [17, 45]}
					]
				},
				{
					"name": "wing_R",
					"parent": "elytra_R",
					"pivot": [2.5, 3.5, -2.50546],
					"cubes": [
						{"origin": [0.5, 3.5, -3.50546], "size": [4, 0, 8], "inflate": 0.01, "pivot": [2.5, 3.5, 0.49454], "rotation": [0, 0, -90], "uv": [37, 21]}
					]
				},
				{
					"name": "elytra_L",
					"parent": "body",
					"pivot": [-4.5, 5.5, -3.50546],
					"cubes": [
						{"origin": [-4.5, 5.5, -3.50546], "size": [4, 0, 8], "inflate": 0.02, "uv": [37, 12], "mirror": true},
						{"origin": [-4.5, 4.5, 4.49454], "size": [4, 1, 0], "inflate": 0.01, "uv": [55, 49], "mirror": true},
						{"origin": [-4.5, 4.5, -3.50546], "size": [0, 1, 8], "inflate": 0.01, "uv": [17, 45], "mirror": true}
					]
				},
				{
					"name": "wing_L",
					"parent": "elytra_L",
					"pivot": [-2.5, 3.5, -2.50546],
					"cubes": [
						{"origin": [-4.5, 3.5, -3.50546], "size": [4, 0, 8], "inflate": 0.01, "pivot": [-2.5, 3.5, 0.49454], "rotation": [0, 0, 90], "uv": [37, 21], "mirror": true}
					]
				},
				{
					"name": "middleleg_L",
					"parent": "body",
					"pivot": [0.5, 1.5, -0.00546],
					"cubes": [
						{"origin": [0.5, 1.5, -0.50546], "size": [4, 0, 1], "inflate": 0.01, "uv": [19, 40]}
					]
				},
				{
					"name": "middleleg_R",
					"parent": "body",
					"pivot": [-0.5, 1.5, -0.00546],
					"cubes": [
						{"origin": [-4.5, 1.5, -0.50546], "size": [4, 0, 1], "inflate": 0.01, "uv": [19, 40], "mirror": true}
					]
				},
				{
					"name": "tail",
					"parent": "body",
					"pivot": [0, 2.4, 4.49454],
					"cubes": [
						{"origin": [-1, 1.9, 4.49454], "size": [2, 1, 2], "uv": [41, 8]},
						{"origin": [-0.5, 2.4, 6.49454], "size": [1, 0, 2], "uv": [12, 57]}
					]
				},
				{
					"name": "finL",
					"parent": "body",
					"pivot": [3.5, 3, 4.49454],
					"rotation": [0, 17.5, 0],
					"cubes": [
						{"origin": [2.78284, 3, 4.50459], "size": [4, 0, 4], "uv": [49, 52]}
					]
				},
				{
					"name": "finR",
					"parent": "body",
					"pivot": [-3.5, 3, 4.49454],
					"rotation": [0, -17.5, 0],
					"cubes": [
						{"origin": [-6.78284, 3, 4.50459], "size": [4, 0, 4], "uv": [54, 30]}
					]
				},
				{
					"name": "clawL",
					"parent": "body",
					"pivot": [2.7, 3, -5.00546],
					"cubes": [
						{"origin": [2.2, 0, -5.50546], "size": [1, 3, 1], "uv": [7, 57]},
						{"origin": [2.2, 0, -4.50546], "size": [1, 1, 0], "pivot": [2.7, 0, -4.50546], "rotation": [-37.5, 0, 0], "uv": [52, 57]}
					]
				},
				{
					"name": "clawR",
					"parent": "body",
					"pivot": [-2.7, 3, -5.00546],
					"cubes": [
						{"origin": [-3.2, 0, -5.50546], "size": [1, 3, 1], "uv": [19, 57]},
						{"origin": [-3.2, 0, -4.50546], "size": [1, 1, 0], "pivot": [-2.7, 0, -4.50546], "rotation": [-37.5, 0, 0], "uv": [58, 57]}
					]
				},
				{
					"name": "head",
					"parent": "body",
					"pivot": [0, 3.75, -4.49112],
					"cubes": [
						{"origin": [-2, 3, -6.50546], "size": [5, 2, 5], "pivot": [0, 3.5, -3.50546], "rotation": [0, 45, 0], "uv": [41, 0]}
					]
				},
				{
					"name": "lowerjaw",
					"parent": "head",
					"pivot": [0, 3.5, -4.10546],
					"cubes": [
						{"origin": [-2, 2.5, -6.60546], "size": [5, 1, 5], "inflate": 0.02, "pivot": [0, 3.5, -3.60546], "rotation": [0, 45, 0], "uv": [34, 45]},
						{"origin": [-2.5, 2, -6.80546], "size": [4, 1, 4], "pivot": [0, 3.5, -5.30546], "rotation": [0, 45, 0], "uv": [37, 30]},
						{"origin": [2, 3, -6.60546], "size": [1, 1, 0], "inflate": 0.01, "pivot": [0, 3.5, -3.60546], "rotation": [0, 45, 0], "uv": [50, 43]},
						{"origin": [-3, 3, -6.60546], "size": [1, 1, 0], "inflate": 0.01, "pivot": [0, 3.5, -3.60546], "rotation": [0, -45, 0], "uv": [55, 57]}
					]
				},
				{
					"name": "eye_R",
					"parent": "head",
					"pivot": [-3.2101, 4.97172, -5.99917],
					"rotation": [-35.13314, -60.60059, 23.08688],
					"cubes": [
						{"origin": [-3.43716, 3.06108, -6.89718], "size": [1, 3, 2], "pivot": [-3.2101, 4.97172, -5.99917], "rotation": [-7, 0, 0], "uv": [55, 43]},
						{"origin": [-3.43716, 4.96108, -6.69718], "size": [0, 1, 1], "inflate": 0.02, "pivot": [-2.93716, 5.36108, -6.19718], "rotation": [-7.5, 0, 0], "uv": [30, 57]}
					]
				},
				{
					"name": "eyelid_R",
					"parent": "eye_R",
					"pivot": [1.7899, 4.47172, -5.99917],
					"cubes": [
						{"origin": [1.56284, 2.56108, -6.89718], "size": [1, 3, 2], "inflate": 0.03, "pivot": [1.7899, 4.47172, -5.99917], "rotation": [-7, 0, 0], "uv": [56, 59]}
					]
				},
				{
					"name": "pupil_R",
					"parent": "eye_R",
					"pivot": [-3.43716, 4.56108, -6.09718],
					"cubes": [
						{"origin": [-3.43716, 3.56108, -6.59718], "size": [0, 2, 1], "inflate": 0.01, "pivot": [-3.2101, 4.97172, -6.19917], "rotation": [0, 0, 0], "uv": [24, 57]}
					]
				},
				{
					"name": "eye_L",
					"parent": "head",
					"pivot": [3.2101, 4.97172, -5.99917],
					"rotation": [-35.13314, 60.60059, -23.08688],
					"cubes": [
						{"origin": [2.43716, 3.06108, -6.89718], "size": [1, 3, 2], "pivot": [4.2101, 4.97172, -5.99917], "rotation": [-7, 0, 0], "uv": [55, 43], "mirror": true},
						{"origin": [3.43716, 4.96108, -6.69718], "size": [0, 1, 1], "inflate": 0.02, "pivot": [2.93716, 5.36108, -6.19718], "rotation": [-7.5, 0, 0], "uv": [30, 57], "mirror": true}
					]
				},
				{
					"name": "eyelid_L",
					"parent": "eye_L",
					"pivot": [-1.7899, 4.47172, -5.99917],
					"cubes": [
						{"origin": [-2.56284, 2.56108, -6.89718], "size": [1, 3, 2], "inflate": 0.03, "pivot": [-1.7899, 4.47172, -5.99917], "rotation": [-7, 0, 0], "uv": [56, 59], "mirror": true}
					]
				},
				{
					"name": "pupil_L",
					"parent": "eye_L",
					"pivot": [3.43716, 4.56108, -6.09718],
					"cubes": [
						{"origin": [3.43716, 3.56108, -6.59718], "size": [0, 2, 1], "inflate": 0.01, "pivot": [3.2101, 4.97172, -6.19917], "rotation": [0, 0, 0], "uv": [24, 57], "mirror": true}
					]
				}
			]
		}
	]
}