{
	"format_version": "1.8.0",
	"animations": {
		"animation.hollorn.ground_idle": {
			"loop": true,
			"bones": {
				"torso": {
					"rotation": ["math.sin(q.anim_time*90*2-60)*-2", "math.sin(q.anim_time*90*1)*-2", 0],
					"position": [0, 0, "math.sin(q.anim_time*90*2-40)*0.1"]
				},
				"tail": {
					"rotation": ["7.5+2*math.cos(q.anim_time*90*2)*1", 0, "-2*math.cos(q.anim_time*90*1.5)*1"]
				},
				"tail2": {
					"rotation": ["15+2*math.cos(q.anim_time*90*2-30)*1", 0, "-2*math.cos(q.anim_time*90*1.5-30)*1"]
				},
				"neck": {
					"rotation": ["math.sin(q.anim_time*90*2)*1.5", 0, 0]
				},
				"head": {
					"rotation": ["math.sin(q.anim_time*90*1.5-30)*1.5", 0, "math.sin(q.anim_time*90*1.5)*0.5"]
				},
				"arm_left": {
					"rotation": ["-2*math.cos(q.anim_time*90*2)*3", 0, "2*math.cos(q.anim_time*90*1.5)*1"]
				},
				"arm_right": {
					"rotation": ["-2*math.cos(q.anim_time*90*2)*3", 0, "-2*math.cos(q.anim_time*90*1.5)*1"]
				}
			}
		},
		"animation.hollorn.battle_idle": {
			"loop": true,
			"bones": {
				"torso": {
					"rotation": ["27.5+math.sin(q.anim_time*90*2-60)*-2", "math.sin(q.anim_time*90*1)*-2", 0],
					"position": [0, 0, "math.sin(q.anim_time*90*2-40)*0.1"]
				},
				"tail": {
					"rotation": ["7.5+2*math.cos(q.anim_time*90*2)*3", 0, "-2*math.cos(q.anim_time*90*1.5)*3"]
				},
				"tail2": {
					"rotation": ["15.0237+2*math.cos(q.anim_time*90*2-30)*3", -2.1606, "-1.258-2*math.cos(q.anim_time*90*1.5-30)*3"]
				},
				"neck": {
					"rotation": ["10+math.sin(q.anim_time*90*2)*1.5", 0, 0]
				},
				"head": {
					"rotation": ["-40+math.sin(q.anim_time*90*1.5-30)*1.5", 0, "math.sin(q.anim_time*90*1.5)*0.5"]
				},
				"arm_left": {
					"rotation": ["-27.5-2*math.cos(q.anim_time*90*2)*3", 0, "2*math.cos(q.anim_time*90*1.5)*1"]
				},
				"arm_right": {
					"rotation": ["-27.5-2*math.cos(q.anim_time*90*2)*3", 0, "-2*math.cos(q.anim_time*90*1.5)*1"]
				}
			}
		},
		"animation.hollorn.ground_walk": {
			"loop": true,
			"animation_length": 1.3333,
			"bones": {
				"torso": {
					"rotation": ["math.sin(q.anim_time*90*6)*3", "math.sin(q.anim_time*90*3)*2", 0],
					"position": [0, "0.75+math.sin(q.anim_time*90*6)*0.6", "math.sin(q.anim_time*90*3-40)*0.3"]
				},
				"tail": {
					"rotation": ["15+2*math.cos(q.anim_time*90*3)*4", 0, "-2*math.cos(q.anim_time*90*3)*2"]
				},
				"tail2": {
					"rotation": ["15+2*math.cos(q.anim_time*90*3-30)*4", 0, "-2*math.cos(q.anim_time*90*3-30)*2"]
				},
				"neck": {
					"rotation": ["2.5+math.sin(q.anim_time*180*3)*2", 0, 0]
				},
				"head": {
					"rotation": ["-math.sin(q.anim_time*180*1.5-60)*2", "math.sin(q.anim_time*180*1.5)*0.5", "math.sin(q.anim_time*180*1.5)*0.5"]
				},
				"arm_left": {
					"rotation": ["-10-2*(math.cos(q.anim_time*90*3)*3)", 0, "2*(math.cos(q.anim_time*90*3)*1)"],
					"position": [0, 0, "-0.5+math.sin(q.anim_time*90*3-40)*0.1"]
				},
				"arm_right": {
					"rotation": ["-10-2*(math.cos(q.anim_time*90*3)*3)", 0, "-2*(math.cos(q.anim_time*90*3)*1)"],
					"position": [0, 0, "-0.75+math.sin(q.anim_time*90*3-40)*0.1"]
				},
				"leg_right": {
					"rotation": {
						"0.0": {
							"post": [-0.68, 0, 0],
							"lerp_mode": "catmullrom"
						},
						"0.3333": {
							"post": [28.61, 0, 0],
							"lerp_mode": "catmullrom"
						},
						"0.4583": {
							"post": [15.75, 0, 0],
							"lerp_mode": "catmullrom"
						},
						"0.6667": {
							"post": [8.34375, 0, 0],
							"lerp_mode": "catmullrom"
						},
						"0.8333": {
							"post": [-14.5, 0, 0],
							"lerp_mode": "catmullrom"
						},
						"1.0417": {
							"post": [-25.495, 0, 0],
							"lerp_mode": "catmullrom"
						},
						"1.3333": {
							"post": [-0.68, 0, 0],
							"lerp_mode": "catmullrom"
						}
					},
					"position": {
						"0.0": {
							"post": [0, 0.74, -0.59],
							"lerp_mode": "catmullrom"
						},
						"0.3333": {
							"post": [0, 0.66, -0.49],
							"lerp_mode": "catmullrom"
						},
						"0.4583": {
							"post": [0, 0.86, -0.59],
							"lerp_mode": "catmullrom"
						},
						"0.5": {
							"post": [0, 0.66, -0.47],
							"lerp_mode": "catmullrom"
						},
						"0.5417": {
							"post": [0, 0.5575, -0.36],
							"lerp_mode": "catmullrom"
						},
						"0.6667": {
							"post": [0, 0.94375, -0.25625],
							"lerp_mode": "catmullrom"
						},
						"0.7917": {
							"post": [0, 1.8725, -0.4275],
							"lerp_mode": "catmullrom"
						},
						"0.9583": {
							"post": [0, 2.06625, -1.055],
							"lerp_mode": "catmullrom"
						},
						"1.0833": {
							"post": [0, 1.6575, -1.39375],
							"lerp_mode": "catmullrom"
						},
						"1.3333": {
							"post": [0, 0.74, -0.59],
							"lerp_mode": "catmullrom"
						}
					}
				},
				"leg_right2": {
					"rotation": {
						"0.0": {
							"post": [-26.11, 0, 0],
							"lerp_mode": "catmullrom"
						},
						"0.3333": {
							"post": [-31.98, 0, 0],
							"lerp_mode": "catmullrom"
						},
						"0.5": {
							"post": [-13.91875, 0, 0],
							"lerp_mode": "catmullrom"
						},
						"0.6667": {
							"post": [-26.11, 0, 0],
							"lerp_mode": "catmullrom"
						},
						"1.0": {
							"post": [-31.98, 0, 0],
							"lerp_mode": "catmullrom"
						},
						"1.1667": {
							"post": [-13.91875, 0, 0],
							"lerp_mode": "catmullrom"
						},
						"1.3333": {
							"post": [-26.11, 0, 0],
							"lerp_mode": "catmullrom"
						}
					},
					"position": {
						"0.0": {
							"post": [0, 0.18, 0],
							"lerp_mode": "catmullrom"
						},
						"0.5417": {
							"post": [0, 0, 0.01],
							"lerp_mode": "catmullrom"
						},
						"0.6667": {
							"post": [0, 0.18, 0],
							"lerp_mode": "catmullrom"
						},
						"1.2083": {
							"post": [0, 0, 0.01],
							"lerp_mode": "catmullrom"
						},
						"1.3333": {
							"post": [0, 0.18, 0],
							"lerp_mode": "catmullrom"
						}
					}
				},
				"leg_right3": {
					"rotation": {
						"0.0": {
							"post": [4.1, 0, 0],
							"lerp_mode": "catmullrom"
						},
						"0.3333": {
							"post": [-1.04, 0, 0],
							"lerp_mode": "catmullrom"
						},
						"0.5417": {
							"post": [9.10875, 0, 0],
							"lerp_mode": "catmullrom"
						},
						"0.6667": {
							"post": [-6.1875, 0, 0],
							"lerp_mode": "catmullrom"
						},
						"0.875": {
							"post": [-5.21875, 0, 0],
							"lerp_mode": "catmullrom"
						},
						"1.0833": {
							"post": [0.63, 0, 0],
							"lerp_mode": "catmullrom"
						},
						"1.3333": {
							"post": [4.1, 0, 0],
							"lerp_mode": "catmullrom"
						}
					}
				},
				"foot_right": {
					"rotation": {
						"0.0": {
							"post": [22.63, 0, 0],
							"lerp_mode": "catmullrom"
						},
						"0.3333": {
							"post": [3.36, 0, 0],
							"lerp_mode": "catmullrom"
						},
						"0.4583": {
							"post": [5.86, 0, 0],
							"lerp_mode": "catmullrom"
						},
						"0.6667": {
							"post": [21.40625, 0, 0],
							"lerp_mode": "catmullrom"
						},
						"0.875": {
							"post": [28.03125, 0, 0],
							"lerp_mode": "catmullrom"
						},
						"1.0833": {
							"post": [30.50375, 0, 0],
							"lerp_mode": "catmullrom"
						},
						"1.3333": {
							"post": [22.63, 0, 0],
							"lerp_mode": "catmullrom"
						}
					}
				},
				"toe_right_inner": {
					"rotation": {
						"0.0": {
							"post": [0, 0, 0],
							"lerp_mode": "catmullrom"
						},
						"0.3333": {
							"post": [0, 0, 0],
							"lerp_mode": "catmullrom"
						},
						"0.5417": {
							"post": [-17.07, 0, 0],
							"lerp_mode": "catmullrom"
						},
						"0.6667": {
							"post": [0, 0, 0],
							"lerp_mode": "catmullrom"
						},
						"1.0": {
							"post": [60, 0, 0],
							"lerp_mode": "catmullrom"
						},
						"1.3333": {
							"post": [0, 0, 0],
							"lerp_mode": "catmullrom"
						}
					}
				},
				"toe_right_outer": {
					"rotation": {
						"0.0": {
							"post": [0, 0, 0],
							"lerp_mode": "catmullrom"
						},
						"0.3333": {
							"post": [0, 0, 0],
							"lerp_mode": "catmullrom"
						},
						"0.5417": {
							"post": [-17.07, 0, 0],
							"lerp_mode": "catmullrom"
						},
						"0.6667": {
							"post": [0, 0, 0],
							"lerp_mode": "catmullrom"
						},
						"1.0": {
							"post": [60, 0, 0],
							"lerp_mode": "catmullrom"
						},
						"1.3333": {
							"post": [0, 0, 0],
							"lerp_mode": "catmullrom"
						}
					}
				},
				"leg_left": {
					"rotation": {
						"0.0": {
							"post": [8.34375, 0, 0],
							"lerp_mode": "catmullrom"
						},
						"0.1667": {
							"post": [-14.5, 0, 0],
							"lerp_mode": "catmullrom"
						},
						"0.375": {
							"post": [-25.495, 0, 0],
							"lerp_mode": "catmullrom"
						},
						"1.0": {
							"post": [28.61, 0, 0],
							"lerp_mode": "catmullrom"
						},
						"1.125": {
							"post": [15.75, 0, 0],
							"lerp_mode": "catmullrom"
						},
						"1.3333": {
							"post": [8.34375, 0, 0],
							"lerp_mode": "catmullrom"
						}
					},
					"position": {
						"0.0": {
							"post": [0, 0.94375, -0.25625],
							"lerp_mode": "catmullrom"
						},
						"0.125": {
							"post": [0, 1.8725, -0.4275],
							"lerp_mode": "catmullrom"
						},
						"0.2917": {
							"post": [0, 2.06625, -1.055],
							"lerp_mode": "catmullrom"
						},
						"0.4167": {
							"post": [0, 1.6575, -1.39375],
							"lerp_mode": "catmullrom"
						},
						"0.6667": {
							"post": [0, 0.74, -0.59],
							"lerp_mode": "catmullrom"
						},
						"1.0": {
							"post": [0, 0.66, -0.49],
							"lerp_mode": "catmullrom"
						},
						"1.125": {
							"post": [0, 0.86, -0.59],
							"lerp_mode": "catmullrom"
						},
						"1.1667": {
							"post": [0, 0.66, -0.47],
							"lerp_mode": "catmullrom"
						},
						"1.2083": {
							"post": [0, 0.5575, -0.36],
							"lerp_mode": "catmullrom"
						},
						"1.3333": {
							"post": [0, 0.94375, -0.25625],
							"lerp_mode": "catmullrom"
						}
					}
				},
				"leg_left2": {
					"rotation": {
						"0.0": {
							"post": [5.76875, 0, 0],
							"lerp_mode": "catmullrom"
						},
						"0.125": {
							"post": [13.73, 0, 0],
							"lerp_mode": "catmullrom"
						},
						"0.25": {
							"post": [5.875, 0, 0],
							"lerp_mode": "catmullrom"
						},
						"0.4167": {
							"post": [-26.53625, 0, 0],
							"lerp_mode": "catmullrom"
						},
						"0.6667": {
							"post": [-26.11, 0, 0],
							"lerp_mode": "catmullrom"
						},
						"1.0": {
							"post": [-31.98, 0, 0],
							"lerp_mode": "catmullrom"
						},
						"1.1667": {
							"post": [-13.91875, 0, 0],
							"lerp_mode": "catmullrom"
						},
						"1.3333": {
							"post": [5.76875, 0, 0],
							"lerp_mode": "catmullrom"
						}
					},
					"position": {
						"0.0": {
							"post": [0, 0.3, 0],
							"lerp_mode": "catmullrom"
						},
						"0.3333": {
							"post": [0, 0.3, 0],
							"lerp_mode": "catmullrom"
						},
						"0.6667": {
							"post": [0, 0.18, 0],
							"lerp_mode": "catmullrom"
						},
						"1.2083": {
							"post": [0, 0, 0.01],
							"lerp_mode": "catmullrom"
						},
						"1.3333": {
							"post": [0, 0.3, 0],
							"lerp_mode": "catmullrom"
						}
					}
				},
				"leg_left3": {
					"rotation": {
						"0.0": {
							"post": [-6.1875, 0, 0],
							"lerp_mode": "catmullrom"
						},
						"0.2083": {
							"post": [-5.21875, 0, 0],
							"lerp_mode": "catmullrom"
						},
						"0.4167": {
							"post": [0.63, 0, 0],
							"lerp_mode": "catmullrom"
						},
						"0.6667": {
							"post": [4.1, 0, 0],
							"lerp_mode": "catmullrom"
						},
						"1.0": {
							"post": [-1.04, 0, 0],
							"lerp_mode": "catmullrom"
						},
						"1.2083": {
							"post": [9.10875, 0, 0],
							"lerp_mode": "catmullrom"
						},
						"1.3333": {
							"post": [-6.1875, 0, 0],
							"lerp_mode": "catmullrom"
						}
					}
				},
				"foot_left": {
					"rotation": {
						"0.0": {
							"post": [21.40625, 0, 0],
							"lerp_mode": "catmullrom"
						},
						"0.2083": {
							"post": [28.03125, 0, 0],
							"lerp_mode": "catmullrom"
						},
						"0.4167": {
							"post": [30.50375, 0, 0],
							"lerp_mode": "catmullrom"
						},
						"0.6667": {
							"post": [22.63, 0, 0],
							"lerp_mode": "catmullrom"
						},
						"1.0": {
							"post": [3.36, 0, 0],
							"lerp_mode": "catmullrom"
						},
						"1.125": {
							"post": [5.86, 0, 0],
							"lerp_mode": "catmullrom"
						},
						"1.3333": {
							"post": [21.40625, 0, 0],
							"lerp_mode": "catmullrom"
						}
					}
				},
				"toe_left_outer": {
					"rotation": {
						"0.0": {
							"post": [0, 0, 0],
							"lerp_mode": "catmullrom"
						},
						"0.3333": {
							"post": [60, 0, 0],
							"lerp_mode": "catmullrom"
						},
						"0.6667": {
							"post": [0, 0, 0],
							"lerp_mode": "catmullrom"
						},
						"1.0": {
							"post": [0, 0, 0],
							"lerp_mode": "catmullrom"
						},
						"1.2083": {
							"post": [-17.07, 0, 0],
							"lerp_mode": "catmullrom"
						},
						"1.3333": {
							"post": [0, 0, 0],
							"lerp_mode": "catmullrom"
						}
					}
				},
				"toe_left_inner": {
					"rotation": {
						"0.0": {
							"post": [0, 0, 0],
							"lerp_mode": "catmullrom"
						},
						"0.3333": {
							"post": [60, 0, 0],
							"lerp_mode": "catmullrom"
						},
						"0.6667": {
							"post": [0, 0, 0],
							"lerp_mode": "catmullrom"
						},
						"1.0": {
							"post": [0, 0, 0],
							"lerp_mode": "catmullrom"
						},
						"1.2083": {
							"post": [-17.07, 0, 0],
							"lerp_mode": "catmullrom"
						},
						"1.3333": {
							"post": [0, 0, 0],
							"lerp_mode": "catmullrom"
						}
					}
				}
			}
		},
		"animation.hollorn.recoil": {
			"animation_length": 1.5,
			"bones": {
				"torso": {
					"rotation": {
						"0.0": [0, 0, 0],
						"0.0417": [-13, 0, 0],
						"0.5833": {
							"pre": [8.66, 0, 0],
							"post": [8.66, 0, 0],
							"lerp_mode": "catmullrom"
						},
						"1.0833": {
							"post": [-2, 0, 0],
							"lerp_mode": "catmullrom"
						},
						"1.5": [0, 0, 0]
					}
				},
				"head": {
					"rotation": {
						"0.0": [0, 0, 0],
						"0.0417": {
							"pre": [11, 0, 0],
							"post": [11, 0, 0],
							"lerp_mode": "catmullrom"
						},
						"0.1667": {
							"post": [-9.58, 0, 0],
							"lerp_mode": "catmullrom"
						},
						"0.375": {
							"post": [-7, 0, 0],
							"lerp_mode": "catmullrom"
						},
						"0.7083": {
							"post": [-3.3, 0, 0],
							"lerp_mode": "catmullrom"
						},
						"1.0417": {
							"post": [0.7, 0, 0],
							"lerp_mode": "catmullrom"
						},
						"1.5": [0, 0, 0]
					}
				},
				"arm_left": {
					"rotation": {
						"0.0": [0, 0, 0],
						"0.1667": {
							"pre": [0, 20, 0],
							"post": [0, 20, 0],
							"lerp_mode": "catmullrom"
						},
						"0.625": {
							"post": [0, -6.21, 0],
							"lerp_mode": "catmullrom"
						},
						"1.5": [0, 0, 0]
					}
				},
				"arm_right": {
					"rotation": {
						"0.0": [0, 0, 0],
						"0.1667": {
							"pre": [0, -20, 0],
							"post": [0, -20, 0],
							"lerp_mode": "catmullrom"
						},
						"0.625": {
							"post": [0, 6.21, 0],
							"lerp_mode": "catmullrom"
						},
						"1.5": [0, 0, 0]
					}
				}
			}
		},
		"animation.hollorn.sleep": {
			"loop": true,
			"bones": {
				"body": {
					"rotation": [0, 0, 90],
					"position": [-7, 3.75, 0]
				},
				"tail": {
					"rotation": [3.67147, 14.22939, 9.46827],
					"position": [0, 0, -0.4]
				},
				"tail2": {
					"rotation": [25.49876, 22.44584, 12.29605]
				},
				"neck": {
					"rotation": [34.99762, -2.49762, 0.10912],
					"position": [0, 0.5, 1]
				},
				"head": {
					"rotation": [-5.87801, 3.35508, 0.70508],
					"position": [-0.2, 0.25, 0]
				},
				"arm_left": {
					"rotation": [0, 0, -5],
					"position": [-0.5, 0, 0]
				},
				"arm_right": {
					"rotation": [9.60394, -27.51215, -32.75901],
					"position": [0.25, -0.5, 0]
				},
				"hand_right": {
					"rotation": [-7.5, 0, 0]
				},
				"leg_right": {
					"rotation": [0, 0, -27]
				},
				"leg_right2": {
					"rotation": [-12.5, 0, 0]
				},
				"leg_right3": {
					"rotation": [0, 0, 0]
				},
				"foot_right": {
					"rotation": [22.5, 0, 0]
				},
				"toe_right_inner": {
					"rotation": [27.74613, 15.35528, 8.71557]
				},
				"toe_right_outer": {
					"rotation": [30, -22.5, 0]
				},
				"leg_left": {
					"rotation": [-32.5, 0, 0],
					"position": [-1, 0, 0]
				},
				"leg_left2": {
					"rotation": [2.5, 0, 0]
				},
				"foot_left": {
					"rotation": [27.5, 0, 0]
				},
				"toe_left_outer": {
					"rotation": [22.5, 22.5, 0]
				},
				"toe_left_inner": {
					"rotation": [22.5, -22.5, 0]
				}
			}
		},
		"animation.hollorn.faint": {
			"animation_length": 5.0417,
			"bones": {
				"torso": {
					"rotation": {
						"0.0": {
							"post": [0, 0, 0],
							"lerp_mode": "catmullrom"
						},
						"0.3333": {
							"post": [8.66, 0, 0],
							"lerp_mode": "catmullrom"
						},
						"0.8333": {
							"post": [-2, 0, 0],
							"lerp_mode": "catmullrom"
						},
						"1.25": {
							"post": [0, 0, 0],
							"lerp_mode": "catmullrom"
						}
					}
				},
				"head": {
					"rotation": {
						"0.0": {
							"post": [11, 0, 0],
							"lerp_mode": "catmullrom"
						},
						"0.125": {
							"post": [-7, 0, 0],
							"lerp_mode": "catmullrom"
						},
						"0.4583": {
							"post": [-3.3, 0, 0],
							"lerp_mode": "catmullrom"
						},
						"0.7917": {
							"post": [0.7, 0, 0],
							"lerp_mode": "catmullrom"
						},
						"1.25": {
							"post": [-5.87801, 3.35508, 0.70508],
							"lerp_mode": "catmullrom"
						}
					},
					"position": {
						"0.0": {
							"post": [0, 0, 0],
							"lerp_mode": "catmullrom"
						},
						"1.25": {
							"post": [-0.2, 0.25, 0],
							"lerp_mode": "catmullrom"
						}
					}
				},
				"arm_left": {
					"rotation": {
						"0.0": {
							"post": [0, 20, 0],
							"lerp_mode": "catmullrom"
						},
						"0.375": {
							"post": [0, -6.21, 0],
							"lerp_mode": "catmullrom"
						},
						"1.25": {
							"post": [0, 0, -5],
							"lerp_mode": "catmullrom"
						}
					},
					"position": {
						"0.0": {
							"post": [0, 0, 0],
							"lerp_mode": "catmullrom"
						},
						"1.25": {
							"post": [-0.5, 0, 0],
							"lerp_mode": "catmullrom"
						}
					}
				},
				"arm_right": {
					"rotation": {
						"0.0": {
							"post": [0, -20, 0],
							"lerp_mode": "catmullrom"
						},
						"0.375": {
							"post": [0, 6.21, 0],
							"lerp_mode": "catmullrom"
						},
						"1.25": {
							"post": [9.60394, -27.51215, -32.75901],
							"lerp_mode": "catmullrom"
						}
					},
					"position": {
						"0.0": {
							"post": [0, 0, 0],
							"lerp_mode": "catmullrom"
						},
						"1.25": {
							"post": [0.25, -0.5, 0],
							"lerp_mode": "catmullrom"
						}
					}
				},
				"body": {
					"rotation": {
						"0.0": {
							"post": [0, 0, 0],
							"lerp_mode": "catmullrom"
						},
						"0.9583": {
							"post": [0, 0, 0],
							"lerp_mode": "catmullrom"
						},
						"1.25": {
							"post": [0, 0, 90],
							"lerp_mode": "catmullrom"
						}
					},
					"position": {
						"0.0": {
							"post": [0, 0, 0],
							"lerp_mode": "catmullrom"
						},
						"0.9583": {
							"post": [0, 0, 0],
							"lerp_mode": "catmullrom"
						},
						"1.25": {
							"post": [-7, 3.75, 0],
							"lerp_mode": "catmullrom"
						}
					}
				},
				"tail": {
					"rotation": {
						"0.0": {
							"post": [0, 0, 0],
							"lerp_mode": "catmullrom"
						},
						"1.25": {
							"post": [3.67147, 14.22939, 9.46827],
							"lerp_mode": "catmullrom"
						}
					},
					"position": {
						"0.0": {
							"post": [0, 0, 0],
							"lerp_mode": "catmullrom"
						},
						"1.25": {
							"post": [0, 0, -0.4],
							"lerp_mode": "catmullrom"
						}
					}
				},
				"tail2": {
					"rotation": {
						"0.0": {
							"post": [0, 0, 0],
							"lerp_mode": "catmullrom"
						},
						"1.25": {
							"post": [25.49876, 22.44584, 12.29605],
							"lerp_mode": "catmullrom"
						}
					},
					"position": {
						"0.0": {
							"post": [0, 0, 0],
							"lerp_mode": "catmullrom"
						}
					}
				},
				"neck": {
					"rotation": {
						"0.0": {
							"post": [0, 0, 0],
							"lerp_mode": "catmullrom"
						},
						"1.25": {
							"post": [34.99762, -2.49762, 0.10912],
							"lerp_mode": "catmullrom"
						}
					},
					"position": {
						"0.0": {
							"post": [0, 0, 0],
							"lerp_mode": "catmullrom"
						},
						"1.25": {
							"post": [0, 0.5, 1],
							"lerp_mode": "catmullrom"
						}
					}
				},
				"hand_right": {
					"rotation": {
						"0.0": {
							"post": [0, 0, 0],
							"lerp_mode": "catmullrom"
						},
						"1.25": {
							"post": [-7.5, 0, 0],
							"lerp_mode": "catmullrom"
						}
					},
					"position": {
						"0.0": {
							"post": [0, 0, 0],
							"lerp_mode": "catmullrom"
						}
					}
				},
				"leg_right": {
					"rotation": {
						"0.0": {
							"post": [0, 0, 0],
							"lerp_mode": "catmullrom"
						},
						"0.5": {
							"post": [0, 0, 22.35],
							"lerp_mode": "catmullrom"
						},
						"1.25": {
							"post": [0, 0, -27],
							"lerp_mode": "catmullrom"
						}
					},
					"position": {
						"0.0": {
							"post": [0, 0, 0],
							"lerp_mode": "catmullrom"
						},
						"0.5": {
							"post": [0, 0.75, 0],
							"lerp_mode": "catmullrom"
						}
					}
				},
				"leg_right2": {
					"rotation": {
						"0.0": {
							"post": [0, 0, 0],
							"lerp_mode": "catmullrom"
						},
						"1.25": {
							"post": [-12.5, 0, 0],
							"lerp_mode": "catmullrom"
						}
					},
					"position": {
						"0.0": {
							"post": [0, 0, 0],
							"lerp_mode": "catmullrom"
						}
					}
				},
				"leg_right3": {
					"rotation": {
						"0.0": {
							"post": [0, 0, 0],
							"lerp_mode": "catmullrom"
						},
						"1.25": {
							"post": [0, 0, 0],
							"lerp_mode": "catmullrom"
						}
					},
					"position": {
						"0.0": {
							"post": [0, 0, 0],
							"lerp_mode": "catmullrom"
						}
					}
				},
				"foot_right": {
					"rotation": {
						"0.0": {
							"post": [0, 0, 0],
							"lerp_mode": "catmullrom"
						},
						"1.25": {
							"post": [22.5, 0, 0],
							"lerp_mode": "catmullrom"
						}
					},
					"position": {
						"0.0": {
							"post": [0, 0, 0],
							"lerp_mode": "catmullrom"
						}
					}
				},
				"toe_right_inner": {
					"rotation": {
						"0.0": {
							"post": [0, 0, 0],
							"lerp_mode": "catmullrom"
						},
						"1.25": {
							"post": [27.74613, 15.35528, 8.71557],
							"lerp_mode": "catmullrom"
						}
					},
					"position": {
						"0.0": {
							"post": [0, 0, 0],
							"lerp_mode": "catmullrom"
						}
					}
				},
				"toe_right_outer": {
					"rotation": {
						"0.0": {
							"post": [0, 0, 0],
							"lerp_mode": "catmullrom"
						},
						"1.25": {
							"post": [30, -22.5, 0],
							"lerp_mode": "catmullrom"
						}
					},
					"position": {
						"0.0": {
							"post": [0, 0, 0],
							"lerp_mode": "catmullrom"
						}
					}
				},
				"leg_left": {
					"rotation": {
						"0.0": {
							"post": [0, 0, 0],
							"lerp_mode": "catmullrom"
						},
						"1.25": {
							"post": [-32.5, 0, 0],
							"lerp_mode": "catmullrom"
						}
					},
					"position": {
						"0.0": {
							"post": [0, 0, 0],
							"lerp_mode": "catmullrom"
						},
						"1.25": {
							"post": [-1, 0, 0],
							"lerp_mode": "catmullrom"
						}
					}
				},
				"leg_left2": {
					"rotation": {
						"0.0": {
							"post": [0, 0, 0],
							"lerp_mode": "catmullrom"
						},
						"1.25": {
							"post": [2.5, 0, 0],
							"lerp_mode": "catmullrom"
						}
					},
					"position": {
						"0.0": {
							"post": [0, 0, 0],
							"lerp_mode": "catmullrom"
						}
					}
				},
				"foot_left": {
					"rotation": {
						"0.0": {
							"post": [0, 0, 0],
							"lerp_mode": "catmullrom"
						},
						"1.25": {
							"post": [27.5, 0, 0],
							"lerp_mode": "catmullrom"
						}
					},
					"position": {
						"0.0": {
							"post": [0, 0, 0],
							"lerp_mode": "catmullrom"
						}
					}
				},
				"toe_left_outer": {
					"rotation": {
						"0.0": {
							"post": [0, 0, 0],
							"lerp_mode": "catmullrom"
						},
						"1.25": {
							"post": [22.5, 22.5, 0],
							"lerp_mode": "catmullrom"
						}
					},
					"position": {
						"0.0": {
							"post": [0, 0, 0],
							"lerp_mode": "catmullrom"
						}
					}
				},
				"toe_left_inner": {
					"rotation": {
						"0.0": {
							"post": [0, 0, 0],
							"lerp_mode": "catmullrom"
						},
						"1.25": {
							"post": [22.5, -22.5, 0],
							"lerp_mode": "catmullrom"
						}
					},
					"position": {
						"0.0": {
							"post": [0, 0, 0],
							"lerp_mode": "catmullrom"
						}
					}
				}
			}
		},
		"animation.hollorn.quirk1": {
			"loop": true,
			"sound_effects": {
				"0.0": {
					"effect": "pokemon.hollorn.quirk1"
				}
			},
			"particle_effects": {
				"0.0": {
					"effect": "whistle",
					"locator": "quirk1"
				}
			}
		},
		"animation.hollorn.quirk2": {
			"loop": true,
			"sound_effects": {
				"0.0": {
					"effect": "pokemon.hollorn.quirk2"
				}
			},
			"particle_effects": {
				"0.0": {
					"effect": "whistle",
					"locator": "quirk2"
				}
			}
		},
		"animation.hollorn.quirk3": {
			"loop": true,
			"sound_effects": {
				"0.0": {
					"effect": "pokemon.hollorn.quirk3"
				}
			},
			"particle_effects": {
				"0.0": {
					"effect": "whistle",
					"locator": "quirk3"
				}
			}
		},
		"animation.hollorn.quirk4": {
			"loop": true,
			"sound_effects": {
				"0.0": {
					"effect": "pokemon.hollorn.quirk4"
				}
			},
			"particle_effects": {
				"0.0": {
					"effect": "whistle",
					"locator": "quirk4"
				}
			}
		},
		"animation.hollorn.quirk5": {
			"loop": true,
			"sound_effects": {
				"0.0": {
					"effect": "pokemon.hollorn.quirk5"
				}
			},
			"particle_effects": {
				"0.0": {
					"effect": "whistle",
					"locator": "quirk5"
				}
			}
		},
		"animation.hollorn.quirk6": {
			"loop": true,
			"sound_effects": {
				"0.0": {
					"effect": "pokemon.hollorn.quirk6"
				}
			},
			"particle_effects": {
				"0.0": {
					"effect": "whistle",
					"locator": "quirk6"
				}
			}
		},
		"animation.hollorn.quirk7": {
			"loop": true,
			"sound_effects": {
				"0.0": {
					"effect": "pokemon.hollorn.quirk7"
				}
			},
			"particle_effects": {
				"0.0": {
					"effect": "whistle",
					"locator": "quirk7"
				}
			}
		},
		"animation.hollorn.cry": {
			"animation_length": 0.9167,
			"bones": {
				"torso": {
					"rotation": {
						"0.0": [0, 0, 0],
						"0.125": [-13, 0, 0],
						"0.5": {
							"pre": [8.66, 0, 0],
							"post": [8.66, 0, 0],
							"lerp_mode": "catmullrom"
						},
						"0.9167": [0, 0, 0]
					}
				},
				"head": {
					"rotation": {
						"0.0": [0, 0, 0],
						"0.0417": {
							"pre": [11, 0, 0],
							"post": [11, 0, 0],
							"lerp_mode": "catmullrom"
						},
						"0.1667": {
							"post": [-9.58, 0, 0],
							"lerp_mode": "catmullrom"
						},
						"0.4167": {
							"post": [-9.58, 0, 0],
							"lerp_mode": "catmullrom"
						},
						"0.625": {
							"post": [-3.3, 0, 0],
							"lerp_mode": "catmullrom"
						},
						"0.9167": [0, 0, 0]
					}
				},
				"arm_left": {
					"rotation": {
						"0.0": [0, 0, 0],
						"0.1667": {
							"pre": [0, 20, 0],
							"post": [0, 20, 0],
							"lerp_mode": "catmullrom"
						},
						"0.5417": {
							"post": [0, -6.21, 0],
							"lerp_mode": "catmullrom"
						},
						"0.9167": [0, 0, 0]
					}
				},
				"arm_right": {
					"rotation": {
						"0.0": [0, 0, 0],
						"0.1667": {
							"pre": [0, -20, 0],
							"post": [0, -20, 0],
							"lerp_mode": "catmullrom"
						},
						"0.5417": {
							"post": [0, 6.21, 0],
							"lerp_mode": "catmullrom"
						},
						"0.9167": [0, 0, 0]
					},
					"scale": 1
				}
			},
			"sound_effects": {
				"0.0": {
					"effect": "pokemon.hollorn.cry"
				}
			},
			"particle_effects": {
				"0.0": {
					"effect": "whistle",
					"locator": "quirk1"
				},
				"0.0417": {
					"effect": "whistle",
					"locator": "quirk7"
				},
				"0.0833": {
					"effect": "whistle",
					"locator": "quirk2"
				},
				"0.125": {
					"effect": "whistle",
					"locator": "quirk6"
				},
				"0.1667": {
					"effect": "whistle",
					"locator": "quirk3"
				},
				"0.2083": {
					"effect": "whistle",
					"locator": "quirk5"
				},
				"0.25": {
					"effect": "whistle",
					"locator": "quirk4"
				}
			}
		}
	}
}