{
	"format_version": "1.8.0",
	"animations": {
		"animation.ludikappa.ground_walk": {
			"loop": true,
			"animation_length": 1,
			"bones": {
				"body": {
					"rotation": [0, 0, 0],
					"position": [0, 13.75, 0]
				},
				"torso": {
					"rotation": ["Math.sin((query.anim_time-0.4) * 90 * 4) * 2", 0, 0],
					"position": [0, "0+Math.sin((query.anim_time) * 90 * 4) * 0.2", 0]
				},
				"head": {
					"rotation": ["-2.5+Math.sin((query.anim_time-0.2) * 90 * 4) * -3", 0, 0]
				},
				"right_arm4": {
					"rotation": {
						"0.0": {
							"post": [-0.16133, -14.99994, -44.95824],
							"lerp_mode": "catmullrom"
						},
						"0.25": {
							"post": [-0.18157, 27.96863, -45.08501],
							"lerp_mode": "catmullrom"
						},
						"0.5": {
							"post": [-0.15962, 12.49995, -45.03455],
							"lerp_mode": "catmullrom"
						},
						"0.75": {
							"post": [-0.17738, -26.43544, -44.92043],
							"lerp_mode": "catmullrom"
						},
						"1.0": {
							"post": [-0.16133, -14.99994, -44.95824],
							"lerp_mode": "catmullrom"
						},
						"1.25": {
							"post": [-0.18157, 27.96863, -45.08501],
							"lerp_mode": "catmullrom"
						}
					}
				},
				"left_arm4": {
					"rotation": {
						"0.0": {
							"post": [-0.15888, -14.99994, 45.04112],
							"lerp_mode": "catmullrom"
						},
						"0.25": {
							"post": [-0.16394, 16.56244, 44.95346],
							"lerp_mode": "catmullrom"
						},
						"0.5": {
							"post": [-0.15583, 9.99996, 44.97294],
							"lerp_mode": "catmullrom"
						},
						"0.75": {
							"post": [-0.18456, -31.97252, 45.09799],
							"lerp_mode": "catmullrom"
						},
						"1.0": {
							"post": [-0.15888, -14.99994, 45.04112],
							"lerp_mode": "catmullrom"
						},
						"1.25": {
							"post": [-0.16394, 16.56244, 44.95346],
							"lerp_mode": "catmullrom"
						}
					}
				},
				"left_arm5": {
					"rotation": [0, 0, 0]
				},
				"hand_left": {
					"rotation": [0, 0, 0]
				},
				"leg_left": {
					"rotation": {
						"0.0": [-47.5, 0, 0],
						"0.125": [-38.5, 0, 0],
						"0.375": [17.5, 0, 0],
						"0.5833": [35, 0, 0],
						"0.75": [16.22064, 1.83133, -2.34902],
						"0.875": [-36.41174, 0.73253, -0.93961],
						"1.0": [-47.5, 0, 0]
					}
				},
				"foot_left": {
					"rotation": {
						"0.0": [35, 0, 0],
						"0.1667": [7.5, 0, 0],
						"0.375": [5, 0, 0],
						"0.5833": [22.5, 0, 0],
						"0.7917": [64.64, 0, 0],
						"0.875": [57.86, 0, 0],
						"1.0": [22, 0, 0]
					}
				},
				"leg_right": {
					"rotation": {
						"0.0": [28, 0, 0],
						"0.0833": [35, 0, 0],
						"0.25": [16.22064, -1.83133, 2.34902],
						"0.375": [-36.41174, -0.73253, 0.93961],
						"0.5": [-47.5, 0, 0],
						"0.625": [-38.5, 0, 0],
						"0.875": [17.5, 0, 0],
						"1.0": [28, 0, 0]
					}
				},
				"foot_right": {
					"rotation": {
						"0.0": [35, 0, 0],
						"0.0833": [22.5, 0, 0],
						"0.2917": [64.64, 0, 0],
						"0.375": [57.86, 0, 0],
						"0.5": [22, 0, 0],
						"0.6667": [7.5, 0, 0],
						"0.875": [5, 0, 0],
						"1.0": [15.5, 0, 0]
					}
				},
				"right_arm": {
					"rotation": {
						"0.0": {
							"post": [0, 22.5, -45],
							"lerp_mode": "catmullrom"
						},
						"0.5": {
							"post": [0, -17.5, -45],
							"lerp_mode": "catmullrom"
						},
						"1.0": {
							"post": [0, 22.5, -45],
							"lerp_mode": "catmullrom"
						},
						"1.5": {
							"post": [0, -17.5, -45],
							"lerp_mode": "catmullrom"
						}
					}
				},
				"left_arm": {
					"rotation": {
						"0.0": {
							"post": [0, 22.5, 45],
							"lerp_mode": "catmullrom"
						},
						"0.5": {
							"post": [0, -17.5, 45],
							"lerp_mode": "catmullrom"
						},
						"1.0": {
							"post": [0, 22.5, 45],
							"lerp_mode": "catmullrom"
						},
						"1.5": {
							"post": [0, -17.5, 45],
							"lerp_mode": "catmullrom"
						}
					}
				},
				"neck1": {
					"rotation": ["-Math.sin((query.anim_time) * 90 * 4) * 5", 0, 0]
				},
				"neck2": {
					"rotation": ["-Math.sin((query.anim_time) * 90 * 4)", 0, 0]
				},
				"tail": {
					"rotation": ["-Math.sin((query.anim_time) * 90 * 4) * 10", "-Math.sin((query.anim_time) * 180 * 4) * 2", 0]
				},
				"petal": {
					"rotation": ["Math.sin((query.anim_time) * 90 * 4) * 7", 0, 0]
				},
				"petal2": {
					"rotation": [0, 0, "-Math.sin((query.anim_time) * 90 * 4) * 7"]
				},
				"petal3": {
					"rotation": [0, 0, "Math.sin((query.anim_time) * 90 * 4) * 7"]
				},
				"petal4": {
					"rotation": ["-Math.sin((query.anim_time) * 90 * 4) * 7", 0, 0]
				},
				"pollen": {
					"rotation": ["Math.sin((query.anim_time) * 90 * 4) * 11", 0, 0]
				}
			}
		},
		"animation.ludikappa.ground_idle": {
			"loop": true,
			"bones": {
				"right_arm4": {
					"rotation": [-0.15215, -0.02003, -45]
				},
				"right_arm5": {
					"rotation": [0, 0, 0]
				},
				"left_arm4": {
					"rotation": [-0.15346, 0, 45]
				},
				"left_arm5": {
					"rotation": [0, 0, 0]
				},
				"body": {
					"rotation": [0, 0, 0],
					"position": [0, 13.75, 0]
				},
				"torso": {
					"rotation": ["Math.sin((query.anim_time-0.4) * 90 * 2) * 2", 0, 0],
					"position": [0, "0+Math.sin((query.anim_time) * 90 * 2) * 0.2", 0]
				},
				"head": {
					"rotation": ["-2.5+Math.sin((query.anim_time-0.2) * 90 * 2) * -3", 0, 0]
				},
				"leg_left": {
					"rotation": ["-30-Math.sin((query.anim_time) * 90 * 2) * 10", -15, 0],
					"position": [0.5, 1, -0.75]
				},
				"foot_left": {
					"rotation": [35, 0, 0]
				},
				"leg_right": {
					"rotation": ["-30-Math.sin((query.anim_time) * 90 * 2) * 10", 15, 0],
					"position": [-0.5, 1, -0.75]
				},
				"foot_right": {
					"rotation": [35, 0, 0]
				},
				"right_arm": {
					"rotation": [0, 0, -45]
				},
				"left_arm": {
					"rotation": [0, 0, 45]
				},
				"neck1": {
					"rotation": ["-Math.sin((query.anim_time) * 90 * 2) * 2", 0, 0]
				},
				"neck2": {
					"rotation": ["-Math.sin((query.anim_time) * 90 * 2)", 0, 0]
				},
				"tail": {
					"rotation": ["-Math.sin((query.anim_time) * 90 * 2) * 10", 0, 0]
				},
				"pollen": {
					"rotation": ["Math.sin((query.anim_time) * 90 * 2) * 11", 0, 0]
				},
				"petal": {
					"rotation": ["Math.sin((query.anim_time) * 90 * 2) * 7", 0, 0]
				},
				"petal2": {
					"rotation": [0, 0, "-Math.sin((query.anim_time) * 90 * 2) * 7"]
				},
				"petal3": {
					"rotation": [0, 0, "Math.sin((query.anim_time) * 90 * 2) * 7"]
				},
				"petal4": {
					"rotation": ["-Math.sin((query.anim_time) * 90 * 2) * 7", 0, 0]
				}
			}
		},
		"animation.ludikappa.water_idle": {
			"loop": true,
			"bones": {
				"body": {
					"rotation": ["32.5+Math.sin((query.anim_time) * 90 * 2) * -2", 0, 0],
					"position": [0, "-4+Math.sin((query.anim_time-0.3) * 90 * 2) * -0.3", 0]
				},
				"torso": {
					"rotation": [20, 0, 0]
				},
				"head": {
					"rotation": ["-84.754+Math.sin((query.anim_time+0.2) * 90 * 2) * 2", 1.56235, 2.65993],
					"position": [0, 3.25, -1.75]
				},
				"right_arm4": {
					"rotation": [7.68903, "-43.6831+Math.sin((query.anim_time-0.2) * 90 * 2) * 4", -13.03586],
					"position": [1.25, 0, 0]
				},
				"right_arm5": {
					"rotation": [0, "-37.5+Math.sin((query.anim_time-0.4) * 90 * 2) * -4", 0]
				},
				"left_arm4": {
					"rotation": [-0.78421, "34.9427+Math.sin((query.anim_time-0.2) * 90 * 2) * -4", -3.36085],
					"position": [-0.75, 0, 0]
				},
				"left_arm5": {
					"rotation": [0, "37.5+Math.sin((query.anim_time-0.4) * 90 * 2) * 4", 0]
				},
				"leg_left": {
					"rotation": ["0+Math.sin((query.anim_time-0.6) * 90 * 2) * 6", 0, -15]
				},
				"foot_left": {
					"rotation": [27.5, 0, 0]
				},
				"leg_right": {
					"rotation": ["0+Math.sin((query.anim_time-0.6) * 90 * 2) * 6", 0, 15]
				},
				"foot_right": {
					"rotation": [27.5, 0, 0]
				},
				"right_arm": {
					"position": [0, 0, -1.5]
				},
				"left_arm": {
					"position": [0, 0, -1.5]
				},
				"neck1": {
					"rotation": [45, 0, 0],
					"position": [0, -0.5, 0.5]
				},
				"neck2": {
					"rotation": [-12.5, 0, 0],
					"position": [0, 0, -1.25]
				}
			}
		},
		"animation.ludikappa.water_swim": {
			"loop": true,
			"bones": {
				"body": {
					"rotation": ["32.5+Math.sin((query.anim_time) * 90 * 4) * 2", 0, 0],
					"position": [0, "-4+Math.sin((query.anim_time-0.3) * 90 * 4) * -0.3", "0+Math.sin((query.anim_time+0.05) * 90 * 4) * -1.3"]
				},
				"torso": {
					"rotation": [20, 0, 0]
				},
				"head": {
					"rotation": ["-84.754+Math.sin((query.anim_time+0.2) * 90 * 2) * 2", 1.56235, 2.65993],
					"position": [0, 3.25, -1.75]
				},
				"right_arm4": {
					"rotation": [7.68903, "-43.6831+Math.sin((query.anim_time-0.2) * 90 * 2) * 4", -13.03586],
					"position": [1.25, 0, 0]
				},
				"right_arm5": {
					"rotation": [0, "-12.5+Math.sin((query.anim_time-0.36) * 90 * 4) * -10", 0]
				},
				"left_arm4": {
					"rotation": [-0.78421, "34.9427+Math.sin((query.anim_time-0.2) * 90 * 2) * -4", -3.36085],
					"position": [-0.75, 0, 0]
				},
				"left_arm5": {
					"rotation": [0, "12.5+Math.sin((query.anim_time-0.36) * 90 * 4) * 10", 0]
				},
				"leg_left": {
					"rotation": ["47.5+Math.sin((query.anim_time-0.5) * 90 * 4) * 9", 0, -15]
				},
				"foot_left": {
					"rotation": [27.5, 0, 0]
				},
				"leg_right": {
					"rotation": ["47.5+Math.sin((query.anim_time-0.5) * 90 * 4) * 9", 0, 15]
				},
				"foot_right": {
					"rotation": [27.5, 0, 0]
				},
				"right_arm": {
					"rotation": [0, "Math.sin((query.anim_time-0.36) * 90 * 4) * 10", 0],
					"position": [0, 0, -1.5]
				},
				"left_arm": {
					"rotation": [0, "Math.sin((query.anim_time-0.36) * 90 * 4) * 10", 0],
					"position": [0, 0, -1.5]
				},
				"neck1": {
					"rotation": [45, 0, 0],
					"position": [0, -0.5, 0.5]
				},
				"neck2": {
					"rotation": [-12.5, 0, 0],
					"position": [0, 0, -1.25]
				}
			}
		},
		"animation.ludikappa.cry": {
			"animation_length": 1.5,
			"bones": {
				"head": {
					"rotation": {
						"0.0": {
							"post": [0, 0, 0],
							"lerp_mode": "catmullrom"
						},
						"0.0833": {
							"post": [1.67, 0, 0],
							"lerp_mode": "catmullrom"
						},
						"0.25": {
							"post": [-10, 0, 0],
							"lerp_mode": "catmullrom"
						},
						"1.1667": {
							"post": [-10, 0, 0],
							"lerp_mode": "catmullrom"
						},
						"1.3333": {
							"post": [6.67, 0, 0],
							"lerp_mode": "catmullrom"
						},
						"1.5": {
							"post": [0, 0, 0],
							"lerp_mode": "catmullrom"
						}
					}
				},
				"jaw": {
					"rotation": {
						"0.0": {
							"post": [0, 0, 0],
							"lerp_mode": "catmullrom"
						},
						"0.25": {
							"post": [35, 0, 0],
							"lerp_mode": "catmullrom"
						},
						"1.25": {
							"post": [35, 0, 0],
							"lerp_mode": "catmullrom"
						},
						"1.5": {
							"post": [0, 0, 0],
							"lerp_mode": "catmullrom"
						}
					}
				}
			},
			"sound_effects": {
				"0.15": {
					"effect": "pokemon.ludikappa.cry"
				}
			}
		},
		"animation.ludikappa.faint": {
			"loop": true,
			"animation_length": 3,
			"bones": {
				"body": {
					"rotation": {
						"0.0": [0, 0, 0],
						"0.2083": [7.5, 0, 0],
						"0.5417": [-1.62, 0, 0],
						"1.75": [0, 0, 0],
						"1.9167": [0.48, 0, 0],
						"2.0417": [11.55, 0, 0],
						"2.1667": [62.5, 0, 0]
					},
					"position": {
						"0.0": [0, 13.75, 0],
						"0.1667": [0, -1.1, 0],
						"0.25": [0, 1.67, 0.25],
						"0.3333": [0, 2, 0.96],
						"0.4167": [0, 1.5, 4],
						"0.4583": [0, -0.4, 4.9],
						"0.5": [0, -1.43, 5.265],
						"0.5417": [0, 0.47, 5.34],
						"0.5833": [0, -0.62, 5.415],
						"0.625": [0, -0.5, 5.5],
						"0.6667": [0, 0, 5.5],
						"0.8333": [0, -0.5, 5.5],
						"1.0417": [0, -0.34, 5.5],
						"1.2917": [0, -0.2, 5.5],
						"1.75": [0, 0.5, 5.5],
						"1.8333": [0, 0.4, 5.31],
						"1.9167": [0, 0.55, 5.11],
						"2.0833": [0, -0.41, 3.05],
						"2.1667": [0, -0.75, -2.5],
						"2.25": [0, -0.75, -4.25],
						"2.375": [0, -0.925, -4.75],
						"2.5": [0, -1, -5.25]
					}
				},
				"torso": {
					"rotation": {
						"0.0": ["Math.sin((query.anim_time-0.4) * 90 * 2) * 2", 0, 0],
						"0.2083": [31.67, 0, 0],
						"0.2917": [40, 0, 0],
						"0.375": [42.3, 0, 0],
						"0.4583": [35.28, 0, 0],
						"0.5": [37.69, 0, 0],
						"0.5833": [22.5, 0, 0],
						"0.6667": [14.5, 0, 0],
						"0.8333": [7, 0, 0],
						"1.0": [4.5, 0, 0],
						"1.1667": [14.5, 0, 0],
						"1.3333": [22, 0, 0],
						"1.6667": [27, 0, 0],
						"2.0": [22, 0, 0]
					},
					"position": {
						"0.0": [0, "0+Math.sin((query.anim_time) * 90 * 2) * 0.2", 0],
						"0.3333": [0, 0, 0],
						"0.4167": [0, 0.5, -1],
						"0.5417": [0, -0.5, -0.5],
						"0.625": [0, 0, 0],
						"1.0417": [0, 0, 0],
						"1.7917": [0, -0.5, 0],
						"2.0": [0, 0, 0]
					}
				},
				"head": {
					"rotation": {
						"0.0": ["-2.5+Math.sin((query.anim_time-0.2) * 90 * 2) * -3", 0, 0],
						"0.2083": [-24, 0, 0],
						"0.3333": [7.59, 0, 0],
						"0.4167": [14.17, 0, 0],
						"0.5": [16, 0, 0],
						"0.5833": [6.32, 0, 0],
						"0.7083": [-4.25, 0, 0],
						"0.7917": [-6.5, 0, 0],
						"0.875": [-1.75, 0, 0],
						"1.0": [11.5, 0, 0],
						"1.0833": [15.75, "0+Math.sin((query.anim_time) * 90 * 24) * 3", 0],
						"1.25": [20.14286, "0+Math.sin((query.anim_time) * 90 * 24) * 3", 0],
						"1.375": [22.25, "0+Math.sin((query.anim_time) * 90 * 24) * 3", 0],
						"1.5833": [23.65, "0+Math.sin((query.anim_time) * 90 * 24) * 1.5", 0],
						"1.7917": [23.75, 0, 0],
						"1.9167": [17.7, 0, 0],
						"2.0417": [-18.75, 0, 0],
						"2.125": [-81.25, 0, 0],
						"2.25": [-41.25, 0, 0],
						"2.375": [-53.75, 0, 0],
						"2.5417": [-58.75, 0, 0],
						"2.7917": [-56.25, 0, 0]
					},
					"position": {
						"2.0417": [0, 0, 0],
						"2.1667": [0, 1.5, 0]
					}
				},
				"eyelid_left": {
					"position": {
						"0.0": [0.125, 0, -0.175],
						"0.4167": [0.125, 0, -0.175],
						"0.4583": [0, 0, 0],
						"0.7917": [0, 0, 0],
						"0.8333": [0.125, 0, -0.175]
					}
				},
				"eyelid_right": {
					"position": {
						"0.0": [-0.125, 0, -0.175],
						"0.4167": [-0.125, 0, -0.175],
						"0.4583": [0, 0, 0],
						"0.7917": [0, 0, 0],
						"0.8333": [-0.125, 0, -0.175]
					}
				},
				"jaw": {
					"rotation": {
						"0.0": [0, 0, 0],
						"0.1667": [30, 0, 0],
						"0.375": [0, 0, 0],
						"0.625": [0, 0, 0],
						"0.9167": [12.5, 0, 0],
						"1.125": [35, 0, 0],
						"1.3333": [37.5, 0, 0],
						"1.7917": [35, 0, 0],
						"2.0417": [10, 0, 0],
						"2.125": [0, 0, 0]
					}
				},
				"right_arm4": {
					"rotation": {
						"0.0": [-0.15215, -0.02003, "-45-Math.sin((query.anim_time) * 90 * 2)"],
						"0.2083": [0, 0, 27.5],
						"0.375": [0, 0, 6],
						"0.4583": [0, 0, 17.5],
						"0.5417": [0, 0, -0.5],
						"0.625": [0, 0, -41],
						"0.7083": [-2.5, 0, -46.5],
						"0.7917": [-14.65993, -3.21132, -29.83681],
						"0.875": [-27.5, 0, -1],
						"0.9583": [-84.02833, -7.72127, 13.59665],
						"1.0833": [-83.37831, -7.17253, 18.33453],
						"1.7917": [-83.37831, -7.17253, 18.33453],
						"2.0": [-78.76649, 8.61678, 8.90664],
						"2.125": [-70.44045, 36.41238, 21.20411],
						"2.25": [-88.35521, -4.05768, 38.81511],
						"2.2917": [-88.28838, -16.55236, 38.44377],
						"2.375": [-88.34853, -2.55664, 38.7429],
						"2.4583": [-88.35292, 0.44274, 38.7863],
						"2.5417": [-88.34827, -0.80705, 38.77122],
						"2.625": [-88.3283, -11.05475, 38.6109],
						"2.7083": [-88.31232, -13.55368, 38.5359]
					},
					"position": {
						"0.0": [0, 0, 0],
						"0.2083": [0.75, 0, 0],
						"0.8333": [0, 0, 0],
						"1.0833": [0, -0.25, 0],
						"1.4167": [0.5, -0.59, 0.5],
						"1.7917": [0, 0, 0]
					}
				},
				"right_arm5": {
					"rotation": {
						"0.0": [0, 0, 0],
						"0.2083": [0, 2.5, 0],
						"0.2917": [0, -50, 0],
						"0.4583": [0, -44.17, 0],
						"0.6667": [0, -20, 0],
						"0.75": [0, -24.3, 0],
						"0.875": [0, -54, 0],
						"1.0417": [0, -57.5, 0],
						"1.4167": [0, -61.5, 0],
						"1.7917": [0, -62.5, 0],
						"1.9583": [0, -27.5, 0],
						"2.125": [0, -17.5, 0]
					}
				},
				"hand_right": {
					"position": {
						"0.875": [0, 0, 0],
						"1.0": [0.75, 0, 0],
						"1.5": [0, 0, 0]
					}
				},
				"left_arm4": {
					"rotation": {
						"0.0": [-0.15346, 0, "45+Math.sin((query.anim_time) * 90 * 2)"],
						"0.2083": [0, 0, -17.5],
						"0.375": [0, 0, -6],
						"0.4583": [0, 0, -17.5],
						"0.5417": [0, 0, 0.5],
						"0.625": [0, 0, 41],
						"0.7083": [-2.5, 0, 46.5],
						"0.7917": [-14.65993, 3.21132, 29.83681],
						"0.875": [-27.5, 0, 1],
						"0.9583": [-84.02833, 7.72127, -13.59665],
						"1.0833": [-83.37831, 7.17253, -18.33453],
						"1.7917": [-83.37831, 7.17253, -18.33453],
						"2.0": [-78.06766, -7.61222, -13.85432],
						"2.125": [-70.44045, -36.41238, -21.20411],
						"2.25": [-88.35521, 4.05768, -38.81511],
						"2.2917": [-88.28838, 16.55236, -38.44377],
						"2.375": [-88.34853, 2.55664, -38.7429],
						"2.4583": [-88.35292, -0.44274, -38.7863],
						"2.5417": [-88.34827, 0.80705, -38.77122],
						"2.625": [-88.3283, 11.05475, -38.6109],
						"2.7083": [-88.31232, 13.55368, -38.5359]
					},
					"position": {
						"0.8333": [0, 0, 0],
						"1.0833": [0, 0.5, 0],
						"1.4167": [0, 0.16, 0],
						"1.7917": [0, 0, 0]
					}
				},
				"left_arm5": {
					"rotation": {
						"0.0": [0, 0, 0],
						"0.2083": [0, -6.79, 0],
						"0.2917": [0, 50, 0],
						"0.4583": [0, 44.17, 0],
						"0.6667": [0, 20, 0],
						"0.75": [0, 24.3, 0],
						"0.875": [0, 54, 0],
						"1.0417": [0, 57.5, 0],
						"1.4167": [0, 61.5, 0],
						"1.7917": [0, 62.5, 0],
						"1.9583": [0, 27.5, 0],
						"2.125": [0, 17.5, 0]
					}
				},
				"hand_left": {
					"position": {
						"0.875": [0, 0, 0],
						"1.0": [-0.75, 0, 0],
						"1.5": [0, 0, 0]
					}
				},
				"leg_left": {
					"rotation": {
						"0.0": ["-30-Math.sin((query.anim_time) * 90 * 2) * 10", -15, 0],
						"0.25": [-19.25656, -11.86554, -30.48005],
						"0.3333": [-16.92511, -7.73077, -23.84808],
						"0.4583": [-17.5, 0, 0],
						"0.8333": [-10, 0, 0],
						"1.125": [-31.25564, -29.53661, 4.01825],
						"1.75": [-40.9502, -41.70738, 9.04107],
						"1.875": [-22.75, 0, 0],
						"2.0833": [47, 0, 0],
						"2.1667": [65, 0, 0],
						"2.25": [20.25, 0, 0],
						"2.3333": [42.5, 0, 0],
						"2.4167": [45, 0, 0],
						"2.5": [35.75, 0, 0],
						"2.6667": [22.75, 0, 0],
						"2.875": [20.25, 0, 0]
					},
					"position": {
						"0.0": [0.5, 1, -0.75],
						"0.25": [0, 1, 0],
						"0.4583": [0, 0, 0],
						"0.7083": [0, 0, 0]
					}
				},
				"foot_left": {
					"rotation": {
						"0.0": [35, 0, 0],
						"0.25": [57.5, 0, 0],
						"0.3333": [48.75, 0, 0],
						"0.4583": [15, 0, 0],
						"0.8333": [17.5, 0, 0],
						"1.75": [37.5, 0, 0],
						"1.875": [17.5, 0, 0],
						"2.0833": [40, 0, 0],
						"2.25": [35, 0, 0],
						"2.2917": [11.5, 0, 0],
						"2.4167": [16.5, 0, 0],
						"2.5417": [24, 0, 0],
						"2.75": [16.5, 0, 0]
					}
				},
				"leg_right": {
					"rotation": {
						"0.0": ["-30-Math.sin((query.anim_time) * 90 * 2) * 10", 15, 0],
						"0.25": [-17.5, 0, 0],
						"0.3333": [-19.25656, 11.86554, 30.48005],
						"0.4167": [-16.92511, 7.73077, 23.84808],
						"0.5417": [-17.5, 0, 0],
						"0.625": [-10, 0, 0],
						"0.8333": [-10, 0, 0],
						"1.125": [-31.25564, 29.53661, -4.01825],
						"1.75": [-40.9502, 41.70738, -9.04107],
						"1.875": [-22.75, 0, 0],
						"2.0833": [47, 0, 0],
						"2.1667": [65, 0, 0],
						"2.25": [20.25, 0, 0],
						"2.3333": [42.5, 0, 0],
						"2.4167": [45, 0, 0],
						"2.5": [35.75, 0, 0],
						"2.6667": [22.75, 0, 0],
						"2.875": [20.25, 0, 0]
					},
					"position": {
						"0.0": [-0.5, 1, -0.75],
						"0.3333": [0, 1, 0],
						"0.5417": [0, 0, 0]
					}
				},
				"foot_right": {
					"rotation": {
						"0.0": [35, 0, 0],
						"0.25": [15, 0, 0],
						"0.3333": [57.5, 0, 0],
						"0.4167": [48.75, 0, 0],
						"0.5417": [15, 0, 0],
						"0.625": [17.5, 0, 0],
						"0.8333": [17.5, 0, 0],
						"1.75": [37.5, 0, 0],
						"1.875": [17.5, 0, 0],
						"2.0833": [40, 0, 0],
						"2.25": [35, 0, 0],
						"2.2917": [11.5, 0, 0],
						"2.4167": [16.5, 0, 0],
						"2.5417": [24, 0, 0],
						"2.75": [16.5, 0, 0]
					}
				},
				"right_arm": {
					"rotation": {
						"0.0": [0, 0, "-45+Math.sin((query.anim_time) * 90 * 2)"],
						"0.2083": [0, 0, "17.5+Math.sin((query.anim_time) * 90 * 2)"]
					},
					"position": {
						"0.0": [0, 0, 0],
						"0.2083": [0.5, -1, -2.25],
						"0.625": [0.5, -1, -1.5],
						"1.1667": [0.5, -1, -0.75],
						"1.7917": [0.5, -1, -2.25]
					}
				},
				"left_arm": {
					"rotation": {
						"0.0": [0, 0, "45-Math.sin((query.anim_time) * 90 * 2)"],
						"0.2083": [30, 0, "-10-Math.sin((query.anim_time) * 90 * 2)"]
					},
					"position": {
						"0.0": [0, 0, 0],
						"0.2083": [-0.25, -0.5, -2.75]
					}
				},
				"neck1": {
					"rotation": {
						"0.0": ["-Math.sin((query.anim_time) * 90 * 2) * 2", 0, 0],
						"2.5": ["2.5-Math.sin((query.anim_time) * 90 * 2) * 2", 0, 0]
					}
				},
				"neck2": {
					"rotation": ["-Math.sin((query.anim_time) * 90 * 2)", 0, 0]
				},
				"tail": {
					"rotation": ["-Math.sin((query.anim_time) * 90 * 2) * 10", 0, 0]
				},
				"petal": {
					"rotation": ["Math.sin((query.anim_time) * 90 * 2) * 7", 0, 0]
				},
				"petal2": {
					"rotation": [0, 0, "-Math.sin((query.anim_time) * 90 * 2) * 7"]
				},
				"petal3": {
					"rotation": [0, 0, "Math.sin((query.anim_time) * 90 * 2) * 7"]
				},
				"petal4": {
					"rotation": ["-Math.sin((query.anim_time) * 90 * 2) * 7", 0, 0]
				},
				"pollen": {
					"rotation": ["Math.sin((query.anim_time) * 90 * 2) * 11", 0, 0]
				}
			}
		},
		"animation.ludikappa.sleep": {
			"loop": true,
			"bones": {
				"body": {
					"rotation": [90, 0, 0],
					"position": [0, -2, 5]
				},
				"torso": {
					"rotation": ["0+Math.cos((query.anim_time) * 90 * 1) * 1", 0, 0]
				},
				"head": {
					"rotation": ["-88.6222+Math.cos((query.anim_time-0.4) * 90 * 1) * -1", 0.78192, 18.95647],
					"position": [1.25, 1.75, -1.25]
				},
				"eyelid_left": {
					"position": [0.125, 0, -0.125]
				},
				"eyelid_right": {
					"position": [-0.125, 0, -0.125]
				},
				"right_arm4": {
					"rotation": [-90, 0, 50],
					"position": [1, 0, "0+Math.cos((query.anim_time) * 90 * 1) * 0.2"]
				},
				"right_arm5": {
					"rotation": [0, -40, 0]
				},
				"left_arm4": {
					"rotation": [-90, 0, -50],
					"position": [-1, 0, "0+Math.cos((query.anim_time) * 90 * 1) * 0.2"]
				},
				"left_arm5": {
					"rotation": [0, 25, 0]
				},
				"leg_left": {
					"rotation": [0, -42.5, -7.5]
				},
				"foot_left": {
					"rotation": [22.5, 0, 0]
				},
				"leg_right": {
					"rotation": [0, 0, 32.5]
				},
				"foot_right": {
					"rotation": [30, 0, 0]
				},
				"tail": {
					"rotation": ["-Math.sin((query.anim_time) * 90 * 4) * 1", "-Math.sin((query.anim_time) * 360 * 1)", 0]
				},
				"petal": {
					"rotation": ["Math.sin((query.anim_time) * 90 * 2) * 1", 0, 0]
				},
				"petal2": {
					"rotation": [0, 0, "-Math.sin((query.anim_time) * 90 * 2) * 1"]
				},
				"petal3": {
					"rotation": [0, 0, "Math.sin((query.anim_time) * 90 * 2) * 1"]
				},
				"petal4": {
					"rotation": ["-Math.sin((query.anim_time) * 90 * 2) * 1", 0, 0]
				},
				"pollen": {
					"rotation": ["Math.sin((query.anim_time) * 90 * 2) * 1", 0, 0]
				}
			}
		},
		"animation.ludikappa.blink": {
			"animation_length": 0.16667,
			"bones": {
				"eyelid_left": {
					"position": {
						"0.0": [0.1, 0, -0.1],
						"0.125": [0.1, 0, -0.1],
						"0.1667": [0, 0, 0]
					}
				},
				"eyelid_right": {
					"position": {
						"0.0": [-0.1, 0, -0.1],
						"0.125": [-0.1, 0, -0.1],
						"0.1667": [0, 0, 0]
					}
				}
			}
		}
	}
}