{
	"format_version": "1.8.0",
	"animations": {
		"animation.mortaraid.pose": {
			"loop": true
		},
		"animation.mortaraid.ground_idle": {
			"loop": true,
			"bones": {
				"torso": {
					"rotation": ["-0.0325+0.521*math.cos(q.anim_time*90*2-30)*1", "0.75*math.cos(q.anim_time*90*2-30)*1", "-1*math.cos(q.anim_time*90*2-30)*1"],
					"position": [0, "-0.4*math.cos(q.anim_time*90*2)*1", 0]
				},
				"chest": {
					"rotation": ["1*math.cos(q.anim_time*90*2-30)*1", 0, 0]
				},
				"neck1": {
					"rotation": ["0.25*math.cos(q.anim_time*90*2-150)*1", "-0.5*math.cos(q.anim_time*90*2-30)*1", 0]
				},
				"neck2": {
					"rotation": ["-2.5+1*math.cos(q.anim_time*90*2-180)*1", 0, 0]
				},
				"neck3": {
					"rotation": ["-2.5+1*math.cos(q.anim_time*90*2-210)*1", 0, 0]
				},
				"neck4": {
					"rotation": ["-2.5+1*math.cos(q.anim_time*90*2-240)*1", 0, 0]
				},
				"head": {
					"rotation": ["5+1*math.cos(q.anim_time*90*2-240)*1", 0, 0]
				},
				"ear_left": {
					"rotation": ["-1*math.sin(q.anim_time*90*2)*3", 0, "1*math.sin(q.anim_time*90*2)*3"]
				},
				"ear_left2": {
					"rotation": [0, 0, "1*math.sin(q.anim_time*90*2)*3"]
				},
				"ear_left3": {
					"rotation": [0, 0, "1*math.sin(q.anim_time*90*2)*4"]
				},
				"ear_left4": {
					"rotation": [0, 0, "1*math.sin(q.anim_time*90*2)*5"]
				},
				"ear_right": {
					"rotation": ["-1*math.sin(q.anim_time*90*2)*3", 0, "-1*math.sin(q.anim_time*90*2)*3"]
				},
				"ear_right2": {
					"rotation": [0, 0, "-1*math.sin(q.anim_time*90*2)*3"]
				},
				"ear_right3": {
					"rotation": [0, 0, "-1*math.sin(q.anim_time*90*2)*4"]
				},
				"ear_right4": {
					"rotation": [0, 0, "-1*math.sin(q.anim_time*90*2)*5"]
				},
				"tail": {
					"rotation": ["-1*math.sin(q.anim_time*90*2)*3", 0, 0]
				},
				"tail_bottom": {
					"rotation": ["-1*math.sin(q.anim_time*90*2)*3", 0, 0]
				},
				"tail_bottom2": {
					"rotation": ["-1*math.sin(q.anim_time*90*2)*3", 0, 0]
				},
				"tail_bottom3": {
					"rotation": ["-1*math.sin(q.anim_time*90*2)*3", 0, 0]
				},
				"tail_top": {
					"rotation": ["-1*math.sin(q.anim_time*90*2)*3", 0, 0]
				},
				"tail_top2": {
					"rotation": ["-1*math.sin(q.anim_time*90*2)*3", 0, 0]
				},
				"leg_back_left1": {
					"rotation": ["5+2*math.cos(q.anim_time*90*2-30)*1", 0, 0],
					"position": [0, "-0.2*math.cos(q.anim_time*90*2-30)*1", "-0.17*math.cos(q.anim_time*90*2-30)*1"]
				},
				"leg_back_left2": {
					"rotation": ["-12.5-3*math.cos(q.anim_time*90*2-30)*1", 0, 0]
				},
				"foot_back_left": {
					"rotation": ["7.5+1*math.cos(q.anim_time*90*2-30)*1", 0, 0]
				},
				"leg_front_left1": {
					"rotation": ["6.25+2*math.cos(q.anim_time*90*2-30)*1", 0, 0]
				},
				"leg_front_left2": {
					"rotation": ["-12.5-4*math.cos(q.anim_time*90*2-30)*1", 0, 0]
				},
				"foot_front_left": {
					"rotation": ["6.25+2*math.cos(q.anim_time*90*2-30)*1", 0, 0],
					"position": [0, "-0.075-0.26*math.cos(q.anim_time*90*2-30)*1", "0.07*math.cos(q.anim_time*90*2-30)*1"]
				},
				"leg_front_right1": {
					"rotation": ["6.25+2*math.cos(q.anim_time*90*2-30)*1", 0, 0],
					"position": [0, "-0.075-0.26*math.cos(q.anim_time*90*2-30)*1", "0.07*math.cos(q.anim_time*90*2-30)*1"]
				},
				"leg_front_right2": {
					"rotation": ["-12.5-4*math.cos(q.anim_time*90*2-30)*1", 0, 0]
				},
				"foot_front_right": {
					"rotation": ["6.25+2*math.cos(q.anim_time*90*2-30)*1", 0, 0]
				},
				"leg_back_right1": {
					"rotation": ["5+2*math.cos(q.anim_time*90*2-30)*1", 0, 0],
					"position": [0, "-0.2*math.cos(q.anim_time*90*2-30)*1", "-0.17*math.cos(q.anim_time*90*2-30)*1"]
				},
				"leg_back_right2": {
					"rotation": ["-12.5-3*math.cos(q.anim_time*90*2-30)*1", 0, 0]
				},
				"foot_back_right": {
					"rotation": ["7.5+1*math.cos(q.anim_time*90*2-30)*1", 0, 0]
				},
				"dust": {
					"position": [0, -7, 0],
					"scale": 0
				},
				"dust2": {
					"position": [0, -7, 0],
					"scale": 0
				},
				"dust3": {
					"position": [0, -7, 0],
					"scale": 0
				},
				"snout": {
					"rotation": ["2.5-1*math.cos(q.anim_time*90*2-240)*1", 0, 0]
				},
				"nose": {
					"rotation": ["2.5-1*math.cos(q.anim_time*90*2-240)*1", 0, 0]
				},
				"mouth": {
					"rotation": [-2.5, 0, 0]
				},
				"body": {
					"position": [0, -0.75, 0]
				}
			}
		},
		"animation.mortaraid.ground_walk": {
			"loop": true,
			"animation_length": 2,
			"bones": {
				"body": {
					"position": [0, -0.75, 0]
				},
				"torso": {
					"rotation": ["-0.0325+0.521*math.cos(q.anim_time*90*4-30)*1", "0.75*math.cos(q.anim_time*90*2)*1", "-1*math.cos(q.anim_time*90*2)*1"],
					"position": [0, "-0.4*math.cos(q.anim_time*90*4+30)*1", 0]
				},
				"chest": {
					"rotation": ["1*math.cos(q.anim_time*90*4-120)*1", 0, 0]
				},
				"neck1": {
					"rotation": ["0.25*math.cos(q.anim_time*90*4-150)*1", "-0.5*math.cos(q.anim_time*90*2)*1", 0]
				},
				"neck2": {
					"rotation": ["-2.5+1*math.cos(q.anim_time*90*4-180)*1", 0, 0]
				},
				"neck3": {
					"rotation": ["-2.5+1*math.cos(q.anim_time*90*4-210)*1", 0, 0]
				},
				"neck4": {
					"rotation": ["-2.5+1*math.cos(q.anim_time*90*4-240)*1", 0, 0]
				},
				"head": {
					"rotation": ["5+1*math.cos(q.anim_time*90*4-240)*1", 0, 0]
				},
				"ear_left": {
					"rotation": ["-1*math.sin(q.anim_time*90*4-240)*6", 0, "1*math.sin(q.anim_time*90*2)*3"]
				},
				"ear_left2": {
					"rotation": [0, 0, "1*math.sin(q.anim_time*90*2)*3"]
				},
				"ear_left3": {
					"rotation": [0, 0, "1*math.sin(q.anim_time*90*2)*4"]
				},
				"ear_left4": {
					"rotation": [0, 0, "1*math.sin(q.anim_time*90*2)*5"]
				},
				"ear_right": {
					"rotation": ["-1*math.sin(q.anim_time*90*4-240)*6", 0, "-1*math.sin(q.anim_time*90*2)*3"]
				},
				"ear_right2": {
					"rotation": [0, 0, "-1*math.sin(q.anim_time*90*2)*3"]
				},
				"ear_right3": {
					"rotation": [0, 0, "-1*math.sin(q.anim_time*90*2)*4"]
				},
				"ear_right4": {
					"rotation": [0, 0, "-1*math.sin(q.anim_time*90*2)*5"]
				},
				"tail": {
					"rotation": ["-1*math.sin(q.anim_time*90*2)*3", 0, 0]
				},
				"tail_bottom": {
					"rotation": ["-1*math.sin(q.anim_time*90*2)*3", 0, 0]
				},
				"tail_bottom2": {
					"rotation": ["-1*math.sin(q.anim_time*90*2)*3", 0, 0]
				},
				"tail_bottom3": {
					"rotation": ["-1*math.sin(q.anim_time*90*2)*3", 0, 0]
				},
				"tail_top": {
					"rotation": ["-1*math.sin(q.anim_time*90*2)*3", 0, 0]
				},
				"tail_top2": {
					"rotation": ["-1*math.sin(q.anim_time*90*2)*3", 0, 0]
				},
				"leg_back_left1": {
					"rotation": {
						"0.0": [11.78, 0, 0],
						"0.3333": [20.5, 0, 0],
						"0.5417": {
							"pre": [21.44, 0, 0],
							"post": [21.44, 0, 0],
							"lerp_mode": "catmullrom"
						},
						"0.7083": {
							"post": [13.06, 0, 0],
							"lerp_mode": "catmullrom"
						},
						"1.125": {
							"post": [-10.09, 0, 0],
							"lerp_mode": "catmullrom"
						},
						"1.3333": [-8.5, 0, 0],
						"1.5833": [0.25, 0, 0],
						"2.0": [11.78, 0, 0]
					},
					"position": {
						"0.0": [0, -0.8, -0.22],
						"0.3333": [0, -1.35, 0.425],
						"0.5417": {
							"pre": [0, 0.77, 0.06],
							"post": [0, 0.77, 0.06],
							"lerp_mode": "catmullrom"
						},
						"0.8333": {
							"post": [0, 1.54, -0.24],
							"lerp_mode": "catmullrom"
						},
						"1.125": {
							"post": [0, 0.67, -0.47],
							"lerp_mode": "catmullrom"
						},
						"1.3333": [0, -1.22, -0.72],
						"1.5833": [0, -0.8, -0.88],
						"2.0": [0, -0.8, -0.22]
					}
				},
				"leg_back_left2": {
					"rotation": {
						"0.0": [-22.08, 0, 0],
						"0.3333": [-22, 0, 0],
						"0.5417": {
							"pre": [-14.55, 0, 0],
							"post": [-14.55, 0, 0],
							"lerp_mode": "catmullrom"
						},
						"0.875": {
							"post": [-22.37, 0, 0],
							"lerp_mode": "catmullrom"
						},
						"1.125": {
							"post": [-15.27, 0, 0],
							"lerp_mode": "catmullrom"
						},
						"1.3333": [-22.25, 0, 0],
						"1.5833": [-22.19, 0, 0],
						"2.0": [-22.08, 0, 0]
					}
				},
				"foot_back_left": {
					"rotation": {
						"0.0": [9.56, 0, 0],
						"0.3333": {
							"pre": [2, 0, 0],
							"post": [2, 0, 0],
							"lerp_mode": "catmullrom"
						},
						"0.6667": {
							"post": [18.88, 0, 0],
							"lerp_mode": "catmullrom"
						},
						"1.125": {
							"post": [11.08, 0, 0],
							"lerp_mode": "catmullrom"
						},
						"1.3333": [30.5, 0, 0],
						"1.5833": [21.5, 0, 0],
						"2.0": [9.56, 0, 0]
					}
				},
				"leg_front_left1": {
					"rotation": {
						"0.0": [-12.5, 0, 0],
						"1.0": [16.5, 0, 0],
						"1.3333": {
							"pre": [24.16, 0, 0],
							"post": [24.16, 0, 0],
							"lerp_mode": "catmullrom"
						},
						"1.75": {
							"post": [8.65, 0, 0],
							"lerp_mode": "catmullrom"
						},
						"2.0": [-12.5, 0, 0]
					},
					"position": {
						"0.0": [0, -0.475, -2.725],
						"0.25": {
							"pre": [0, -0.28, -1.83],
							"post": [0, -0.28, -1.83],
							"lerp_mode": "catmullrom"
						},
						"0.75": {
							"post": [0, -0.205, -0.04],
							"lerp_mode": "catmullrom"
						},
						"1.0": [0, -0.47, 0.855],
						"1.2083": {
							"pre": [0, 0.255, 0.43],
							"post": [0, 0.255, 0.43],
							"lerp_mode": "catmullrom"
						},
						"1.5": {
							"post": [0, 1.605, -0.93],
							"lerp_mode": "catmullrom"
						},
						"1.6667": {
							"post": [0, 1.27, -1.6],
							"lerp_mode": "catmullrom"
						},
						"2.0": [0, -0.475, -2.725]
					}
				},
				"leg_front_left2": {
					"rotation": {
						"0.0": [-7.5, 0, 0],
						"1.0": [-18.25, 0, 0],
						"1.2083": {
							"pre": [-16.12, 0, 0],
							"post": [-16.12, 0, 0],
							"lerp_mode": "catmullrom"
						},
						"1.75": {
							"post": [-31.68, 0, 0],
							"lerp_mode": "catmullrom"
						},
						"2.0": [-7.5, 0, 0]
					}
				},
				"foot_front_left": {
					"rotation": {
						"0.0": [19, 0, 0],
						"1.0": [1.25, 0, 0],
						"1.25": {
							"pre": [11.39, 0, 0],
							"post": [11.39, 0, 0],
							"lerp_mode": "catmullrom"
						},
						"1.4167": {
							"post": [16.59, 0, 0],
							"lerp_mode": "catmullrom"
						},
						"1.7083": {
							"post": [5.99, 0, 0],
							"lerp_mode": "catmullrom"
						},
						"1.875": {
							"post": [5.17, 0, 0],
							"lerp_mode": "catmullrom"
						},
						"2.0": [19, 0, 0]
					}
				},
				"leg_front_right1": {
					"rotation": {
						"0.0": [16.5, 0, 0],
						"0.3333": {
							"pre": [24.16, 0, 0],
							"post": [24.16, 0, 0],
							"lerp_mode": "catmullrom"
						},
						"0.75": {
							"post": [8.65, 0, 0],
							"lerp_mode": "catmullrom"
						},
						"1.0": [-12.5, 0, 0],
						"2.0": [16.5, 0, 0]
					},
					"position": {
						"0.0": [0, -0.47, 0.855],
						"0.2083": {
							"pre": [0, 0.255, 0.43],
							"post": [0, 0.255, 0.43],
							"lerp_mode": "catmullrom"
						},
						"0.5": {
							"post": [0, 1.605, -0.93],
							"lerp_mode": "catmullrom"
						},
						"0.6667": {
							"post": [0, 1.27, -1.6],
							"lerp_mode": "catmullrom"
						},
						"1.0": [0, -0.475, -2.725],
						"1.25": {
							"pre": [0, -0.28, -1.83],
							"post": [0, -0.28, -1.83],
							"lerp_mode": "catmullrom"
						},
						"1.75": {
							"post": [0, -0.205, -0.04],
							"lerp_mode": "catmullrom"
						},
						"2.0": [0, -0.47, 0.855]
					}
				},
				"leg_front_right2": {
					"rotation": {
						"0.0": [-18.25, 0, 0],
						"0.2083": {
							"pre": [-16.12, 0, 0],
							"post": [-16.12, 0, 0],
							"lerp_mode": "catmullrom"
						},
						"0.75": {
							"post": [-31.68, 0, 0],
							"lerp_mode": "catmullrom"
						},
						"1.0": [-7.5, 0, 0],
						"2.0": [-18.25, 0, 0]
					}
				},
				"foot_front_right": {
					"rotation": {
						"0.0": [1.25, 0, 0],
						"0.25": {
							"pre": [11.39, 0, 0],
							"post": [11.39, 0, 0],
							"lerp_mode": "catmullrom"
						},
						"0.4167": {
							"post": [16.59, 0, 0],
							"lerp_mode": "catmullrom"
						},
						"0.7083": {
							"post": [5.99, 0, 0],
							"lerp_mode": "catmullrom"
						},
						"0.875": {
							"post": [5.17, 0, 0],
							"lerp_mode": "catmullrom"
						},
						"1.0": [19, 0, 0],
						"2.0": [1.25, 0, 0]
					}
				},
				"leg_back_right1": {
					"rotation": {
						"0.0": {
							"post": [-4.5, 0, 0],
							"lerp_mode": "catmullrom"
						},
						"0.125": {
							"post": [-10.09, 0, 0],
							"lerp_mode": "catmullrom"
						},
						"0.3333": [-8.5, 0, 0],
						"0.5833": [0.25, 0, 0],
						"1.0": [11.78, 0, 0],
						"1.3333": [20.5, 0, 0],
						"1.5417": {
							"pre": [21.44, 0, 0],
							"post": [21.44, 0, 0],
							"lerp_mode": "catmullrom"
						},
						"1.7083": {
							"post": [13.06, 0, 0],
							"lerp_mode": "catmullrom"
						},
						"2.0": [-4.5, 0, 0]
					},
					"position": {
						"0.0": {
							"post": [0, 1.2, -0.37],
							"lerp_mode": "catmullrom"
						},
						"0.125": {
							"post": [0, 0.67, -0.47],
							"lerp_mode": "catmullrom"
						},
						"0.3333": [0, -1.22, -0.72],
						"0.5833": [0, -0.8, -0.88],
						"1.0": [0, -0.8, -0.22],
						"1.3333": [0, -1.35, 0.425],
						"1.5417": {
							"pre": [0, 0.77, 0.06],
							"post": [0, 0.77, 0.06],
							"lerp_mode": "catmullrom"
						},
						"1.8333": {
							"post": [0, 1.54, -0.24],
							"lerp_mode": "catmullrom"
						},
						"2.0": [0, 1.2, -0.37]
					}
				},
				"leg_back_right2": {
					"rotation": {
						"0.0": {
							"post": [-18.87, 0, 0],
							"lerp_mode": "catmullrom"
						},
						"0.125": {
							"post": [-15.27, 0, 0],
							"lerp_mode": "catmullrom"
						},
						"0.3333": [-22.25, 0, 0],
						"0.5833": [-22.19, 0, 0],
						"1.0": [-22.08, 0, 0],
						"1.3333": [-22, 0, 0],
						"1.5417": {
							"pre": [-14.55, 0, 0],
							"post": [-14.55, 0, 0],
							"lerp_mode": "catmullrom"
						},
						"1.875": {
							"post": [-22.37, 0, 0],
							"lerp_mode": "catmullrom"
						},
						"2.0": [-18.87, 0, 0]
					}
				},
				"foot_back_right": {
					"rotation": {
						"0.0": {
							"post": [11.91, 0, 0],
							"lerp_mode": "catmullrom"
						},
						"0.125": {
							"post": [11.08, 0, 0],
							"lerp_mode": "catmullrom"
						},
						"0.3333": [30.5, 0, 0],
						"0.5833": [21.5, 0, 0],
						"1.0": [9.56, 0, 0],
						"1.3333": {
							"pre": [2, 0, 0],
							"post": [2, 0, 0],
							"lerp_mode": "catmullrom"
						},
						"1.6667": {
							"post": [18.88, 0, 0],
							"lerp_mode": "catmullrom"
						},
						"2.0": [11.91, 0, 0]
					}
				},
				"dust": {
					"position": [0, -7, 0],
					"scale": 0
				},
				"dust2": {
					"position": [0, -7, 0],
					"scale": 0
				},
				"dust3": {
					"position": [0, -7, 0],
					"scale": 0
				},
				"snout": {
					"rotation": ["2.5-1*math.cos(q.anim_time*90*4-240)*1", 0, 0]
				},
				"nose": {
					"rotation": ["2.5-1*math.cos(q.anim_time*90*4-240)*1", 0, 0]
				},
				"mouth": {
					"rotation": [-2.5, 0, 0]
				}
			}
		},
		"animation.mortaraid.water_idle": {
			"loop": true,
			"bones": {
				"chest": {
					"rotation": ["1*math.cos(q.anim_time*90*2-30)*1", 0, 0]
				},
				"neck1": {
					"rotation": ["0.25*math.cos(q.anim_time*90*2-150)*1", "-0.5*math.cos(q.anim_time*90*2-30)*1", 0]
				},
				"neck2": {
					"rotation": ["-2.5+1*math.cos(q.anim_time*90*2-180)*1", 0, 0]
				},
				"neck3": {
					"rotation": ["-2.5+1*math.cos(q.anim_time*90*2-210)*1", 0, 0]
				},
				"neck4": {
					"rotation": ["-2.5+1*math.cos(q.anim_time*90*2-240)*1", 0, 0]
				},
				"head": {
					"rotation": ["5+1*math.cos(q.anim_time*90*2-240)*1", 0, 0]
				},
				"ear_left": {
					"rotation": ["-1*math.sin(q.anim_time*90*2)*3", 0, "1*math.sin(q.anim_time*90*2)*3"]
				},
				"ear_left2": {
					"rotation": [0, 0, "1*math.sin(q.anim_time*90*2)*3"]
				},
				"ear_left3": {
					"rotation": [0, 0, "1*math.sin(q.anim_time*90*2)*4"]
				},
				"ear_left4": {
					"rotation": [0, 0, "1*math.sin(q.anim_time*90*2)*5"]
				},
				"ear_right": {
					"rotation": ["-1*math.sin(q.anim_time*90*2)*3", 0, "-1*math.sin(q.anim_time*90*2)*3"]
				},
				"ear_right2": {
					"rotation": [0, 0, "-1*math.sin(q.anim_time*90*2)*3"]
				},
				"ear_right3": {
					"rotation": [0, 0, "-1*math.sin(q.anim_time*90*2)*4"]
				},
				"ear_right4": {
					"rotation": [0, 0, "-1*math.sin(q.anim_time*90*2)*5"]
				},
				"tail": {
					"rotation": ["-1*math.sin(q.anim_time*90*2)*3", 0, 0]
				},
				"tail_bottom": {
					"rotation": ["-1*math.sin(q.anim_time*90*2)*3", 0, 0]
				},
				"tail_bottom2": {
					"rotation": ["-1*math.sin(q.anim_time*90*2)*3", 0, 0]
				},
				"tail_bottom3": {
					"rotation": ["-1*math.sin(q.anim_time*90*2)*3", 0, 0]
				},
				"tail_top": {
					"rotation": ["-1*math.sin(q.anim_time*90*2)*3", 0, 0]
				},
				"tail_top2": {
					"rotation": ["-1*math.sin(q.anim_time*90*2)*3", 0, 0]
				},
				"leg_back_left1": {
					"rotation": ["5-2*math.cos(q.anim_time*90*2)*8", 0, 0],
					"position": [0, "-0.2*math.cos(q.anim_time*90*2-30)*1", "-0.17*math.cos(q.anim_time*90*2-30)*1"]
				},
				"leg_back_left2": {
					"rotation": ["-12.5+3*math.cos(q.anim_time*90*2)*2", 0, 0]
				},
				"foot_back_left": {
					"rotation": ["7.5-1*math.cos(q.anim_time*90*2)*12", 0, 0]
				},
				"leg_front_left1": {
					"rotation": ["6.25+2*math.cos(q.anim_time*90*2)*8", 0, 0]
				},
				"leg_front_left2": {
					"rotation": ["-12.5-4*math.cos(q.anim_time*90*2)*2", 0, 0]
				},
				"foot_front_left": {
					"rotation": ["6.25+2*math.cos(q.anim_time*90*2)*12", 0, 0],
					"position": [0, "-0.075-0.26*math.cos(q.anim_time*90*2-30)*1", "0.07*math.cos(q.anim_time*90*2-30)*1"]
				},
				"leg_front_right1": {
					"rotation": ["6.25-2*math.cos(q.anim_time*90*2)*8", 0, 0],
					"position": [0, "-0.075-0.26*math.cos(q.anim_time*90*2-30)*1", "0.07*math.cos(q.anim_time*90*2-30)*1"]
				},
				"leg_front_right2": {
					"rotation": ["-12.5+4*math.cos(q.anim_time*90*2)*2", 0, 0]
				},
				"foot_front_right": {
					"rotation": ["6.25-2*math.cos(q.anim_time*90*2)*12", 0, 0]
				},
				"leg_back_right1": {
					"rotation": ["5+2*math.cos(q.anim_time*90*2)*8", 0, 0],
					"position": [0, "-0.2*math.cos(q.anim_time*90*2-30)*1", "-0.17*math.cos(q.anim_time*90*2-30)*1"]
				},
				"leg_back_right2": {
					"rotation": ["-12.5-3*math.cos(q.anim_time*90*2)*2", 0, 0]
				},
				"foot_back_right": {
					"rotation": ["7.5+1*math.cos(q.anim_time*90*2)*12", 0, 0]
				},
				"dust": {
					"position": [0, -7, 0],
					"scale": 0
				},
				"dust2": {
					"position": [0, -7, 0],
					"scale": 0
				},
				"dust3": {
					"position": [0, -7, 0],
					"scale": 0
				},
				"snout": {
					"rotation": ["2.5-1*math.cos(q.anim_time*90*2-240)*1", 0, 0]
				},
				"nose": {
					"rotation": ["2.5-1*math.cos(q.anim_time*90*2-240)*1", 0, 0]
				},
				"mouth": {
					"rotation": [-2.5, 0, 0]
				},
				"body": {
					"rotation": ["-0.0325+0.521*math.cos(q.anim_time*90*2-30)*1", "0.75*math.cos(q.anim_time*90*2-30)*1", "-1*math.cos(q.anim_time*90*2-30)*1"],
					"position": [0, "-26-0.4*math.cos(q.anim_time*90*2)*2", 0]
				}
			}
		},
		"animation.mortaraid.water_swim": {
			"loop": true,
			"animation_length": 2,
			"bones": {
				"body": {
					"rotation": ["-0.0325+0.521*math.cos(q.anim_time*90*2-30)*1", "0.75*math.cos(q.anim_time*90*2-30)*1", "-1*math.cos(q.anim_time*90*2-30)*1"],
					"position": [0, "-26-0.4*math.cos(q.anim_time*90*4)*2", 0]
				},
				"torso": {
					"rotation": ["-0.0325+0.521*math.cos(q.anim_time*90*4-30)*1", "0.75*math.cos(q.anim_time*90*2)*1", "-1*math.cos(q.anim_time*90*2)*1"],
					"position": [0, "-0.4*math.cos(q.anim_time*90*4+30)*1", 0]
				},
				"chest": {
					"rotation": ["1*math.cos(q.anim_time*90*4-120)*1", 0, 0]
				},
				"neck1": {
					"rotation": ["2.5+0.25*math.cos(q.anim_time*90*4-150)*1", "0-0.5*math.cos(q.anim_time*90*2)*1", 0]
				},
				"neck2": {
					"rotation": ["5+1*math.cos(q.anim_time*90*4-180)*1", 0, 0]
				},
				"neck3": {
					"rotation": ["2.5+1*math.cos(q.anim_time*90*4-210)*1", 0, 0]
				},
				"neck4": {
					"rotation": ["2.5+1*math.cos(q.anim_time*90*4-240)*1", 0, 0]
				},
				"head": {
					"rotation": ["-5+1*math.cos(q.anim_time*90*4-240)*1", 0, 0]
				},
				"ear_left": {
					"rotation": ["-1*math.sin(q.anim_time*90*4-240)*6", 0, "1*math.sin(q.anim_time*90*2)*3"]
				},
				"ear_left2": {
					"rotation": [0, 0, "1*math.sin(q.anim_time*90*2)*3"]
				},
				"ear_left3": {
					"rotation": [0, 0, "1*math.sin(q.anim_time*90*2)*4"]
				},
				"ear_left4": {
					"rotation": [0, 0, "1*math.sin(q.anim_time*90*2)*5"]
				},
				"ear_right": {
					"rotation": ["-1*math.sin(q.anim_time*90*4-240)*6", 0, "-1*math.sin(q.anim_time*90*2)*3"]
				},
				"ear_right2": {
					"rotation": [0, 0, "-1*math.sin(q.anim_time*90*2)*3"]
				},
				"ear_right3": {
					"rotation": [0, 0, "-1*math.sin(q.anim_time*90*2)*4"]
				},
				"ear_right4": {
					"rotation": [0, 0, "-1*math.sin(q.anim_time*90*2)*5"]
				},
				"tail": {
					"rotation": ["-1*math.sin(q.anim_time*90*2)*3", 0, 0]
				},
				"tail_bottom": {
					"rotation": ["-1*math.sin(q.anim_time*90*2)*3", 0, 0]
				},
				"tail_bottom2": {
					"rotation": ["-1*math.sin(q.anim_time*90*2)*3", 0, 0]
				},
				"tail_bottom3": {
					"rotation": ["-1*math.sin(q.anim_time*90*2)*3", 0, 0]
				},
				"tail_top": {
					"rotation": ["-1*math.sin(q.anim_time*90*2)*3", 0, 0]
				},
				"tail_top2": {
					"rotation": ["-1*math.sin(q.anim_time*90*2)*3", 0, 0]
				},
				"leg_back_left1": {
					"rotation": ["5-2*math.cos(q.anim_time*90*4)*12", 0, 0],
					"position": [0, "-0.2*math.cos(q.anim_time*90*2-30)*1", "-0.17*math.cos(q.anim_time*90*2-30)*1"]
				},
				"leg_back_left2": {
					"rotation": ["-12.5+3*math.cos(q.anim_time*90*4)*4", 0, 0]
				},
				"foot_back_left": {
					"rotation": ["7.5-1*math.cos(q.anim_time*90*4)*12", 0, 0]
				},
				"leg_front_left1": {
					"rotation": ["6.25+2*math.cos(q.anim_time*90*4)*12", 0, 0]
				},
				"leg_front_left2": {
					"rotation": ["-12.5-4*math.cos(q.anim_time*90*4)*4", 0, 0]
				},
				"foot_front_left": {
					"rotation": ["6.25+2*math.cos(q.anim_time*90*4)*12", 0, 0],
					"position": [0, "-0.075-0.26*math.cos(q.anim_time*90*2-30)*1", "0.07*math.cos(q.anim_time*90*2-30)*1"]
				},
				"leg_front_right1": {
					"rotation": ["6.25-2*math.cos(q.anim_time*90*4)*12", 0, 0],
					"position": [0, "-0.075-0.26*math.cos(q.anim_time*90*2-30)*1", "0.07*math.cos(q.anim_time*90*2-30)*1"]
				},
				"leg_front_right2": {
					"rotation": ["-12.5+4*math.cos(q.anim_time*90*4)*4", 0, 0]
				},
				"foot_front_right": {
					"rotation": ["6.25-2*math.cos(q.anim_time*90*4)*12", 0, 0]
				},
				"leg_back_right1": {
					"rotation": ["5+2*math.cos(q.anim_time*90*4)*12", 0, 0],
					"position": [0, "-0.2*math.cos(q.anim_time*90*2-30)*1", "-0.17*math.cos(q.anim_time*90*2-30)*1"]
				},
				"leg_back_right2": {
					"rotation": ["-12.5-3*math.cos(q.anim_time*90*4)*4", 0, 0]
				},
				"foot_back_right": {
					"rotation": ["7.5+1*math.cos(q.anim_time*90*4)*12", 0, 0]
				},
				"dust": {
					"position": [0, -7, 0],
					"scale": 0
				},
				"dust2": {
					"position": [0, -7, 0],
					"scale": 0
				},
				"dust3": {
					"position": [0, -7, 0],
					"scale": 0
				},
				"snout": {
					"rotation": ["2.5-1*math.cos(q.anim_time*90*4-240)*1", 0, 0]
				},
				"nose": {
					"rotation": ["2.5-1*math.cos(q.anim_time*90*4-240)*1", 0, 0]
				},
				"mouth": {
					"rotation": [-2.5, 0, 0]
				}
			}
		},
		"animation.mortaraid.sleep": {
			"loop": true,
			"bones": {
				"body": {
					"position": [0, -13.275, 0]
				},
				"torso": {
					"rotation": ["-0.5*math.cos(q.anim_time*90*1-30)*1", 0, 0]
				},
				"chest": {
					"rotation": ["-1.75+1*math.cos(q.anim_time*90*1-30)*0.25", 0, 0]
				},
				"neck1": {
					"rotation": ["-25.7162-1*math.cos(q.anim_time*90*1-60)*0.25", 0, 0]
				},
				"neck2": {
					"rotation": ["-1.5239-1*math.cos(q.anim_time*90*1-90)*0.25", 0, 0]
				},
				"neck3": {
					"rotation": ["-18.7512-1*math.cos(q.anim_time*90*1-120)*0.25", 0, 0]
				},
				"neck4": {
					"rotation": ["-6.5191-1*math.cos(q.anim_time*90*1-150)*0.25", 0, 0]
				},
				"head": {
					"rotation": [16.7014, 0, 0]
				},
				"pot_head": {
					"rotation": [25, 0, 0],
					"position": [0, -8.25, -3]
				},
				"brow_right": {
					"rotation": [-15, 0, 0]
				},
				"eye_right": {
					"position": [0.25, 0, 0],
					"scale": [1, 0, 1]
				},
				"brow_left": {
					"rotation": [-15, 0, 0]
				},
				"eye_left": {
					"position": [-0.25, 0, 0],
					"scale": [1, 0, 1]
				},
				"ear_left": {
					"rotation": [-42.5, 0, 0]
				},
				"ear_left2": {
					"rotation": [0, 0, 12.5]
				},
				"ear_right": {
					"rotation": [-42.5, 0, 0]
				},
				"ear_right2": {
					"rotation": [0, 0, -12.5]
				},
				"ear_right3": {
					"rotation": [0, 0, 0]
				},
				"tail_bottom": {
					"rotation": ["-1*math.cos(q.anim_time*90*1-60)*1", 0, 0]
				},
				"tail_bottom2": {
					"rotation": ["-1*math.cos(q.anim_time*90*1-60)*1", 0, 0]
				},
				"tail_bottom3": {
					"rotation": ["-1*math.cos(q.anim_time*90*1-60)*1", 0, 0]
				},
				"tail_top": {
					"rotation": ["-1*math.cos(q.anim_time*90*1-60)*1", 0, 0]
				},
				"tail_top2": {
					"rotation": ["-1*math.cos(q.anim_time*90*1-60)*1", 0, 0]
				},
				"leg_back_left1": {
					"rotation": [-17.83917, -17.67932, -6.09727],
					"position": [0.9, 1.7, 1.625]
				},
				"leg_back_left2": {
					"rotation": [-72.25, 0, 0]
				},
				"foot_back_left": {
					"rotation": [7.5, 0, 0]
				},
				"leg_front_left1": {
					"rotation": ["44.2782-1*math.cos(q.anim_time*90*1)*1", -20.89335, 0.09024],
					"position": [1.675, "4.275+0.1*math.cos(q.anim_time*90*1)*1", "-0.375+0.09*math.cos(q.anim_time*90*1)*1"]
				},
				"leg_front_left2": {
					"rotation": ["-88.25+0.9*math.cos(q.anim_time*90*1)*1", 0, 0]
				},
				"foot_front_left": {
					"rotation": [44.5, 0, 0]
				},
				"thumb_front_left": {
					"rotation": [0, -42.5, 0]
				},
				"leg_front_right1": {
					"rotation": ["44.2782-1*math.cos(q.anim_time*90*1)*1", 20.89335, -0.09024],
					"position": [-1.675, "4.275+0.1*math.cos(q.anim_time*90*1)*1", "-0.375+0.09*math.cos(q.anim_time*90*1)*1"]
				},
				"leg_front_right2": {
					"rotation": ["-88.25+0.9*math.cos(q.anim_time*90*1)*1", 0, 0]
				},
				"foot_front_right": {
					"rotation": [44.5, 0, 0]
				},
				"thumb_front_right": {
					"rotation": [0, 42.5, 0]
				},
				"leg_back_right1": {
					"rotation": [-17.83917, 17.67932, 6.09727],
					"position": [-0.9, 1.7, 1.625]
				},
				"leg_back_right2": {
					"rotation": [-72.25, 0, 0]
				},
				"foot_back_right": {
					"rotation": [7.5, 0, 0]
				},
				"dust": {
					"position": [0, -7, 0],
					"scale": 0
				},
				"dust2": {
					"position": [0, -7, 0],
					"scale": 0
				},
				"dust3": {
					"position": [0, -7, 0],
					"scale": 0
				},
				"snout": {
					"rotation": ["2.5-1*math.cos(q.anim_time*90*1-150)*1", 0, 0]
				},
				"nose": {
					"rotation": ["-1*math.cos(q.anim_time*90*1-150)*1", 0, 0]
				},
				"mouth": {
					"rotation": [-2.5, 0, 0]
				}
			}
		},
		"animation.mortaraid.blink": {
			"animation_length": 0.1667,
			"bones": {
				"brow_right": {
					"rotation": {
						"0.0": [0, 0, 0],
						"0.0833": [-2.5, 0, 0],
						"0.1667": [0, 0, 0]
					},
					"position": {
						"0.0": [0, 0, 0],
						"0.0833": [0, -1, 0],
						"0.1667": [0, 0, 0]
					}
				},
				"eye_right": {
					"scale": {
						"0.0": [1, 1, 1],
						"0.0833": [1, 0, 1],
						"0.1667": [1, 1, 1]
					}
				},
				"brow_left": {
					"rotation": {
						"0.0": [0, 0, 0],
						"0.0833": [-2.5, 0, 0],
						"0.1667": [0, 0, 0]
					},
					"position": {
						"0.0": [0, 0, 0],
						"0.0833": [0, -1, 0],
						"0.1667": [0, 0, 0]
					}
				},
				"eye_left": {
					"scale": {
						"0.0": [1, 1, 1],
						"0.0833": [1, 0, 1],
						"0.1667": [1, 1, 1]
					}
				}
			}
		},
		"animation.mortaraid.sneeze": {
			"animation_length": 1.125,
			"bones": {
				"neck1": {
					"rotation": {
						"0.0": {
							"post": [0, 0, 0],
							"lerp_mode": "catmullrom"
						},
						"0.6667": {
							"post": [-7.5, 0, 0],
							"lerp_mode": "catmullrom"
						},
						"0.7917": {
							"post": [2.5, 0, 0],
							"lerp_mode": "catmullrom"
						},
						"1.125": {
							"post": [0, 0, 0],
							"lerp_mode": "catmullrom"
						}
					}
				},
				"neck2": {
					"rotation": {
						"0.0": {
							"post": [0, 0, 0],
							"lerp_mode": "catmullrom"
						},
						"0.6667": {
							"post": [-5, 0, 0],
							"lerp_mode": "catmullrom"
						},
						"0.75": {
							"post": [10, 0, 0],
							"lerp_mode": "catmullrom"
						},
						"0.7917": {
							"post": [19.93, 0, 0],
							"lerp_mode": "catmullrom"
						},
						"1.125": {
							"post": [0, 0, 0],
							"lerp_mode": "catmullrom"
						}
					}
				},
				"neck3": {
					"rotation": {
						"0.0": {
							"post": [0, 0, 0],
							"lerp_mode": "catmullrom"
						},
						"0.6667": {
							"post": [-5, 0, 0],
							"lerp_mode": "catmullrom"
						},
						"0.7917": {
							"post": [5, 0, 0],
							"lerp_mode": "catmullrom"
						},
						"1.125": {
							"post": [0, 0, 0],
							"lerp_mode": "catmullrom"
						}
					}
				},
				"neck4": {
					"rotation": {
						"0.0": {
							"post": [0, 0, 0],
							"lerp_mode": "catmullrom"
						},
						"0.6667": {
							"post": [-5, 0, 0],
							"lerp_mode": "catmullrom"
						},
						"0.7917": {
							"post": [12.5, 0, 0],
							"lerp_mode": "catmullrom"
						},
						"1.125": {
							"post": [0, 0, 0],
							"lerp_mode": "catmullrom"
						}
					}
				},
				"brow_right": {
					"position": {
						"0.0": {
							"post": [0, 0, 0],
							"lerp_mode": "catmullrom"
						},
						"0.6667": {
							"post": [0, 1, 0],
							"lerp_mode": "catmullrom"
						},
						"0.75": {
							"post": [0, 0, 0],
							"lerp_mode": "catmullrom"
						},
						"1.125": {
							"post": [0, 0, 0],
							"lerp_mode": "catmullrom"
						}
					}
				},
				"eye_right": {
					"scale": {
						"0.0": {
							"post": [1, 1, 1],
							"lerp_mode": "catmullrom"
						},
						"0.6667": {
							"post": [1, 1, 1],
							"lerp_mode": "catmullrom"
						},
						"0.75": {
							"post": [1, 0, 1],
							"lerp_mode": "catmullrom"
						},
						"0.8333": {
							"post": [1, 0, 1],
							"lerp_mode": "catmullrom"
						},
						"0.9167": {
							"post": [1, 1, 1],
							"lerp_mode": "catmullrom"
						},
						"1.125": {
							"post": [1, 1, 1],
							"lerp_mode": "catmullrom"
						}
					}
				},
				"brow_left": {
					"position": {
						"0.0": {
							"post": [0, 0, 0],
							"lerp_mode": "catmullrom"
						},
						"0.6667": {
							"post": [0, 1, 0],
							"lerp_mode": "catmullrom"
						},
						"0.75": {
							"post": [0, 0, 0],
							"lerp_mode": "catmullrom"
						},
						"1.125": {
							"post": [0, 0, 0],
							"lerp_mode": "catmullrom"
						}
					}
				},
				"eye_left": {
					"scale": {
						"0.0": {
							"post": [1, 1, 1],
							"lerp_mode": "catmullrom"
						},
						"0.6667": {
							"post": [1, 1, 1],
							"lerp_mode": "catmullrom"
						},
						"0.75": {
							"post": [1, 0, 1],
							"lerp_mode": "catmullrom"
						},
						"0.8333": {
							"post": [1, 0, 1],
							"lerp_mode": "catmullrom"
						},
						"0.9167": {
							"post": [1, 1, 1],
							"lerp_mode": "catmullrom"
						},
						"1.125": {
							"post": [1, 1, 1],
							"lerp_mode": "catmullrom"
						}
					}
				},
				"ear_left": {
					"rotation": {
						"0.0": {
							"post": [0, 0, 0],
							"lerp_mode": "catmullrom"
						},
						"0.6667": {
							"post": [0, 0, 0],
							"lerp_mode": "catmullrom"
						},
						"0.7917": {
							"post": [15, 0, -47.5],
							"lerp_mode": "catmullrom"
						},
						"1.0": {
							"post": [0, 0, 0],
							"lerp_mode": "catmullrom"
						},
						"1.125": {
							"post": [0, 0, 0],
							"lerp_mode": "catmullrom"
						}
					}
				},
				"ear_right": {
					"rotation": {
						"0.0": {
							"post": [0, 0, 0],
							"lerp_mode": "catmullrom"
						},
						"0.6667": {
							"post": [0, 0, 0],
							"lerp_mode": "catmullrom"
						},
						"0.7917": {
							"post": [15, 0, 47.5],
							"lerp_mode": "catmullrom"
						},
						"1.0": {
							"post": [0, 0, 0],
							"lerp_mode": "catmullrom"
						},
						"1.125": {
							"post": [0, 0, 0],
							"lerp_mode": "catmullrom"
						}
					}
				},
				"snout": {
					"position": {
						"0.0": [0, 0, 0],
						"0.6667": [0, 2.25, 1],
						"0.75": [0, -0.16, 0.82],
						"1.125": [0, 0, 0]
					},
					"scale": {
						"0.0": [1, 1, 1],
						"0.6667": [1, 1.3, 1.2],
						"0.75": [1, 1, 1],
						"1.125": [1, 1, 1]
					}
				},
				"pot": {
					"scale": {
						"0.0": {
							"post": [1, 1, 1],
							"lerp_mode": "catmullrom"
						},
						"0.7083": {
							"post": [1, 1, 1],
							"lerp_mode": "catmullrom"
						},
						"0.7917": {
							"post": [1, 1.1, 1],
							"lerp_mode": "catmullrom"
						},
						"1.0": {
							"post": [1, 1, 1],
							"lerp_mode": "catmullrom"
						},
						"1.125": {
							"post": [1, 1, 1],
							"lerp_mode": "catmullrom"
						}
					}
				},
				"dust": {
					"position": {
						"0.0": {
							"post": [0, 0, 0],
							"lerp_mode": "catmullrom"
						},
						"0.7083": {
							"post": [0, -4, 0],
							"lerp_mode": "catmullrom"
						},
						"0.7917": {
							"post": [0, 0, 0],
							"lerp_mode": "catmullrom"
						},
						"1.0417": {
							"post": [0, 4, 0],
							"lerp_mode": "catmullrom"
						},
						"1.125": {
							"post": [0, 4, 0],
							"lerp_mode": "catmullrom"
						}
					},
					"scale": {
						"0.0": {
							"post": [0, 0, 0],
							"lerp_mode": "catmullrom"
						},
						"0.6667": {
							"post": [0, 0, 0],
							"lerp_mode": "catmullrom"
						},
						"0.7083": {
							"post": [0, 0, 0],
							"lerp_mode": "catmullrom"
						},
						"0.7917": {
							"post": [1, 2.1, 1],
							"lerp_mode": "catmullrom"
						},
						"1.0417": {
							"post": [0, 0, 0],
							"lerp_mode": "catmullrom"
						},
						"1.125": {
							"post": [0, 0, 0],
							"lerp_mode": "catmullrom"
						}
					}
				},
				"pot2": {
					"scale": {
						"0.0": {
							"post": [1, 1, 1],
							"lerp_mode": "catmullrom"
						},
						"0.7083": {
							"post": [1, 1, 1],
							"lerp_mode": "catmullrom"
						},
						"0.7917": {
							"post": [1, 1.1, 1],
							"lerp_mode": "catmullrom"
						},
						"1.0": {
							"post": [1, 1, 1],
							"lerp_mode": "catmullrom"
						},
						"1.125": {
							"post": [1, 1, 1],
							"lerp_mode": "catmullrom"
						}
					}
				},
				"dust2": {
					"position": {
						"0.0": {
							"post": [0, 0, 0],
							"lerp_mode": "catmullrom"
						},
						"0.7083": {
							"post": [0, -4, 0],
							"lerp_mode": "catmullrom"
						},
						"0.7917": {
							"post": [0, 0, 0],
							"lerp_mode": "catmullrom"
						},
						"1.0417": {
							"post": [0, 4, 0],
							"lerp_mode": "catmullrom"
						},
						"1.125": {
							"post": [0, 4, 0],
							"lerp_mode": "catmullrom"
						}
					},
					"scale": {
						"0.0": {
							"post": [0, 0, 0],
							"lerp_mode": "catmullrom"
						},
						"0.6667": {
							"post": [0, 0, 0],
							"lerp_mode": "catmullrom"
						},
						"0.7083": {
							"post": [0, 0, 0],
							"lerp_mode": "catmullrom"
						},
						"0.7917": {
							"post": [1, 2.1, 1],
							"lerp_mode": "catmullrom"
						},
						"1.0417": {
							"post": [0, 0, 0],
							"lerp_mode": "catmullrom"
						},
						"1.125": {
							"post": [0, 0, 0],
							"lerp_mode": "catmullrom"
						}
					}
				},
				"pot3": {
					"scale": {
						"0.0": {
							"post": [1, 1, 1],
							"lerp_mode": "catmullrom"
						},
						"0.7083": {
							"post": [1, 1, 1],
							"lerp_mode": "catmullrom"
						},
						"0.7917": {
							"post": [1, 1.1, 1],
							"lerp_mode": "catmullrom"
						},
						"1.0": {
							"post": [1, 1, 1],
							"lerp_mode": "catmullrom"
						},
						"1.125": {
							"post": [1, 1, 1],
							"lerp_mode": "catmullrom"
						}
					}
				},
				"dust3": {
					"position": {
						"0.0": {
							"post": [0, 0, 0],
							"lerp_mode": "catmullrom"
						},
						"0.7083": {
							"post": [0, -4, 0],
							"lerp_mode": "catmullrom"
						},
						"0.7917": {
							"post": [0, 0, 0],
							"lerp_mode": "catmullrom"
						},
						"1.0417": {
							"post": [0, 4, 0],
							"lerp_mode": "catmullrom"
						},
						"1.125": {
							"post": [0, 4, 0],
							"lerp_mode": "catmullrom"
						}
					},
					"scale": {
						"0.0": {
							"post": [0, 0, 0],
							"lerp_mode": "catmullrom"
						},
						"0.6667": {
							"post": [0, 0, 0],
							"lerp_mode": "catmullrom"
						},
						"0.7083": {
							"post": [0, 0, 0],
							"lerp_mode": "catmullrom"
						},
						"0.7917": {
							"post": [1, 2.1, 1],
							"lerp_mode": "catmullrom"
						},
						"1.0417": {
							"post": [0, 0, 0],
							"lerp_mode": "catmullrom"
						},
						"1.125": {
							"post": [0, 0, 0],
							"lerp_mode": "catmullrom"
						}
					}
				}
			}
		},
		"animation.mortaraid.battle_idle": {
			"loop": true,
			"bones": {
				"torso": {
					"rotation": ["-5.0325+0.521*math.cos(q.anim_time*90*2-30)*1", "0.75*math.cos(q.anim_time*90*2-30)*1", "-1*math.cos(q.anim_time*90*2-30)*1"],
					"position": [0, "1.25-0.4*math.cos(q.anim_time*90*2)*1", 1]
				},
				"chest": {
					"rotation": ["1*math.cos(q.anim_time*90*2-30)*1", 0, 0]
				},
				"neck1": {
					"rotation": ["-7.5+0.25*math.cos(q.anim_time*90*2-150)*1", "-0.5*math.cos(q.anim_time*90*2-30)*1", 0]
				},
				"neck2": {
					"rotation": ["12.4656+1*math.cos(q.anim_time*90*2-180)*1", 0.46369, -0.51866]
				},
				"neck3": {
					"rotation": ["2.5+1*math.cos(q.anim_time*90*2-210)*1", 0, 0]
				},
				"neck4": {
					"rotation": ["7.5+1*math.cos(q.anim_time*90*2-240)*1", 0, 0]
				},
				"head": {
					"rotation": ["-27.5+1*math.cos(q.anim_time*90*2-240)*1", 0, 0],
					"position": [0, -3.75, 0]
				},
				"ear_left": {
					"rotation": ["15-1*math.sin(q.anim_time*90*2)*3", 0, "1*math.sin(q.anim_time*90*2)*3"]
				},
				"ear_left2": {
					"rotation": [0, 0, "1*math.sin(q.anim_time*90*2)*3"]
				},
				"ear_left3": {
					"rotation": [0, 0, "1*math.sin(q.anim_time*90*2)*4"]
				},
				"ear_left4": {
					"rotation": [0, 0, "1*math.sin(q.anim_time*90*2)*5"]
				},
				"ear_right": {
					"rotation": ["15-1*math.sin(q.anim_time*90*2)*3", 0, "-1*math.sin(q.anim_time*90*2)*3"]
				},
				"ear_right2": {
					"rotation": [0, 0, "-1*math.sin(q.anim_time*90*2)*3"]
				},
				"ear_right3": {
					"rotation": [0, 0, "-1*math.sin(q.anim_time*90*2)*4"]
				},
				"ear_right4": {
					"rotation": [0, 0, "-1*math.sin(q.anim_time*90*2)*5"]
				},
				"tail": {
					"rotation": ["-1*math.sin(q.anim_time*90*2)*3", 0, 0]
				},
				"tail_bottom": {
					"rotation": ["-1*math.sin(q.anim_time*90*2)*3", 0, 0]
				},
				"tail_bottom2": {
					"rotation": ["-1*math.sin(q.anim_time*90*2)*3", 0, 0]
				},
				"tail_bottom3": {
					"rotation": ["-1*math.sin(q.anim_time*90*2)*3", 0, 0]
				},
				"tail_top": {
					"rotation": ["-1*math.sin(q.anim_time*90*2)*3", 0, 0]
				},
				"tail_top2": {
					"rotation": ["-1*math.sin(q.anim_time*90*2)*3", 0, 0]
				},
				"leg_back_left1": {
					"rotation": ["-10+2*math.cos(q.anim_time*90*2-30)*1", 0, 0],
					"position": [0, "1-0.2*math.cos(q.anim_time*90*2-30)*1", "-0.17*math.cos(q.anim_time*90*2-30)*1"]
				},
				"leg_back_left2": {
					"rotation": ["2.5-3*math.cos(q.anim_time*90*2-30)*1", 0, 0]
				},
				"foot_back_left": {
					"rotation": ["7.5+1*math.cos(q.anim_time*90*2-30)*1", 0, 0]
				},
				"leg_front_left1": {
					"rotation": ["-8.75+2*math.cos(q.anim_time*90*2-30)*1", 0, 0],
					"position": [0, 0.75, 2.75]
				},
				"leg_front_left2": {
					"rotation": ["2.5-4*math.cos(q.anim_time*90*2-30)*1", 0, 0]
				},
				"foot_front_left": {
					"rotation": ["6.25+2*math.cos(q.anim_time*90*2-30)*1", 0, 0],
					"position": [0, "-0.075-0.26*math.cos(q.anim_time*90*2-30)*1", "0.07*math.cos(q.anim_time*90*2-30)*1"]
				},
				"leg_front_right1": {
					"rotation": ["-8.75+2*math.cos(q.anim_time*90*2-30)*1", 0, 0],
					"position": [0, "0.675-0.26*math.cos(q.anim_time*90*2-30)*1", "2.75+0.07*math.cos(q.anim_time*90*2-30)*1"]
				},
				"leg_front_right2": {
					"rotation": ["2.5-4*math.cos(q.anim_time*90*2-30)*1", 0, 0]
				},
				"foot_front_right": {
					"rotation": ["6.25+2*math.cos(q.anim_time*90*2-30)*1", 0, 0]
				},
				"leg_back_right1": {
					"rotation": ["-10+2*math.cos(q.anim_time*90*2-30)*1", 0, 0],
					"position": [0, "1-0.2*math.cos(q.anim_time*90*2-30)*1", "-0.17*math.cos(q.anim_time*90*2-30)*1"]
				},
				"leg_back_right2": {
					"rotation": ["2.5-3*math.cos(q.anim_time*90*2-30)*1", 0, 0]
				},
				"foot_back_right": {
					"rotation": ["7.5+1*math.cos(q.anim_time*90*2-30)*1", 0, 0]
				},
				"dust": {
					"position": [0, -7, 0],
					"scale": 0
				},
				"dust2": {
					"position": [0, -7, 0],
					"scale": 0
				},
				"dust3": {
					"position": [0, -7, 0],
					"scale": 0
				},
				"snout": {
					"rotation": ["2.5-1*math.cos(q.anim_time*90*2-240)*1", 0, 0]
				},
				"nose": {
					"rotation": ["2.5-1*math.cos(q.anim_time*90*2-240)*1", 0, 0]
				},
				"mouth": {
					"rotation": [-2.5, 0, 0]
				},
				"body": {
					"position": [0, -0.75, 0]
				},
				"brow_right": {
					"rotation": [35, 0, 0],
					"position": [0, -0.25, -1.25]
				},
				"eye_right": {
					"rotation": [12.5, 0, 0]
				},
				"brow_left": {
					"rotation": [35, 0, 0],
					"position": [0, -0.25, -1.25]
				},
				"eye_left": {
					"rotation": [12.5, 0, 0]
				}
			}
		},
		"animation.mortaraid.battle_quirk1": {
			"animation_length": 1.5,
			"bones": {
				"pots": {
					"rotation": {
						"0.0": {
							"post": [0, 0, 0],
							"lerp_mode": "catmullrom"
						},
						"0.75": {
							"post": [0, 360, 0],
							"lerp_mode": "catmullrom"
						},
						"1.5": {
							"post": [0, 0, 0],
							"lerp_mode": "catmullrom"
						}
					}
				}
			}
		},
		"animation.mortaraid.battle_quirk2": {
			"animation_length": 0.2917,
			"bones": {
				"pot": {
					"scale": {
						"0.0": [1, 1, 1],
						"0.0833": [1, 0.8, 1],
						"0.1667": [1, 0.8, 1],
						"0.2917": [1, 1, 1]
					}
				}
			}
		},
		"animation.mortaraid.battle_quirk3": {
			"animation_length": 0.2917,
			"bones": {
				"pot2": {
					"scale": {
						"0.0": [1, 1, 1],
						"0.0833": [1, 0.8, 1],
						"0.1667": [1, 0.8, 1],
						"0.2917": [1, 1, 1]
					}
				}
			}
		},
		"animation.mortaraid.battle_quirk4": {
			"animation_length": 0.2917,
			"bones": {
				"pot3": {
					"scale": {
						"0.0": [1, 1, 1],
						"0.0833": [1, 0.8, 1],
						"0.1667": [1, 0.8, 1],
						"0.2917": [1, 1, 1]
					}
				}
			}
		},
		"animation.mortaraid.spin": {
			"animation_length": 4,
			"bones": {
				"pots": {
					"rotation": {
						"0.0": [0, 0, 0],
						"4.0": [0, 360, 0]
					}
				}
			}
		},
		"animation.mortaraid.special": {
			"animation_length": 2.5,
			"bones": {
				"torso": {
					"rotation": {
						"0.0": ["-5.0325+0.521*math.cos(q.anim_time*90*2-30)*1", "0.75*math.cos(q.anim_time*90*2-30)*1", "-1*math.cos(q.anim_time*90*2-30)*1"],
						"0.75": ["-5.0325+0.521*math.cos(q.anim_time*90*2-30)*1", "0.75*math.cos(q.anim_time*90*2-30)*1", "-1*math.cos(q.anim_time*90*2-30)*1"],
						"1.25": ["27.4675+0.521*math.cos(q.anim_time*90*2-30)*1", "0.75*math.cos(q.anim_time*90*2-30)*1", "-1*math.cos(q.anim_time*90*2-30)*1"],
						"2.0833": ["27.4675+0.521*math.cos(q.anim_time*90*2-30)*1", "0.75*math.cos(q.anim_time*90*2-30)*1", "-1*math.cos(q.anim_time*90*2-30)*1"],
						"2.5": ["-5.0325+0.521*math.cos(q.anim_time*90*2-30)*1", "0.75*math.cos(q.anim_time*90*2-30)*1", "-1*math.cos(q.anim_time*90*2-30)*1"]
					},
					"position": {
						"0.0": [0, "1.25-0.4*math.cos(q.anim_time*90*2)*1", 1],
						"0.75": [0, "1.25-0.4*math.cos(q.anim_time*90*2)*1", 1],
						"1.25": [0, "-2.75-0.4*math.cos(q.anim_time*90*2)*1", 4],
						"2.0833": [0, "-2.75-0.4*math.cos(q.anim_time*90*2)*1", 4],
						"2.5": [0, "1.25-0.4*math.cos(q.anim_time*90*2)*1", 1]
					}
				},
				"chest": {
					"rotation": {
						"0.0": ["1*math.cos(q.anim_time*90*2-30)*1", 0, 0],
						"0.75": ["1*math.cos(q.anim_time*90*2-30)*1", 0, 0],
						"1.25": ["25+1*math.cos(q.anim_time*90*2-30)*1", 0, 0],
						"2.0833": ["25+1*math.cos(q.anim_time*90*2-30)*1", 0, 0],
						"2.5": ["1*math.cos(q.anim_time*90*2-30)*1", 0, 0]
					}
				},
				"neck1": {
					"rotation": {
						"0.0": ["-7.5+0.25*math.cos(q.anim_time*90*2-150)*1", "-0.5*math.cos(q.anim_time*90*2-30)*1", 0],
						"0.75": ["-7.5+0.25*math.cos(q.anim_time*90*2-150)*1", "-0.5*math.cos(q.anim_time*90*2-30)*1", 0],
						"1.25": ["2.5+0.25*math.cos(q.anim_time*90*2-150)*1", "-0.5*math.cos(q.anim_time*90*2-30)*1", 0],
						"2.0833": ["2.5+0.25*math.cos(q.anim_time*90*2-150)*1", "-0.5*math.cos(q.anim_time*90*2-30)*1", 0],
						"2.5": ["-7.5+0.25*math.cos(q.anim_time*90*2-150)*1", "-0.5*math.cos(q.anim_time*90*2-30)*1", 0]
					}
				},
				"neck2": {
					"rotation": {
						"0.0": ["12.4656+1*math.cos(q.anim_time*90*2-180)*1", 0.46369, -0.51866],
						"0.75": ["12.4656+1*math.cos(q.anim_time*90*2-180)*1", 0.46369, -0.51866],
						"1.25": ["-0.0344+1*math.cos(q.anim_time*90*2-180)*1", 0.46369, -0.51866],
						"2.0833": ["-0.0344+1*math.cos(q.anim_time*90*2-180)*1", 0.46369, -0.51866],
						"2.5": ["12.4656+1*math.cos(q.anim_time*90*2-180)*1", 0.46369, -0.51866]
					}
				},
				"neck3": {
					"rotation": {
						"0.0": ["2.5+1*math.cos(q.anim_time*90*2-210)*1", 0, 0],
						"0.75": ["2.5+1*math.cos(q.anim_time*90*2-210)*1", 0, 0],
						"1.25": ["-27.5+1*math.cos(q.anim_time*90*2-210)*1", 0, 0],
						"2.0833": ["-27.5+1*math.cos(q.anim_time*90*2-210)*1", 0, 0],
						"2.5": ["2.5+1*math.cos(q.anim_time*90*2-210)*1", 0, 0]
					}
				},
				"neck4": {
					"rotation": {
						"0.0": ["7.5+1*math.cos(q.anim_time*90*2-240)*1", 0, 0],
						"0.75": ["7.5+1*math.cos(q.anim_time*90*2-240)*1", 0, 0],
						"1.25": ["-12.5+1*math.cos(q.anim_time*90*2-240)*1", 0, 0],
						"2.0833": ["-12.5+1*math.cos(q.anim_time*90*2-240)*1", 0, 0],
						"2.5": ["7.5+1*math.cos(q.anim_time*90*2-240)*1", 0, 0]
					}
				},
				"head": {
					"rotation": ["-27.5+1*math.cos(q.anim_time*90*2-240)*1", 0, 0],
					"position": [0, -3.75, 0]
				},
				"ear_left": {
					"rotation": ["15-1*math.sin(q.anim_time*90*2)*3", 0, "1*math.sin(q.anim_time*90*2)*3"]
				},
				"ear_left2": {
					"rotation": [0, 0, "1*math.sin(q.anim_time*90*2)*3"]
				},
				"ear_left3": {
					"rotation": [0, 0, "1*math.sin(q.anim_time*90*2)*4"]
				},
				"ear_left4": {
					"rotation": [0, 0, "1*math.sin(q.anim_time*90*2)*5"]
				},
				"ear_right": {
					"rotation": ["15-1*math.sin(q.anim_time*90*2)*3", 0, "-1*math.sin(q.anim_time*90*2)*3"]
				},
				"ear_right2": {
					"rotation": [0, 0, "-1*math.sin(q.anim_time*90*2)*3"]
				},
				"ear_right3": {
					"rotation": [0, 0, "-1*math.sin(q.anim_time*90*2)*4"]
				},
				"ear_right4": {
					"rotation": [0, 0, "-1*math.sin(q.anim_time*90*2)*5"]
				},
				"tail": {
					"rotation": ["-1*math.sin(q.anim_time*90*2)*3", 0, 0]
				},
				"tail_bottom": {
					"rotation": ["-1*math.sin(q.anim_time*90*2)*3", 0, 0]
				},
				"tail_bottom2": {
					"rotation": ["-1*math.sin(q.anim_time*90*2)*3", 0, 0]
				},
				"tail_bottom3": {
					"rotation": ["-1*math.sin(q.anim_time*90*2)*3", 0, 0]
				},
				"tail_top": {
					"rotation": ["-1*math.sin(q.anim_time*90*2)*3", 0, 0]
				},
				"tail_top2": {
					"rotation": ["-1*math.sin(q.anim_time*90*2)*3", 0, 0]
				},
				"leg_back_left1": {
					"rotation": {
						"0.0": ["-10+2*math.cos(q.anim_time*90*2-30)*1", 0, 0],
						"0.75": ["-10+2*math.cos(q.anim_time*90*2-30)*1", 0, 0],
						"1.25": ["10+2*math.cos(q.anim_time*90*2-30)*1", 0, 0],
						"2.0833": ["10+2*math.cos(q.anim_time*90*2-30)*1", 0, 0],
						"2.5": ["-10+2*math.cos(q.anim_time*90*2-30)*1", 0, 0]
					},
					"position": {
						"0.0": [0, "1-0.2*math.cos(q.anim_time*90*2-30)*1", "-0.17*math.cos(q.anim_time*90*2-30)*1"],
						"0.75": [0, "1-0.2*math.cos(q.anim_time*90*2-30)*1", "-0.17*math.cos(q.anim_time*90*2-30)*1"],
						"1.25": [0, "-1-0.2*math.cos(q.anim_time*90*2-30)*1", "-0.17*math.cos(q.anim_time*90*2-30)*1"],
						"2.0833": [0, "-1-0.2*math.cos(q.anim_time*90*2-30)*1", "-0.17*math.cos(q.anim_time*90*2-30)*1"],
						"2.5": [0, "1-0.2*math.cos(q.anim_time*90*2-30)*1", "-0.17*math.cos(q.anim_time*90*2-30)*1"]
					}
				},
				"leg_back_left2": {
					"rotation": {
						"0.0": ["2.5-3*math.cos(q.anim_time*90*2-30)*1", 0, 0],
						"0.75": ["2.5-3*math.cos(q.anim_time*90*2-30)*1", 0, 0],
						"1.25": ["-17.5-3*math.cos(q.anim_time*90*2-30)*1", 0, 0],
						"2.0833": ["-17.5-3*math.cos(q.anim_time*90*2-30)*1", 0, 0],
						"2.5": ["2.5-3*math.cos(q.anim_time*90*2-30)*1", 0, 0]
					}
				},
				"foot_back_left": {
					"rotation": ["7.5+1*math.cos(q.anim_time*90*2-30)*1", 0, 0]
				},
				"leg_front_left1": {
					"rotation": {
						"0.0": ["-8.75+2*math.cos(q.anim_time*90*2-30)*1", 0, 0],
						"0.75": ["-8.75+2*math.cos(q.anim_time*90*2-30)*1", 0, 0],
						"1.25": ["31.25+2*math.cos(q.anim_time*90*2-30)*1", 0, 0],
						"2.0833": ["31.25+2*math.cos(q.anim_time*90*2-30)*1", 0, 0],
						"2.5": ["-8.75+2*math.cos(q.anim_time*90*2-30)*1", 0, 0]
					},
					"position": {
						"0.0": [0, 0.75, 2.75],
						"0.75": [0, 0.75, 2.75],
						"1.25": [0, -2.25, 2.75],
						"2.0833": [0, -2.25, 2.75],
						"2.5": [0, 0.75, 2.75]
					}
				},
				"leg_front_left2": {
					"rotation": {
						"0.0": ["2.5-4*math.cos(q.anim_time*90*2-30)*1", 0, 0],
						"0.75": ["2.5-4*math.cos(q.anim_time*90*2-30)*1", 0, 0],
						"1.25": ["-37.5-4*math.cos(q.anim_time*90*2-30)*1", 0, 0],
						"2.0833": ["-37.5-4*math.cos(q.anim_time*90*2-30)*1", 0, 0],
						"2.5": ["2.5-4*math.cos(q.anim_time*90*2-30)*1", 0, 0]
					}
				},
				"foot_front_left": {
					"rotation": ["6.25+2*math.cos(q.anim_time*90*2-30)*1", 0, 0],
					"position": [0, "-0.075-0.26*math.cos(q.anim_time*90*2-30)*1", "0.07*math.cos(q.anim_time*90*2-30)*1"]
				},
				"leg_front_right1": {
					"rotation": {
						"0.0": ["-8.75+2*math.cos(q.anim_time*90*2-30)*1", 0, 0],
						"0.75": ["-8.75+2*math.cos(q.anim_time*90*2-30)*1", 0, 0],
						"1.25": ["31.25+2*math.cos(q.anim_time*90*2-30)*1", 0, 0],
						"2.0833": ["31.25+2*math.cos(q.anim_time*90*2-30)*1", 0, 0],
						"2.5": ["-8.75+2*math.cos(q.anim_time*90*2-30)*1", 0, 0]
					},
					"position": {
						"0.0": [0, "0.675-0.26*math.cos(q.anim_time*90*2-30)*1", "2.75+0.07*math.cos(q.anim_time*90*2-30)*1"],
						"0.75": [0, "0.675-0.26*math.cos(q.anim_time*90*2-30)*1", "2.75+0.07*math.cos(q.anim_time*90*2-30)*1"],
						"1.25": [0, "-2.325-0.26*math.cos(q.anim_time*90*2-30)*1", "2.75+0.07*math.cos(q.anim_time*90*2-30)*1"],
						"2.0833": [0, "-2.325-0.26*math.cos(q.anim_time*90*2-30)*1", "2.75+0.07*math.cos(q.anim_time*90*2-30)*1"],
						"2.5": [0, "0.675-0.26*math.cos(q.anim_time*90*2-30)*1", "2.75+0.07*math.cos(q.anim_time*90*2-30)*1"]
					}
				},
				"leg_front_right2": {
					"rotation": {
						"0.0": ["2.5-4*math.cos(q.anim_time*90*2-30)*1", 0, 0],
						"0.75": ["2.5-4*math.cos(q.anim_time*90*2-30)*1", 0, 0],
						"1.25": ["-37.5-4*math.cos(q.anim_time*90*2-30)*1", 0, 0],
						"2.0833": ["-37.5-4*math.cos(q.anim_time*90*2-30)*1", 0, 0],
						"2.5": ["2.5-4*math.cos(q.anim_time*90*2-30)*1", 0, 0]
					}
				},
				"foot_front_right": {
					"rotation": ["6.25+2*math.cos(q.anim_time*90*2-30)*1", 0, 0]
				},
				"leg_back_right1": {
					"rotation": {
						"0.0": ["-10+2*math.cos(q.anim_time*90*2-30)*1", 0, 0],
						"0.75": ["-10+2*math.cos(q.anim_time*90*2-30)*1", 0, 0],
						"1.25": ["10+2*math.cos(q.anim_time*90*2-30)*1", 0, 0],
						"2.0833": ["10+2*math.cos(q.anim_time*90*2-30)*1", 0, 0],
						"2.5": ["-10+2*math.cos(q.anim_time*90*2-30)*1", 0, 0]
					},
					"position": {
						"0.0": [0, "1-0.2*math.cos(q.anim_time*90*2-30)*1", "-0.17*math.cos(q.anim_time*90*2-30)*1"],
						"0.75": [0, "1-0.2*math.cos(q.anim_time*90*2-30)*1", "-0.17*math.cos(q.anim_time*90*2-30)*1"],
						"1.25": [0, "-1-0.2*math.cos(q.anim_time*90*2-30)*1", "-0.17*math.cos(q.anim_time*90*2-30)*1"],
						"2.0833": [0, "-1-0.2*math.cos(q.anim_time*90*2-30)*1", "-0.17*math.cos(q.anim_time*90*2-30)*1"],
						"2.5": [0, "1-0.2*math.cos(q.anim_time*90*2-30)*1", "-0.17*math.cos(q.anim_time*90*2-30)*1"]
					}
				},
				"leg_back_right2": {
					"rotation": {
						"0.0": ["2.5-3*math.cos(q.anim_time*90*2-30)*1", 0, 0],
						"0.75": ["2.5-3*math.cos(q.anim_time*90*2-30)*1", 0, 0],
						"1.25": ["-17.5-3*math.cos(q.anim_time*90*2-30)*1", 0, 0],
						"2.0833": ["-17.5-3*math.cos(q.anim_time*90*2-30)*1", 0, 0],
						"2.5": ["2.5-3*math.cos(q.anim_time*90*2-30)*1", 0, 0]
					}
				},
				"foot_back_right": {
					"rotation": ["7.5+1*math.cos(q.anim_time*90*2-30)*1", 0, 0]
				},
				"dust": {
					"position": [0, -7, 0],
					"scale": {
						"0.0": [0, 0, 0],
						"1.25": [0, 0, 0],
						"1.375": [1, 3.9, 1],
						"1.5": [0, 0, 0],
						"1.625": [1, 3.9, 1],
						"1.75": [0, 0, 0],
						"1.875": [1, 3.9, 1],
						"2.0": [0, 0, 0]
					}
				},
				"dust2": {
					"position": [0, -7, 0],
					"scale": {
						"0.0": [0, 0, 0],
						"1.1667": [0, 0, 0],
						"1.2917": [1, 3.9, 1],
						"1.4167": [0, 0, 0],
						"1.5417": [1, 3.9, 1],
						"1.6667": [0, 0, 0],
						"1.7917": [1, 3.9, 1],
						"1.9167": [0, 0, 0]
					}
				},
				"dust3": {
					"position": [0, -7, 0],
					"scale": {
						"0.0": [0, 0, 0],
						"1.2083": [0, 0, 0],
						"1.3333": [1, 3.9, 1],
						"1.4583": [0, 0, 0],
						"1.5833": [1, 3.9, 1],
						"1.7083": [0, 0, 0],
						"1.8333": [1, 3.9, 1],
						"1.9583": [0, 0, 0]
					}
				},
				"snout": {
					"rotation": ["2.5-1*math.cos(q.anim_time*90*2-240)*1", 0, 0]
				},
				"nose": {
					"rotation": ["2.5-1*math.cos(q.anim_time*90*2-240)*1", 0, 0]
				},
				"mouth": {
					"rotation": [-2.5, 0, 0]
				},
				"body": {
					"position": [0, -0.75, 0]
				},
				"brow_right": {
					"rotation": [35, 0, 0],
					"position": [0, -0.25, -1.25]
				},
				"eye_right": {
					"rotation": [12.5, 0, 0]
				},
				"brow_left": {
					"rotation": [35, 0, 0],
					"position": [0, -0.25, -1.25]
				},
				"eye_left": {
					"rotation": [12.5, 0, 0]
				},
				"pot_head": {
					"rotation": {
						"0.0": [0, 0, 0],
						"0.75": [0, 0, 0],
						"1.25": [27.5, 0, 0],
						"2.0833": [27.5, 0, 0],
						"2.5": [0, 0, 0]
					},
					"position": {
						"0.0": [0, 0, 0],
						"0.75": [0, 0, 0],
						"1.25": [0, -8.5, -4],
						"2.0833": [0, -8.5, -4],
						"2.5": [0, 0, 0]
					}
				},
				"pots": {
					"rotation": {
						"0.0": [0, 0, 0],
						"1.0": [0, -90, 0],
						"1.75": [0, 360, 0]
					}
				},
				"pot": {
					"scale": {
						"1.25": [1, 1, 1],
						"1.375": [1, 1.4, 1],
						"1.5": [1, 1, 1],
						"1.625": [1, 1.4, 1],
						"1.75": [1, 1, 1],
						"1.875": [1, 1.4, 1],
						"2.0": [1, 1, 1]
					}
				},
				"pot2": {
					"scale": {
						"0.0": [1, 1, 1],
						"0.75": [1, 1, 1],
						"1.1667": [1, 1, 1],
						"1.2917": [1, 1.4, 1],
						"1.4167": [1, 1, 1],
						"1.5417": [1, 1.4, 1],
						"1.6667": [1, 1, 1],
						"1.7917": [1, 1.4, 1],
						"1.9167": [1, 1, 1],
						"2.5": [1, 1, 1]
					}
				},
				"pot3": {
					"scale": {
						"1.2083": [1, 1, 1],
						"1.3333": [1, 1.4, 1],
						"1.4583": [1, 1, 1],
						"1.5833": [1, 1.4, 1],
						"1.7083": [1, 1, 1],
						"1.8333": [1, 1.4, 1],
						"1.9583": [1, 1, 1]
					}
				}
			}
		},
		"animation.mortaraid.physical": {
			"animation_length": 2,
			"bones": {
				"torso": {
					"rotation": {
						"0.0": ["-5.0325+0.521*math.cos(q.anim_time*90*2-30)*1", "0.75*math.cos(q.anim_time*90*2-30)*1", "-1*math.cos(q.anim_time*90*2-30)*1"],
						"0.4167": ["-5.0325+0.521*math.cos(q.anim_time*90*2-30)*1", "0.75*math.cos(q.anim_time*90*2-30)*1", "-1*math.cos(q.anim_time*90*2-30)*1"],
						"1.0417": [
							"-5.0878+0.521*math.cos(q.anim_time*90*2-30)*1",
							"-7.4654+0.75*math.cos(q.anim_time*90*2-30)*1",
							"0.7219-1*math.cos(q.anim_time*90*2-30)*1"
						],
						"2.0": ["-5.0325+0.521*math.cos(q.anim_time*90*2-30)*1", "0.75*math.cos(q.anim_time*90*2-30)*1", "-1*math.cos(q.anim_time*90*2-30)*1"]
					},
					"position": {
						"0.0": [0, "1.25-0.4*math.cos(q.anim_time*90*2)*1", 1],
						"0.4167": [0, "1.25-0.4*math.cos(q.anim_time*90*2)*1", 1],
						"2.0": [0, "1.25-0.4*math.cos(q.anim_time*90*2)*1", 1]
					}
				},
				"chest": {
					"rotation": {
						"0.0": ["1*math.cos(q.anim_time*90*2-30)*1", 0, 0],
						"0.4167": ["1*math.cos(q.anim_time*90*2-30)*1", 0, 0],
						"1.0417": ["22.2539+1*math.cos(q.anim_time*90*2-30)*1", -5.26167, 5.35214],
						"1.2083": [47.81684, 11.58085, -2.01318],
						"1.3333": ["20.7972+1*math.cos(q.anim_time*90*2-30)*1", 20.00211, -5.69584],
						"1.4167": ["21.1478+1*math.cos(q.anim_time*90*2-30)*1", 17.72236, -4.61149],
						"2.0": ["1*math.cos(q.anim_time*90*2-30)*1", 0, 0]
					},
					"position": {
						"0.0": [0, 0, 0],
						"0.4167": [0, 0, 0],
						"1.0417": [0, 0, 0.75],
						"1.2083": [0, 1.25, 4.86],
						"2.0": [0, 0, 0]
					}
				},
				"neck1": {
					"rotation": {
						"0.0": ["-7.5+0.25*math.cos(q.anim_time*90*2-150)*1", "-0.5*math.cos(q.anim_time*90*2-30)*1", 0],
						"0.4167": ["-7.5+0.25*math.cos(q.anim_time*90*2-150)*1", "-0.5*math.cos(q.anim_time*90*2-30)*1", 0],
						"1.0417": ["3.3186+0.25*math.cos(q.anim_time*90*2-150)*1", "2.6041-0.5*math.cos(q.anim_time*90*2-30)*1", 22.30099],
						"1.2083": [37.7789, 0.80966, -4.27881],
						"1.3333": ["2.412+0.25*math.cos(q.anim_time*90*2-150)*1", "-0.812-0.5*math.cos(q.anim_time*90*2-30)*1", -17.56871],
						"1.4167": ["2.3917+0.25*math.cos(q.anim_time*90*2-150)*1", "-0.3618-0.5*math.cos(q.anim_time*90*2-30)*1", -12.58897],
						"2.0": ["-7.5+0.25*math.cos(q.anim_time*90*2-150)*1", "-0.5*math.cos(q.anim_time*90*2-30)*1", 0]
					},
					"position": {
						"0.0": [0, 0, 0],
						"0.4167": [0, 0, 0],
						"1.0417": [0, -1.75, 0],
						"1.2083": [0.33, -4.75, 1.5],
						"1.3333": [0.5, -1.75, 0],
						"2.0": [0, 0, 0]
					}
				},
				"neck2": {
					"rotation": {
						"0.0": ["12.4656+1*math.cos(q.anim_time*90*2-180)*1", 0.46369, -0.51866],
						"0.4167": ["12.4656+1*math.cos(q.anim_time*90*2-180)*1", 0.46369, -0.51866],
						"1.0417": ["23.0221+1*math.cos(q.anim_time*90*2-180)*1", 2.81397, 16.79815],
						"1.2083": [8.37021, 0.54021, -1.39981],
						"1.3333": ["22.4836+1*math.cos(q.anim_time*90*2-180)*1", -0.59666, -10.49879],
						"1.4167": ["22.4593+1*math.cos(q.anim_time*90*2-180)*1", 0.03643, -5.53895],
						"2.0": ["12.4656+1*math.cos(q.anim_time*90*2-180)*1", 0.46369, -0.51866]
					},
					"position": {
						"0.0": [0, 0, 0],
						"0.4167": [0, 0, 0],
						"1.0417": [0, -1.25, 0],
						"2.0": [0, 0, 0]
					}
				},
				"neck3": {
					"rotation": {
						"0.0": ["2.5+1*math.cos(q.anim_time*90*2-210)*1", 0, 0],
						"0.4167": ["2.5+1*math.cos(q.anim_time*90*2-210)*1", 0, 0],
						"1.0417": ["2.8046+1*math.cos(q.anim_time*90*2-210)*1", 1.9908, 17.38992],
						"1.2083": [0.67366, 4.0137, -5.66645],
						"1.3333": ["5.6593+1*math.cos(q.anim_time*90*2-210)*1", 5.02515, -17.19464],
						"1.4167": ["6.3471+1*math.cos(q.anim_time*90*2-210)*1", 5.45616, -9.67554],
						"2.0": ["2.5+1*math.cos(q.anim_time*90*2-210)*1", 0, 0]
					},
					"position": {
						"0.0": [0, 0, 0],
						"0.4167": [0, 0, 0],
						"1.0417": [0, -1.5, 0],
						"1.3333": [-0.5, -1.5, 0],
						"2.0": [0, 0, 0]
					}
				},
				"neck4": {
					"rotation": {
						"0.0": ["7.5+1*math.cos(q.anim_time*90*2-240)*1", 0, 0],
						"0.4167": ["7.5+1*math.cos(q.anim_time*90*2-240)*1", 0, 0],
						"1.0417": ["7.9201+1*math.cos(q.anim_time*90*2-240)*1", 1.90017, 24.93231],
						"1.3333": ["7.5855+1*math.cos(q.anim_time*90*2-240)*1", -1.03798, -17.47195],
						"1.4167": ["7.4687+1*math.cos(q.anim_time*90*2-240)*1", 0.37387, 2.479],
						"2.0": ["7.5+1*math.cos(q.anim_time*90*2-240)*1", 0, 0]
					},
					"position": {
						"0.0": [0, 0, 0],
						"0.4167": [0, 0, 0],
						"1.0417": [0, -0.75, 0],
						"2.0": [0, 0, 0]
					}
				},
				"head": {
					"rotation": {
						"0.0": ["-27.5+1*math.cos(q.anim_time*90*2-240)*1", 0, 0],
						"0.4167": ["-27.5+1*math.cos(q.anim_time*90*2-240)*1", 0, 0],
						"1.0417": ["-27.2788+1*math.cos(q.anim_time*90*2-240)*1", 2.04721, 12.33385],
						"1.3333": ["-27.3214+1*math.cos(q.anim_time*90*2-240)*1", -1.85276, -12.3649],
						"2.0": ["-27.5+1*math.cos(q.anim_time*90*2-240)*1", 0, 0]
					},
					"position": {
						"0.0": [0, -3.75, 0],
						"0.4167": [0, -3.75, 0],
						"2.0": [0, -3.75, 0]
					}
				},
				"ear_left": {
					"rotation": ["15-1*math.sin(q.anim_time*90*2)*3", 0, "1*math.sin(q.anim_time*90*2)*3"]
				},
				"ear_left2": {
					"rotation": [0, 0, "1*math.sin(q.anim_time*90*2)*3"]
				},
				"ear_left3": {
					"rotation": [0, 0, "1*math.sin(q.anim_time*90*2)*4"]
				},
				"ear_left4": {
					"rotation": [0, 0, "1*math.sin(q.anim_time*90*2)*5"]
				},
				"ear_right": {
					"rotation": ["15-1*math.sin(q.anim_time*90*2)*3", 0, "-1*math.sin(q.anim_time*90*2)*3"]
				},
				"ear_right2": {
					"rotation": [0, 0, "-1*math.sin(q.anim_time*90*2)*3"]
				},
				"ear_right3": {
					"rotation": [0, 0, "-1*math.sin(q.anim_time*90*2)*4"]
				},
				"ear_right4": {
					"rotation": [0, 0, "-1*math.sin(q.anim_time*90*2)*5"]
				},
				"tail": {
					"rotation": ["-1*math.sin(q.anim_time*90*2)*3", 0, 0]
				},
				"tail_bottom": {
					"rotation": ["-1*math.sin(q.anim_time*90*2)*3", 0, 0]
				},
				"tail_bottom2": {
					"rotation": ["-1*math.sin(q.anim_time*90*2)*3", 0, 0]
				},
				"tail_bottom3": {
					"rotation": ["-1*math.sin(q.anim_time*90*2)*3", 0, 0]
				},
				"tail_top": {
					"rotation": ["-1*math.sin(q.anim_time*90*2)*3", 0, 0]
				},
				"tail_top2": {
					"rotation": ["-1*math.sin(q.anim_time*90*2)*3", 0, 0]
				},
				"leg_back_left1": {
					"rotation": ["-10+2*math.cos(q.anim_time*90*2-30)*1", 0, 0],
					"position": [0, "1-0.2*math.cos(q.anim_time*90*2-30)*1", "-0.17*math.cos(q.anim_time*90*2-30)*1"]
				},
				"leg_back_left2": {
					"rotation": ["2.5-3*math.cos(q.anim_time*90*2-30)*1", 0, 0]
				},
				"foot_back_left": {
					"rotation": ["7.5+1*math.cos(q.anim_time*90*2-30)*1", 0, 0]
				},
				"leg_front_left1": {
					"rotation": ["-8.75+2*math.cos(q.anim_time*90*2-30)*1", 0, 0],
					"position": [0, 0.75, 2.75]
				},
				"leg_front_left2": {
					"rotation": ["2.5-4*math.cos(q.anim_time*90*2-30)*1", 0, 0]
				},
				"foot_front_left": {
					"rotation": ["6.25+2*math.cos(q.anim_time*90*2-30)*1", 0, 0],
					"position": [0, "-0.075-0.26*math.cos(q.anim_time*90*2-30)*1", "0.07*math.cos(q.anim_time*90*2-30)*1"]
				},
				"leg_front_right1": {
					"rotation": ["-8.75+2*math.cos(q.anim_time*90*2-30)*1", 0, 0],
					"position": [0, "0.675-0.26*math.cos(q.anim_time*90*2-30)*1", "2.75+0.07*math.cos(q.anim_time*90*2-30)*1"]
				},
				"leg_front_right2": {
					"rotation": ["2.5-4*math.cos(q.anim_time*90*2-30)*1", 0, 0]
				},
				"foot_front_right": {
					"rotation": ["6.25+2*math.cos(q.anim_time*90*2-30)*1", 0, 0]
				},
				"leg_back_right1": {
					"rotation": ["-10+2*math.cos(q.anim_time*90*2-30)*1", 0, 0],
					"position": [0, "1-0.2*math.cos(q.anim_time*90*2-30)*1", "-0.17*math.cos(q.anim_time*90*2-30)*1"]
				},
				"leg_back_right2": {
					"rotation": ["2.5-3*math.cos(q.anim_time*90*2-30)*1", 0, 0]
				},
				"foot_back_right": {
					"rotation": ["7.5+1*math.cos(q.anim_time*90*2-30)*1", 0, 0]
				},
				"dust": {
					"position": [0, -7, 0],
					"scale": 0
				},
				"dust2": {
					"position": [0, -7, 0],
					"scale": 0
				},
				"dust3": {
					"position": [0, -7, 0],
					"scale": 0
				},
				"snout": {
					"rotation": ["2.5-1*math.cos(q.anim_time*90*2-240)*1", 0, 0]
				},
				"nose": {
					"rotation": ["2.5-1*math.cos(q.anim_time*90*2-240)*1", 0, 0]
				},
				"mouth": {
					"rotation": [-2.5, 0, 0]
				},
				"body": {
					"position": [0, -0.75, 0]
				},
				"brow_right": {
					"rotation": [35, 0, 0],
					"position": [0, -0.25, -1.25]
				},
				"eye_right": {
					"rotation": [12.5, 0, 0]
				},
				"brow_left": {
					"rotation": [35, 0, 0],
					"position": [0, -0.25, -1.25]
				},
				"eye_left": {
					"rotation": [12.5, 0, 0]
				}
			}
		},
		"animation.mortaraid.status": {
			"animation_length": 2.5,
			"bones": {
				"torso": {
					"rotation": ["-5.0325+0.521*math.cos(q.anim_time*90*2-30)*1", "0.75*math.cos(q.anim_time*90*2-30)*1", "-1*math.cos(q.anim_time*90*2-30)*1"],
					"position": [0, "1.25-0.4*math.cos(q.anim_time*90*2)*1", 1]
				},
				"chest": {
					"rotation": {
						"0.0": ["1*math.cos(q.anim_time*90*2-30)*1", 0, 0],
						"2.5": ["1*math.cos(q.anim_time*90*2-30)*1", 0, 0]
					}
				},
				"neck1": {
					"rotation": {
						"0.0": ["-7.5+0.25*math.cos(q.anim_time*90*2-150)*1", "-0.5*math.cos(q.anim_time*90*2-30)*1", 0],
						"2.5": ["-7.5+0.25*math.cos(q.anim_time*90*2-150)*1", "-0.5*math.cos(q.anim_time*90*2-30)*1", 0]
					}
				},
				"neck2": {
					"rotation": {
						"0.0": ["12.4656+1*math.cos(q.anim_time*90*2-180)*1", 0.46369, -0.51866],
						"2.5": ["12.4656+1*math.cos(q.anim_time*90*2-180)*1", 0.46369, -0.51866]
					}
				},
				"neck3": {
					"rotation": {
						"0.0": ["2.5+1*math.cos(q.anim_time*90*2-210)*1", 0, 0],
						"2.5": ["2.5+1*math.cos(q.anim_time*90*2-210)*1", 0, 0]
					}
				},
				"neck4": {
					"rotation": {
						"0.0": ["7.5+1*math.cos(q.anim_time*90*2-240)*1", 0, 0],
						"2.5": ["-5.0325+0.521*math.cos(q.anim_time*90*2-30)*1", "0.75*math.cos(q.anim_time*90*2-30)*1", "-1*math.cos(q.anim_time*90*2-30)*1"]
					}
				},
				"head": {
					"rotation": {
						"0.0": ["-27.5+1*math.cos(q.anim_time*90*2-240)*1", 0, 0],
						"1.0": ["-37.5+1*math.cos(q.anim_time*90*2-240)*1", 0, 0],
						"1.25": ["2.9633+1*math.cos(q.anim_time*90*2-240)*1", -11.66037, -4.5355],
						"1.4167": ["2.9639+1*math.cos(q.anim_time*90*2-240)*1", 11.65767, 4.54251],
						"1.5833": ["2.9633+1*math.cos(q.anim_time*90*2-240)*1", -11.66037, -4.5355],
						"2.2083": ["-27.5+1*math.cos(q.anim_time*90*2-240)*1", 0, 0]
					},
					"position": {
						"0.0": [0, -3.75, 0],
						"2.2083": [0, -3.75, 0]
					}
				},
				"ear_left": {
					"rotation": ["15-1*math.sin(q.anim_time*90*2)*3", 0, "1*math.sin(q.anim_time*90*2)*3"]
				},
				"ear_left2": {
					"rotation": [0, 0, "1*math.sin(q.anim_time*90*2)*3"]
				},
				"ear_left3": {
					"rotation": [0, 0, "1*math.sin(q.anim_time*90*2)*4"]
				},
				"ear_left4": {
					"rotation": [0, 0, "1*math.sin(q.anim_time*90*2)*5"]
				},
				"ear_right": {
					"rotation": ["15-1*math.sin(q.anim_time*90*2)*3", 0, "-1*math.sin(q.anim_time*90*2)*3"]
				},
				"ear_right2": {
					"rotation": [0, 0, "-1*math.sin(q.anim_time*90*2)*3"]
				},
				"ear_right3": {
					"rotation": [0, 0, "-1*math.sin(q.anim_time*90*2)*4"]
				},
				"ear_right4": {
					"rotation": [0, 0, "-1*math.sin(q.anim_time*90*2)*5"]
				},
				"tail": {
					"rotation": ["-1*math.sin(q.anim_time*90*2)*3", 0, 0]
				},
				"tail_bottom": {
					"rotation": ["-1*math.sin(q.anim_time*90*2)*3", 0, 0]
				},
				"tail_bottom2": {
					"rotation": ["-1*math.sin(q.anim_time*90*2)*3", 0, 0]
				},
				"tail_bottom3": {
					"rotation": ["-1*math.sin(q.anim_time*90*2)*3", 0, 0]
				},
				"tail_top": {
					"rotation": ["-1*math.sin(q.anim_time*90*2)*3", 0, 0]
				},
				"tail_top2": {
					"rotation": ["-1*math.sin(q.anim_time*90*2)*3", 0, 0]
				},
				"leg_back_left1": {
					"rotation": {
						"0.0": ["-10+2*math.cos(q.anim_time*90*2-30)*1", 0, 0],
						"2.5": ["-10+2*math.cos(q.anim_time*90*2-30)*1", 0, 0]
					},
					"position": {
						"0.0": [0, "1-0.2*math.cos(q.anim_time*90*2-30)*1", "-0.17*math.cos(q.anim_time*90*2-30)*1"],
						"2.5": [0, "1-0.2*math.cos(q.anim_time*90*2-30)*1", "-0.17*math.cos(q.anim_time*90*2-30)*1"]
					}
				},
				"leg_back_left2": {
					"rotation": {
						"0.0": ["2.5-3*math.cos(q.anim_time*90*2-30)*1", 0, 0],
						"2.5": ["2.5-3*math.cos(q.anim_time*90*2-30)*1", 0, 0]
					}
				},
				"foot_back_left": {
					"rotation": ["7.5+1*math.cos(q.anim_time*90*2-30)*1", 0, 0]
				},
				"leg_front_left1": {
					"rotation": {
						"0.0": ["-8.75+2*math.cos(q.anim_time*90*2-30)*1", 0, 0],
						"2.5": ["-8.75+2*math.cos(q.anim_time*90*2-30)*1", 0, 0]
					},
					"position": {
						"0.0": [0, 0.75, 2.75],
						"2.5": [0, 0.75, 2.75]
					}
				},
				"leg_front_left2": {
					"rotation": {
						"0.0": ["2.5-4*math.cos(q.anim_time*90*2-30)*1", 0, 0],
						"2.5": ["2.5-4*math.cos(q.anim_time*90*2-30)*1", 0, 0]
					}
				},
				"foot_front_left": {
					"rotation": ["6.25+2*math.cos(q.anim_time*90*2-30)*1", 0, 0],
					"position": [0, "-0.075-0.26*math.cos(q.anim_time*90*2-30)*1", "0.07*math.cos(q.anim_time*90*2-30)*1"]
				},
				"leg_front_right1": {
					"rotation": {
						"0.0": ["-8.75+2*math.cos(q.anim_time*90*2-30)*1", 0, 0],
						"2.5": ["-8.75+2*math.cos(q.anim_time*90*2-30)*1", 0, 0]
					},
					"position": {
						"0.0": [0, "0.675-0.26*math.cos(q.anim_time*90*2-30)*1", "2.75+0.07*math.cos(q.anim_time*90*2-30)*1"],
						"2.5": [0, "0.675-0.26*math.cos(q.anim_time*90*2-30)*1", "2.75+0.07*math.cos(q.anim_time*90*2-30)*1"]
					}
				},
				"leg_front_right2": {
					"rotation": {
						"0.0": ["2.5-4*math.cos(q.anim_time*90*2-30)*1", 0, 0],
						"2.5": ["2.5-4*math.cos(q.anim_time*90*2-30)*1", 0, 0]
					}
				},
				"foot_front_right": {
					"rotation": ["6.25+2*math.cos(q.anim_time*90*2-30)*1", 0, 0]
				},
				"leg_back_right1": {
					"rotation": {
						"0.0": ["-10+2*math.cos(q.anim_time*90*2-30)*1", 0, 0],
						"2.5": ["-10+2*math.cos(q.anim_time*90*2-30)*1", 0, 0]
					},
					"position": {
						"0.0": [0, "1-0.2*math.cos(q.anim_time*90*2-30)*1", "-0.17*math.cos(q.anim_time*90*2-30)*1"],
						"2.5": [0, "1-0.2*math.cos(q.anim_time*90*2-30)*1", "-0.17*math.cos(q.anim_time*90*2-30)*1"]
					}
				},
				"leg_back_right2": {
					"rotation": {
						"0.0": ["2.5-3*math.cos(q.anim_time*90*2-30)*1", 0, 0],
						"2.5": ["2.5-3*math.cos(q.anim_time*90*2-30)*1", 0, 0]
					}
				},
				"foot_back_right": {
					"rotation": ["7.5+1*math.cos(q.anim_time*90*2-30)*1", 0, 0]
				},
				"dust": {
					"position": [0, -7, 0],
					"scale": {
						"0.0": [0, 0, 0],
						"1.25": [0, 0, 0],
						"1.375": [1, 3.9, 1],
						"1.5": [0, 0, 0],
						"1.625": [1, 3.9, 1],
						"1.75": [0, 0, 0],
						"1.875": [1, 3.9, 1],
						"2.0": [0, 0, 0]
					}
				},
				"dust2": {
					"position": [0, -7, 0],
					"scale": {
						"0.0": [0, 0, 0],
						"1.1667": [0, 0, 0],
						"1.2917": [1, 3.9, 1],
						"1.4167": [0, 0, 0],
						"1.5417": [1, 3.9, 1],
						"1.6667": [0, 0, 0],
						"1.7917": [1, 3.9, 1],
						"1.9167": [0, 0, 0]
					}
				},
				"dust3": {
					"position": [0, -7, 0],
					"scale": {
						"0.0": [0, 0, 0],
						"1.2083": [0, 0, 0],
						"1.3333": [1, 3.9, 1],
						"1.4583": [0, 0, 0],
						"1.5833": [1, 3.9, 1],
						"1.7083": [0, 0, 0],
						"1.8333": [1, 3.9, 1],
						"1.9583": [0, 0, 0]
					}
				},
				"snout": {
					"rotation": ["2.5-1*math.cos(q.anim_time*90*2-240)*1", 0, 0],
					"scale": {
						"0.0": [1, 1, 1],
						"1.25": [1, 1.1, 1],
						"1.2917": [1, 1, 1],
						"1.3333": [1, 1.1, 1],
						"1.375": [1, 1, 1],
						"1.4167": [1, 1.1, 1],
						"1.4583": [1, 1, 1],
						"1.5": [1, 1.1, 1],
						"1.5417": [1, 1, 1],
						"1.5833": [1, 1.1, 1],
						"1.625": [1, 1, 1]
					}
				},
				"nose": {
					"rotation": ["2.5-1*math.cos(q.anim_time*90*2-240)*1", 0, 0]
				},
				"mouth": {
					"rotation": [-2.5, 0, 0]
				},
				"body": {
					"position": [0, -0.75, 0]
				},
				"brow_right": {
					"rotation": [35, 0, 0],
					"position": [0, -0.25, -1.25]
				},
				"eye_right": {
					"rotation": [12.5, 0, 0]
				},
				"brow_left": {
					"rotation": [35, 0, 0],
					"position": [0, -0.25, -1.25]
				},
				"eye_left": {
					"rotation": [12.5, 0, 0]
				},
				"pots": {
					"rotation": {
						"0.0": [0, 0, 0],
						"1.0": [0, -90, 0],
						"1.75": [0, 360, 0]
					}
				},
				"pot": {
					"scale": {
						"1.25": [1, 1, 1],
						"1.375": [1, 1.4, 1],
						"1.5": [1, 1, 1],
						"1.625": [1, 1.4, 1],
						"1.75": [1, 1, 1],
						"1.875": [1, 1.4, 1],
						"2.0": [1, 1, 1]
					}
				},
				"pot2": {
					"scale": {
						"0.0": [1, 1, 1],
						"0.75": [1, 1, 1],
						"1.1667": [1, 1, 1],
						"1.2917": [1, 1.4, 1],
						"1.4167": [1, 1, 1],
						"1.5417": [1, 1.4, 1],
						"1.6667": [1, 1, 1],
						"1.7917": [1, 1.4, 1],
						"1.9167": [1, 1, 1],
						"2.5": [1, 1, 1]
					}
				},
				"pot3": {
					"scale": {
						"1.2083": [1, 1, 1],
						"1.3333": [1, 1.4, 1],
						"1.4583": [1, 1, 1],
						"1.5833": [1, 1.4, 1],
						"1.7083": [1, 1, 1],
						"1.8333": [1, 1.4, 1],
						"1.9583": [1, 1, 1]
					}
				}
			}
		},
		"animation.mortaraid.recoil": {
			"animation_length": 0.4583,
			"bones": {
				"torso": {
					"rotation": {
						"0.0": {
							"post": [0, 0, 0],
							"lerp_mode": "catmullrom"
						},
						"0.1667": {
							"post": [-10, 0, 0],
							"lerp_mode": "catmullrom"
						},
						"0.4167": {
							"post": [0, 0, 0],
							"lerp_mode": "catmullrom"
						}
					},
					"position": {
						"0.0": {
							"post": [0, 0, 0],
							"lerp_mode": "catmullrom"
						},
						"0.1667": {
							"post": [0, 0, -0.5],
							"lerp_mode": "catmullrom"
						},
						"0.4167": {
							"post": [0, 0, 0],
							"lerp_mode": "catmullrom"
						}
					}
				},
				"neck2": {
					"rotation": {
						"0.0": {
							"post": [0, 0, 0],
							"lerp_mode": "catmullrom"
						},
						"0.1667": {
							"post": [-10, 0, 0],
							"lerp_mode": "catmullrom"
						},
						"0.4167": {
							"post": [0, 0, 0],
							"lerp_mode": "catmullrom"
						}
					}
				},
				"neck3": {
					"rotation": {
						"0.0": {
							"post": [0, 0, 0],
							"lerp_mode": "catmullrom"
						},
						"0.1667": {
							"post": [-15, 0, 0],
							"lerp_mode": "catmullrom"
						},
						"0.4167": {
							"post": [0, 0, 0],
							"lerp_mode": "catmullrom"
						}
					}
				},
				"head": {
					"rotation": {
						"0.0": {
							"post": [0, 0, 0],
							"lerp_mode": "catmullrom"
						},
						"0.1667": {
							"post": [-12.5, 0, 0],
							"lerp_mode": "catmullrom"
						},
						"0.4167": {
							"post": [0, 0, 0],
							"lerp_mode": "catmullrom"
						}
					}
				},
				"brow_right": {
					"position": {
						"0.0": {
							"post": [0, 0, 0],
							"lerp_mode": "catmullrom"
						},
						"0.1667": {
							"post": [0, 1, 0.75],
							"lerp_mode": "catmullrom"
						},
						"0.4167": {
							"post": [0, 0, 0],
							"lerp_mode": "catmullrom"
						}
					}
				},
				"eye_right": {
					"scale": {
						"0.0": [1, 1, 1],
						"0.0417": [1, 0, 1],
						"0.125": [1, 0, 1],
						"0.1667": [1, 0.6, 1],
						"0.4167": [1, 1, 1]
					}
				},
				"brow_left": {
					"position": {
						"0.0": {
							"post": [0, 0, 0],
							"lerp_mode": "catmullrom"
						},
						"0.1667": {
							"post": [0, 1, 0.75],
							"lerp_mode": "catmullrom"
						},
						"0.4167": {
							"post": [0, 0, 0],
							"lerp_mode": "catmullrom"
						}
					}
				},
				"eye_left": {
					"scale": {
						"0.0": [1, 1, 1],
						"0.0417": [1, 0, 1],
						"0.125": [1, 0, 1],
						"0.1667": [1, 0.6, 1],
						"0.4167": [1, 1, 1]
					}
				},
				"ear_left": {
					"rotation": {
						"0.0": [0, 0, 0],
						"0.125": [15, 0, -47.5],
						"0.3333": [0, 0, 5],
						"0.4583": [0, 0, 0]
					}
				},
				"ear_right": {
					"rotation": {
						"0.0": [0, 0, 0],
						"0.125": [15, 0, 47.5],
						"0.3333": [0, 0, -5],
						"0.4583": [0, 0, 0]
					}
				},
				"snout": {
					"rotation": {
						"0.0": {
							"post": [0, 0, 0],
							"lerp_mode": "catmullrom"
						},
						"0.1667": {
							"post": [15, 0, 0],
							"lerp_mode": "catmullrom"
						},
						"0.4167": {
							"post": [0, 0, 0],
							"lerp_mode": "catmullrom"
						}
					},
					"position": {
						"0.0": {
							"post": [0, 0, 0],
							"lerp_mode": "catmullrom"
						},
						"0.1667": {
							"post": [0, -1.25, 0.75],
							"lerp_mode": "catmullrom"
						},
						"0.4167": {
							"post": [0, 0, 0],
							"lerp_mode": "catmullrom"
						}
					}
				},
				"tail": {
					"rotation": {
						"0.0": {
							"post": [0, 0, 0],
							"lerp_mode": "catmullrom"
						},
						"0.1667": {
							"post": [10, 0, 0],
							"lerp_mode": "catmullrom"
						},
						"0.4167": {
							"post": [0, 0, 0],
							"lerp_mode": "catmullrom"
						}
					}
				}
			}
		},
		"animation.mortaraid.faint": {
			"animation_length": 5.8333,
			"bones": {
				"torso": {
					"rotation": {
						"0.0": {
							"post": [0, 0, 0],
							"lerp_mode": "catmullrom"
						},
						"0.1667": {
							"post": [-10, 0, 0],
							"lerp_mode": "catmullrom"
						},
						"0.5833": {
							"post": [0.35, 0, 0],
							"lerp_mode": "catmullrom"
						},
						"1.2917": {
							"post": [0, 0, 0],
							"lerp_mode": "catmullrom"
						}
					},
					"position": {
						"0.0": {
							"post": [0, 0, 0],
							"lerp_mode": "catmullrom"
						},
						"0.1667": {
							"post": [0, 0, -0.5],
							"lerp_mode": "catmullrom"
						}
					}
				},
				"chest": {
					"rotation": {
						"0.0": {
							"post": [1, 0, 0],
							"lerp_mode": "catmullrom"
						},
						"1.2917": {
							"post": [-1.75, 0, 0],
							"lerp_mode": "catmullrom"
						}
					}
				},
				"neck1": {
					"rotation": {
						"0.0": {
							"post": [-7.5, -0.5, 0],
							"lerp_mode": "catmullrom"
						},
						"0.5833": {
							"post": [4.85142, -0.20624, 0],
							"lerp_mode": "catmullrom"
						},
						"1.2917": {
							"post": [-25.7162, 0, 0],
							"lerp_mode": "catmullrom"
						}
					}
				},
				"neck2": {
					"rotation": {
						"0.0": {
							"post": [0, 0, 0],
							"lerp_mode": "catmullrom"
						},
						"0.1667": {
							"post": [-10, 0, 0],
							"lerp_mode": "catmullrom"
						},
						"0.5833": {
							"post": [-5, 0, 0],
							"lerp_mode": "catmullrom"
						},
						"1.2917": {
							"post": [-1.5239, 0, 0],
							"lerp_mode": "catmullrom"
						}
					}
				},
				"neck3": {
					"rotation": {
						"0.0": {
							"post": [0, 0, 0],
							"lerp_mode": "catmullrom"
						},
						"0.1667": {
							"post": [-15, 0, 0],
							"lerp_mode": "catmullrom"
						},
						"1.2917": {
							"post": [-18.7512, 0, 0],
							"lerp_mode": "catmullrom"
						}
					}
				},
				"neck4": {
					"rotation": {
						"0.0": {
							"post": [7.5, 0, 0],
							"lerp_mode": "catmullrom"
						},
						"1.2917": {
							"post": [-6.5191, 0, 0],
							"lerp_mode": "catmullrom"
						}
					}
				},
				"head": {
					"rotation": {
						"0.0": {
							"post": [0, 0, 0],
							"lerp_mode": "catmullrom"
						},
						"0.1667": {
							"post": [-12.5, 0, 0],
							"lerp_mode": "catmullrom"
						},
						"1.2917": {
							"post": [16.7014, 0, 0],
							"lerp_mode": "catmullrom"
						}
					},
					"position": {
						"0.0": {
							"post": [0, -3.75, 0],
							"lerp_mode": "catmullrom"
						}
					}
				},
				"ear_left": {
					"rotation": {
						"0.0": {
							"post": [0, 0, 0],
							"lerp_mode": "catmullrom"
						},
						"0.125": {
							"post": [15, 0, -47.5],
							"lerp_mode": "catmullrom"
						},
						"0.3333": {
							"post": [0, 0, 5],
							"lerp_mode": "catmullrom"
						},
						"0.625": {
							"post": [0, 0, 0],
							"lerp_mode": "catmullrom"
						},
						"1.2917": {
							"post": [-42.5, 0, 0],
							"lerp_mode": "catmullrom"
						}
					}
				},
				"ear_left2": {
					"rotation": {
						"0.0": {
							"post": [0, 0, 0],
							"lerp_mode": "catmullrom"
						},
						"1.2917": {
							"post": [0, 0, 12.5],
							"lerp_mode": "catmullrom"
						}
					}
				},
				"ear_left3": {
					"rotation": {
						"0.0": {
							"post": [0, 0, 0],
							"lerp_mode": "catmullrom"
						}
					}
				},
				"ear_left4": {
					"rotation": {
						"0.0": {
							"post": [0, 0, 0],
							"lerp_mode": "catmullrom"
						}
					}
				},
				"ear_right": {
					"rotation": {
						"0.0": {
							"post": [0, 0, 0],
							"lerp_mode": "catmullrom"
						},
						"0.125": {
							"post": [15, 0, 47.5],
							"lerp_mode": "catmullrom"
						},
						"0.3333": {
							"post": [0, 0, -5],
							"lerp_mode": "catmullrom"
						},
						"0.625": {
							"post": [0, 0, 0],
							"lerp_mode": "catmullrom"
						},
						"1.2917": {
							"post": [-42.5, 0, 0],
							"lerp_mode": "catmullrom"
						}
					}
				},
				"ear_right2": {
					"rotation": {
						"0.0": {
							"post": [0, 0, 0],
							"lerp_mode": "catmullrom"
						},
						"1.2917": {
							"post": [0, 0, -12.5],
							"lerp_mode": "catmullrom"
						}
					}
				},
				"ear_right3": {
					"rotation": {
						"0.0": {
							"post": [0, 0, 0],
							"lerp_mode": "catmullrom"
						},
						"1.2917": {
							"post": [0, 0, 0],
							"lerp_mode": "catmullrom"
						}
					}
				},
				"ear_right4": {
					"rotation": {
						"0.0": {
							"post": [0, 0, 0],
							"lerp_mode": "catmullrom"
						}
					}
				},
				"tail": {
					"rotation": {
						"0.0": {
							"post": [0, 0, 0],
							"lerp_mode": "catmullrom"
						},
						"0.1667": {
							"post": [10, 0, 0],
							"lerp_mode": "catmullrom"
						},
						"0.5833": {
							"post": [0, 0, 0],
							"lerp_mode": "catmullrom"
						}
					}
				},
				"tail_bottom": {
					"rotation": {
						"0.0": {
							"post": [0, 0, 0],
							"lerp_mode": "catmullrom"
						},
						"1.2917": {
							"post": [0, 0, 0],
							"lerp_mode": "catmullrom"
						}
					}
				},
				"tail_bottom2": {
					"rotation": {
						"0.0": {
							"post": [0, 0, 0],
							"lerp_mode": "catmullrom"
						},
						"1.2917": {
							"post": [0, 0, 0],
							"lerp_mode": "catmullrom"
						}
					}
				},
				"tail_bottom3": {
					"rotation": {
						"0.0": {
							"post": [0, 0, 0],
							"lerp_mode": "catmullrom"
						},
						"1.2917": {
							"post": [0, 0, 0],
							"lerp_mode": "catmullrom"
						}
					}
				},
				"tail_top": {
					"rotation": {
						"0.0": {
							"post": [0, 0, 0],
							"lerp_mode": "catmullrom"
						},
						"1.2917": {
							"post": [0, 0, 0],
							"lerp_mode": "catmullrom"
						}
					}
				},
				"tail_top2": {
					"rotation": {
						"0.0": {
							"post": [0, 0, 0],
							"lerp_mode": "catmullrom"
						},
						"1.2917": {
							"post": [0, 0, 0],
							"lerp_mode": "catmullrom"
						}
					}
				},
				"leg_back_left1": {
					"rotation": {
						"0.0": {
							"post": [-10, 0, 0],
							"lerp_mode": "catmullrom"
						},
						"1.2917": {
							"post": [-17.83917, -17.67932, -6.09727],
							"lerp_mode": "catmullrom"
						}
					},
					"position": {
						"0.0": {
							"post": [0, 1, 0],
							"lerp_mode": "catmullrom"
						},
						"1.2917": {
							"post": [0.9, 1.7, 1.625],
							"lerp_mode": "catmullrom"
						}
					}
				},
				"leg_back_left2": {
					"rotation": {
						"0.0": {
							"post": [2.5, 0, 0],
							"lerp_mode": "catmullrom"
						},
						"1.2917": {
							"post": [-72.25, 0, 0],
							"lerp_mode": "catmullrom"
						}
					}
				},
				"foot_back_left": {
					"rotation": {
						"0.0": {
							"post": [7.5, 0, 0],
							"lerp_mode": "catmullrom"
						},
						"1.2917": {
							"post": [7.5, 0, 0],
							"lerp_mode": "catmullrom"
						}
					}
				},
				"leg_front_left1": {
					"rotation": {
						"0.0": {
							"post": [-8.75, 0, 0],
							"lerp_mode": "catmullrom"
						},
						"1.2917": {
							"post": [44.2782, -20.89335, 0.09024],
							"lerp_mode": "catmullrom"
						}
					},
					"position": {
						"0.0": {
							"post": [0, 0.75, 2.75],
							"lerp_mode": "catmullrom"
						},
						"1.2917": {
							"post": [1.675, 4.275, -0.375],
							"lerp_mode": "catmullrom"
						}
					}
				},
				"leg_front_left2": {
					"rotation": {
						"0.0": {
							"post": [2.5, 0, 0],
							"lerp_mode": "catmullrom"
						},
						"1.2917": {
							"post": [-88.25, 0, 0],
							"lerp_mode": "catmullrom"
						}
					}
				},
				"foot_front_left": {
					"rotation": {
						"0.0": {
							"post": [6.25, 0, 0],
							"lerp_mode": "catmullrom"
						},
						"1.2917": {
							"post": [44.5, 0, 0],
							"lerp_mode": "catmullrom"
						}
					},
					"position": {
						"0.0": {
							"post": [0, -0.075, 0.07],
							"lerp_mode": "catmullrom"
						}
					}
				},
				"leg_front_right1": {
					"rotation": {
						"0.0": {
							"post": [-8.75, 0, 0],
							"lerp_mode": "catmullrom"
						},
						"1.2917": {
							"post": [44.2782, 20.89335, -0.09024],
							"lerp_mode": "catmullrom"
						}
					},
					"position": {
						"0.0": {
							"post": [0, 0.675, 2.75],
							"lerp_mode": "catmullrom"
						},
						"1.2917": {
							"post": [-1.675, 4.275, -0.375],
							"lerp_mode": "catmullrom"
						}
					}
				},
				"leg_front_right2": {
					"rotation": {
						"0.0": {
							"post": [2.5, 0, 0],
							"lerp_mode": "catmullrom"
						},
						"1.2917": {
							"post": [-88.25, 0, 0],
							"lerp_mode": "catmullrom"
						}
					}
				},
				"foot_front_right": {
					"rotation": {
						"0.0": {
							"post": [6.25, 0, 0],
							"lerp_mode": "catmullrom"
						},
						"1.2917": {
							"post": [44.5, 0, 0],
							"lerp_mode": "catmullrom"
						}
					}
				},
				"leg_back_right1": {
					"rotation": {
						"0.0": {
							"post": [-10, 0, 0],
							"lerp_mode": "catmullrom"
						},
						"1.2917": {
							"post": [-17.83917, 17.67932, 6.09727],
							"lerp_mode": "catmullrom"
						}
					},
					"position": {
						"0.0": {
							"post": [0, 1, 0],
							"lerp_mode": "catmullrom"
						},
						"1.2917": {
							"post": [-0.9, 1.7, 1.625],
							"lerp_mode": "catmullrom"
						}
					}
				},
				"leg_back_right2": {
					"rotation": {
						"0.0": {
							"post": [2.5, 0, 0],
							"lerp_mode": "catmullrom"
						},
						"1.2917": {
							"post": [-72.25, 0, 0],
							"lerp_mode": "catmullrom"
						}
					}
				},
				"foot_back_right": {
					"rotation": {
						"0.0": {
							"post": [7.5, 0, 0],
							"lerp_mode": "catmullrom"
						},
						"1.2917": {
							"post": [7.5, 0, 0],
							"lerp_mode": "catmullrom"
						}
					}
				},
				"dust": {
					"position": {
						"0.0": {
							"post": [0, -7, 0],
							"lerp_mode": "catmullrom"
						},
						"1.2917": {
							"post": [0, -7, 0],
							"lerp_mode": "catmullrom"
						}
					},
					"scale": {
						"0.0": {
							"post": [0, 0, 0],
							"lerp_mode": "catmullrom"
						},
						"1.2917": {
							"post": [0, 0, 0],
							"lerp_mode": "catmullrom"
						}
					}
				},
				"dust2": {
					"position": {
						"0.0": {
							"post": [0, -7, 0],
							"lerp_mode": "catmullrom"
						},
						"1.2917": {
							"post": [0, -7, 0],
							"lerp_mode": "catmullrom"
						}
					},
					"scale": {
						"0.0": {
							"post": [0, 0, 0],
							"lerp_mode": "catmullrom"
						},
						"1.2917": {
							"post": [0, 0, 0],
							"lerp_mode": "catmullrom"
						}
					}
				},
				"dust3": {
					"position": {
						"0.0": {
							"post": [0, -7, 0],
							"lerp_mode": "catmullrom"
						},
						"1.2917": {
							"post": [0, -7, 0],
							"lerp_mode": "catmullrom"
						}
					},
					"scale": {
						"0.0": {
							"post": [0, 0, 0],
							"lerp_mode": "catmullrom"
						},
						"1.2917": {
							"post": [0, 0, 0],
							"lerp_mode": "catmullrom"
						}
					}
				},
				"snout": {
					"rotation": {
						"0.0": {
							"post": [0, 0, 0],
							"lerp_mode": "catmullrom"
						},
						"0.1667": {
							"post": [15, 0, 0],
							"lerp_mode": "catmullrom"
						},
						"0.4167": {
							"post": [0, 0, 0],
							"lerp_mode": "catmullrom"
						},
						"1.2917": {
							"post": [2.5, 0, 0],
							"lerp_mode": "catmullrom"
						}
					},
					"position": {
						"0.0": {
							"post": [0, 0, 0],
							"lerp_mode": "catmullrom"
						},
						"0.1667": {
							"post": [0, -1.25, 0.75],
							"lerp_mode": "catmullrom"
						},
						"0.4167": {
							"post": [0, 0, 0],
							"lerp_mode": "catmullrom"
						}
					}
				},
				"nose": {
					"rotation": {
						"0.0": {
							"post": [2.5, 0, 0],
							"lerp_mode": "catmullrom"
						},
						"1.2917": {
							"post": [0, 0, 0],
							"lerp_mode": "catmullrom"
						}
					}
				},
				"mouth": {
					"rotation": {
						"0.0": {
							"post": [-2.5, 0, 0],
							"lerp_mode": "catmullrom"
						},
						"1.2917": {
							"post": [-2.5, 0, 0],
							"lerp_mode": "catmullrom"
						}
					}
				},
				"body": {
					"position": {
						"0.0": {
							"post": [0, -0.75, 0],
							"lerp_mode": "catmullrom"
						},
						"1.2917": {
							"post": [0, -13.275, 0],
							"lerp_mode": "catmullrom"
						}
					}
				},
				"brow_right": {
					"rotation": {
						"0.0": {
							"post": [35, 0, 0],
							"lerp_mode": "catmullrom"
						},
						"1.2917": {
							"post": [-15, 0, 0],
							"lerp_mode": "catmullrom"
						}
					},
					"position": {
						"0.0": {
							"post": [0, 0, 0],
							"lerp_mode": "catmullrom"
						},
						"0.1667": {
							"post": [0, 1, 0.75],
							"lerp_mode": "catmullrom"
						},
						"0.4167": {
							"post": [0, 0, 0],
							"lerp_mode": "catmullrom"
						}
					}
				},
				"eye_right": {
					"rotation": {
						"0.0": {
							"post": [12.5, 0, 0],
							"lerp_mode": "catmullrom"
						}
					},
					"scale": {
						"0.0": {
							"post": [1, 1, 1],
							"lerp_mode": "catmullrom"
						},
						"0.125": {
							"post": [1, 1, 1],
							"lerp_mode": "catmullrom"
						},
						"0.25": {
							"post": [1, 1, 1],
							"lerp_mode": "catmullrom"
						},
						"0.5": {
							"post": [1, 1, 1],
							"lerp_mode": "catmullrom"
						},
						"1.2917": {
							"post": [1, 0, 1],
							"lerp_mode": "catmullrom"
						}
					}
				},
				"brow_left": {
					"rotation": {
						"0.0": [35, 0, 0],
						"1.0": [-15, 0, 0]
					},
					"position": {
						"0.0": [0, 0, 0],
						"0.1667": [0, 1, 0.75],
						"0.4167": [0, 0, 0]
					}
				},
				"eye_left": {
					"rotation": {
						"0.0": {
							"post": [12.5, 0, 0],
							"lerp_mode": "catmullrom"
						}
					},
					"scale": {
						"0.0": {
							"post": [1, 1, 1],
							"lerp_mode": "catmullrom"
						},
						"0.125": {
							"post": [1, 1, 1],
							"lerp_mode": "catmullrom"
						},
						"0.25": {
							"post": [1, 1, 1],
							"lerp_mode": "catmullrom"
						},
						"0.5": {
							"post": [1, 1, 1],
							"lerp_mode": "catmullrom"
						},
						"1.2917": {
							"post": [1, 0, 1],
							"lerp_mode": "catmullrom"
						}
					}
				},
				"pot_head": {
					"rotation": {
						"1.2917": {
							"pre": [25, 0, 0],
							"post": [25, 0, 0],
							"lerp_mode": "catmullrom"
						}
					},
					"position": {
						"1.2917": {
							"pre": [0, -8.25, -3],
							"post": [0, -8.25, -3],
							"lerp_mode": "catmullrom"
						}
					}
				},
				"thumb_front_left": {
					"rotation": {
						"1.2917": {
							"pre": [0, -42.5, 0],
							"post": [0, -42.5, 0],
							"lerp_mode": "catmullrom"
						}
					}
				},
				"thumb_front_right": {
					"rotation": {
						"1.2917": {
							"pre": [0, 42.5, 0],
							"post": [0, 42.5, 0],
							"lerp_mode": "catmullrom"
						}
					}
				}
			}
		},
		"animation.mortaraid.cry": {
			"animation_length": 0.625,
			"bones": {
				"neck1": {
					"rotation": {
						"0.0": {
							"post": [0, 0, 0],
							"lerp_mode": "catmullrom"
						},
						"0.125": {
							"post": [0, 0, 0],
							"lerp_mode": "catmullrom"
						},
						"0.2917": {
							"post": [-5, 0, 0],
							"lerp_mode": "catmullrom"
						},
						"0.4583": {
							"post": [-5, 0, 0],
							"lerp_mode": "catmullrom"
						},
						"0.625": {
							"post": [0, 0, 0],
							"lerp_mode": "catmullrom"
						}
					}
				},
				"neck2": {
					"rotation": {
						"0.0": {
							"post": [0, 0, 0],
							"lerp_mode": "catmullrom"
						},
						"0.125": {
							"post": [0, 0, 0],
							"lerp_mode": "catmullrom"
						},
						"0.2917": {
							"post": [-5, 0, 0],
							"lerp_mode": "catmullrom"
						},
						"0.4583": {
							"post": [-5, 0, 0],
							"lerp_mode": "catmullrom"
						},
						"0.625": {
							"post": [0, 0, 0],
							"lerp_mode": "catmullrom"
						}
					}
				},
				"neck3": {
					"rotation": {
						"0.0": {
							"post": [0, 0, 0],
							"lerp_mode": "catmullrom"
						},
						"0.125": {
							"post": [0, 0, 0],
							"lerp_mode": "catmullrom"
						},
						"0.2917": {
							"post": [-10, 0, 0],
							"lerp_mode": "catmullrom"
						},
						"0.4583": {
							"post": [-5, 0, 0],
							"lerp_mode": "catmullrom"
						},
						"0.625": {
							"post": [0, 0, 0],
							"lerp_mode": "catmullrom"
						}
					}
				},
				"neck4": {
					"rotation": {
						"0.0": {
							"post": [0, 0, 0],
							"lerp_mode": "catmullrom"
						},
						"0.125": {
							"post": [0, 0, 0],
							"lerp_mode": "catmullrom"
						},
						"0.2917": {
							"post": [-10, 0, 0],
							"lerp_mode": "catmullrom"
						},
						"0.4583": {
							"post": [-5, 0, 0],
							"lerp_mode": "catmullrom"
						},
						"0.625": {
							"post": [0, 0, 0],
							"lerp_mode": "catmullrom"
						}
					}
				},
				"mouth": {
					"rotation": {
						"0.0": {
							"post": [0, 0, 0],
							"lerp_mode": "catmullrom"
						},
						"0.2917": {
							"post": [7.5, 0, 0],
							"lerp_mode": "catmullrom"
						},
						"0.4583": {
							"post": [10, 0, 0],
							"lerp_mode": "catmullrom"
						},
						"0.625": {
							"post": [0, 0, 0],
							"lerp_mode": "catmullrom"
						}
					}
				},
				"snout": {
					"rotation": {
						"0.0": {
							"post": [0, 0, 0],
							"lerp_mode": "catmullrom"
						},
						"0.125": {
							"post": [0, 0, 0],
							"lerp_mode": "catmullrom"
						},
						"0.2917": {
							"post": [-10, 0, 0],
							"lerp_mode": "catmullrom"
						},
						"0.4583": {
							"post": [-5, 0, 0],
							"lerp_mode": "catmullrom"
						},
						"0.625": {
							"post": [0, 0, 0],
							"lerp_mode": "catmullrom"
						}
					}
				},
				"nose": {
					"rotation": {
						"0.0": {
							"post": [0, 0, 0],
							"lerp_mode": "catmullrom"
						},
						"0.125": {
							"post": [0, 0, 0],
							"lerp_mode": "catmullrom"
						},
						"0.2917": {
							"post": [-5, 0, 0],
							"lerp_mode": "catmullrom"
						},
						"0.4583": {
							"post": [-2.5, 0, 0],
							"lerp_mode": "catmullrom"
						},
						"0.625": {
							"post": [0, 0, 0],
							"lerp_mode": "catmullrom"
						}
					}
				}
			},
			"sound_effects": {
				"0.125": {
					"effect": "pokemon.mortaraid.cry"
				}
			}
		}
	}
}