{
    "implemented": true,
"name": "anglerine",
"nationalPokedexNumber": 2027,
"labels": [ "custom" ],
"pokedex": [
  "cobblemon.species.anglerine.desc1",
  "cobblemon.species.anglerine.desc2"
],
"height": 24,
"weight": 2700,
"preEvolution": "lanturn",
"forms": [
  { "name": "normal" }
],
"shoulderMountable": false,


"primaryType": "electric",
  "secondaryType": "water",
  "baseStats": {
    "hp": 125,
    "attack": 60,
    "defence": 110,
    "special_attack": 125,
    "special_defence": 95,
    "speed": 35
  },
  "catchRate": 25,
  "maleRatio": 0.5,
  "baseExperienceYield": 275,
  "experienceGroup": "slow",
  "eggCycles": 20,
  "eggGroups": [
    "water_2"
  ],
  "baseFriendship": 50,
  "evYield": {
    "hp": 1,
    "special_attack": 2
  },

    "moves": [
        "1:bubble",
        "1:eerieimpulse",
        "1:electroball",
        "1:spitup",
        "1:spotlight",
        "1:stockpile",
        "1:supersonic",
        "1:swallow",
        "1:thunderwave",
        "1:watergun",
        "12:bubblebeam",
        "16:confuseray",
        "20:spark",
        "24:chillingwater",
        "29:signalbeam",
        "30:thunderbolt",
        "36:aquaring",
        "42:surf",
        "48:thunder",
        "60:waterspout",
        "tm:agility",
        "tm:amnesia",
        "tm:attract",
        "tm:blizzard",
        "tm:bounce",
        "tm:brine",
        "tm:captivate",
        "tm:chargebeam",
        "tm:confide",
        "tm:dazzlinggleam",
        "tm:dive",
        "tm:doubleteam",
        "tm:eerieimpulse",
        "tm:electroball",
        "tm:endure",
        "tm:facade",
        "tm:flash",
        "tm:frustration",
        "tm:gigaimpact",
        "tm:hail",
        "tm:hiddenpower",
        "tm:hydropump",
        "tm:hyperbeam",
        "tm:icebeam",
        "tm:icywind",
        "tm:naturalgift",
        "tm:protect",
        "tm:raindance",
        "tm:rest",
        "tm:return",
        "tm:round",
        "tm:scald",
        "tm:screech",
        "tm:secretpower",
        "tm:shockwave",
        "tm:sleeptalk",
        "tm:snore",
        "tm:substitute",
        "tm:surf",
        "tm:swagger",
        "tm:thunder",
        "tm:thunderbolt",
        "tm:toxic",
        "tm:voltswitch",
        "tm:waterfall",
        "tm:waterpulse",
        "tm:whirlpool",
        "tm:wildcharge",
        "tutor:aquatail",
        "tutor:attract",
        "tutor:bounce",
        "tutor:bubble",
        "tutor:confuseray",
        "tutor:curse",
        "tutor:dive",
        "tutor:doubleteam",
        "tutor:endure",
        "tutor:flail",
        "tutor:flash",
        "tutor:frustration",
        "tutor:healbell",
        "tutor:hiddenpower",
        "tutor:hydropump",
        "tutor:hyperbeam",
        "tutor:icywind",
        "tutor:mimic",
        "tutor:protect",
        "tutor:raindance",
        "tutor:rest",
        "tutor:return",
        "tutor:risingvoltage",
        "tutor:shockwave",
        "tutor:signalbeam",
        "tutor:sleeptalk",
        "tutor:snore",
        "tutor:spark",
        "tutor:substitute",
        "tutor:suckerpunch",
        "tutor:supersonic",
        "tutor:surf",
        "tutor:swagger",
        "tutor:takedown",
        "tutor:thunder",
        "tutor:thunderwave",
        "tutor:toxic",
        "tutor:waterfall",
        "tutor:watergun",
        "tutor:waterpulse",
        "tutor:whirlpool",
        "tutor:zapcannon"
      ],
      "abilities": [
        "lightningrod",
        "raindish",
        "h:stormdrain"
      ],


        "baseScale": 1.9,
"hitbox": {
  "width": 1.2,
  "height": 1.5,
  "fixed": false
},
"drops": {
"amount": "2",
  "entries": [
    {
      "item": "minecraft:glowstone",
      "quantityRange": "1-2",
      "percentage": 66
    }
  ]
},
"behaviour": {
  "moving": {
    "canLook": false,
    "fly": {
      "canFly": false
    },          
    "walk": {
      "canWalk": true,
      "avoidsLand": true
    },
    "swim": {
      "swimSpeed": 0.2,
      "canSwimInWater": true,
      "canBreatheUnderwater": true
    }
  },
    "resting": {
      "canSleep": true,
      "willSleepOnBed": false,
      "depth": "normal",
      "light": "0-4"
    
    }
}
}