{
    "implemented": true,
    "name": "citrillume",
    "nationalPokedexNumber": 2000,
    "primaryType": "grass",
    "secondaryType": "flying",
    "abilities": [
      "overgrow",
      "h:speedboost"
    ],
    "baseStats": {
      "hp": 53,
      "attack": 55,
      "defence": 48,
      "special_attack": 55,
      "special_defence": 41,
      "speed": 68
    },
    "catchRate": 45,
    "maleRatio": 0.875,
    "shoulderMountable": false,
    "baseExperienceYield": 64,
    "experienceGroup": "medium_slow",
    "eggCycles": 15,
    "eggGroups": [
      "flying"
    ],
    "behaviour": {
        "resting": {
            "canSleep": true,
            "willSleepOnBed": true,
            "depth": "normal",
            "light": "0-4"
          },
      "moving": {
        "fly": {
          "canFly": true
        }
      }
    },
    "drops": {
      "amount": 3,
      "entries": [
        {
          "item": "minecraft:feather",
          "quantityRange": "0-1"
        },
        {
          "item": "cobblemon:lum_berry"
        },
        {
          "item": "cobblemon:miracle_seed",
          "percentage": 5.0
        }
      ]
    },
    "moves": [
      "1:leer",
      "1:tackle",
      "3:leafage",
      "6:nuzzle",
      "9:peck",
      "12:quickattack",
      "15:razorleaf",
      "16:spark",
      "18:agility",
      "18:synthesis",
      "21:pluck",
      "24:swordsdance",
      "27:thunderclap",
      "29:electroball",
      "30:leafblade",
      "33:featherdance",
      "36:bravebird",

      "egg:batonpass",
      "egg:eerieimpulse",
      "egg:curse",
      "egg:defog",
      "egg:doubleteam",
      "egg:thunderwave",
      "egg:knockoff",
      "egg:spark",
      "egg:roost",

      "tm:electroball",
      "tm:aerialace",
      "tm:aircutter",
      "tm:airslash",
      "tm:attract",
      "tm:batonpass",
      "tm:bravebird",
      "tm:bulletseed",
      "tm:confide",
      "tm:eerieimpulse",
      "tm:doubleteam",
      "tm:dualwingbeat",
      "tm:echoedvoice",
      "tm:endure",
      "tm:energyball",
      "tm:facade",
      "tm:falseswipe",
      "tm:featherdance",
      "tm:frustration",
      "tm:gigadrain",
      "tm:grassknot",
      "tm:grasspledge",
      "tm:grassyglide",
      "tm:grassyterrain",
      "tm:thunderwave",
      "tm:helpinghand",
      "tm:hiddenpower",
      "tm:knockoff",
      "tm:leafblade",
      "tm:leafstorm",
      "tm:lightscreen",
      "tm:magicalleaf",
      "tm:swordsdance",
      "tm:naturepower",
      "tm:discharge",
      "tm:protect",
      "tm:raindance",
      "tm:rest",
      "tm:return",
      "tm:roost",
      "tm:round",
      "tm:safeguard",
      "tm:seedbomb",
      "tm:voltswitch",
      "tm:sleeptalk",
      "tm:snore",
      "tm:solarbeam",
      "tm:steelwing",
      "tm:substitute",
      "tm:sunnyday",
      "tm:swagger",
      "tm:swift",
      "tm:swordsdance",
      "tm:takedown",
      "tm:terablast",
      "tm:toxic",
      "tm:trailblaze",
      "tm:workup",
      "tm:thunderclap",
      "tm:wildcharge",

      "tutor:covet",
      "tutor:defog",
      "tutor:dualwingbeat",
      "tutor:gigadrain",
      "tutor:grasspledge",
      "tutor:grassyglide",
      "tutor:seedbomb",
      "tutor:skyattack",
      "tutor:snore",
      "tutor:synthesis",
      "tutor:worryseed"
    ],
    "labels": [
      "custom"
    ],
    "pokedex": [
      "cobblemon.species.citrillume.desc1",
      "cobblemon.species.citrillume.desc2"
    ],
    "evolutions": [
      {
        "id": "citrillume_limonzal",
        "variant": "level_up",
        "result": "limonzal",
        "consumeHeldItem": false,
        "learnableMoves": [],
        "requirements": [
          {
            "variant": "level",
            "minLevel": 16
          }
        ]
      }
    ],
    "baseScale": 0.7,
    "hitbox": {
      "width": 0.7,
      "height": 1.2,
      "fixed": false
    },
    "baseFriendship": 50,
    "evYield": {
      "hp": 0,
      "attack": 0,
      "defence": 0,
      "special_attack": 0,
      "special_defence": 0,
      "speed": 1
    },
    "height": 3,
    "weight": 7,
    "aspects": [],
    "cannotDynamax": false
  }
  