{
"implemented": true,
"name": "cyclopod",
"nationalPokedexNumber": 2033,
"labels": [ "custom" ],
"pokedex": [
  "cobblemon.species.cyclopod.desc1",
  "cobblemon.species.cyclopod.desc2"
],
"height": 6,
"weight": 50,

"shoulderMountable": false,

"primaryType": "water",
  "secondaryType": "dark",
  "baseStats": {
    "hp": 65,
    "attack": 65,
    "defence": 30,
    "special_attack": 160,
    "special_defence": 110,
    "speed": 110
  },
  "catchRate": 25,
  "maleRatio": 0.5,
  "baseExperienceYield": 189,
  "experienceGroup": "slow",
  "eggCycles": 40,
  "eggGroups": [
    "water_1"
  ],
  "baseFriendship": 50,
  "evYield": {
    "special_attack": 2
  },

    "moves": [
      "1:leer",
      "1:watergun",
      "5:gust",
      "10:mist",
      "15:aquaring",
      "20:foulplay",
      "25:embargo",
      "30:waterpulse",
      "35:brine",
      "40:bodyslam",
      "43:nastyplot",
      "45:darkpulse",
      "50:raindance",
      "55:surf",
      "60:taunt",
      "65:hurricane",
      "egg:ancientpower",
      "egg:chillingwater",
      "egg:curse",
      "egg:dragondance",
      "egg:dragonpulse",
      "egg:fissure",
      "egg:foresight",
      "egg:freezedry",
      "egg:futuresight",
      "egg:horndrill",
      "egg:refresh",
      "egg:sleeptalk",
      "egg:sparklingaria",
      "egg:substitute",
      "egg:tickle",
      "egg:whirlpool",
      "tm:alluringvoice",
      "tm:brutalswing",
      "tm:chillingwater",
      "tm:blizzard",
      "tm:bodypress",
      "tm:bodyslam",
      "tm:brine",
      "tm:bulldoze",
      "tm:captivate",
      "tm:charm",
      "tm:chillingwater",
      "tm:confide",
      "tm:embargo",
      "tm:curse",
      "tm:disarmingvoice",
      "tm:dive",
      "tm:doubleedge",
      "tm:doubleteam",
      "tm:dragoncheer",
      "tm:dragondance",
      "tm:dragonpulse",
      "tm:dreameater",
      "tm:drillrun",
      "tm:earthquake",
      "tm:echoedvoice",
      "tm:endure",
      "tm:facade",
      "tm:frostbreath",
      "tm:frustration",
      "tm:futuresight",
      "tm:gigaimpact",
      "tm:hail",
      "tm:haze",
      "tm:helpinghand",
      "tm:hiddenpower",
      "tm:surf",
      "tm:hyperbeam",
      "tm:hypervoice",
      "tm:darkpulse",
      "tm:iciclespear",
      "tm:icywind",
      "tm:ironhead",
      "tm:irontail",
      "tm:liquidation",
      "tm:megahorn",
      "tm:muddywater",
      "tm:naturalgift",
      "tm:outrage",
      "tm:protect",
      "tm:psychic",
      "tm:psychicnoise",
      "tm:raindance",
      "tm:reflect",
      "tm:rest",
      "tm:return",
      "tm:roar",
      "tm:rocksmash",
      "tm:round",
      "tm:nastyplot",
      "tm:secretpower",
      "tm:shockwave",
      "tm:sleeptalk",
      "tm:smartstrike",
      "tm:snore",
      "tm:snowscape",
      "tm:strength",
      "tm:substitute",
      "tm:surf",
      "tm:swagger",
      "tm:takedown",
      "tm:terablast",
      "tm:thunder",
      "tm:thunderbolt",
      "tm:toxic",
      "tm:waterfall",
      "tm:waterpulse",
      "tm:weatherball",
      "tm:whirlpool",
      "tm:zenheadbutt",
      "tutor:ancientpower",
      "tutor:aquatail",
      "tutor:brutalswing",
      "tutor:muddywater",
      "tutor:flatter",
      "tutor:blizzard",
      "tutor:soak",
      "tutor:bodyslam" 
      ],
      "abilities": [
        "drizzle",
        "h:arenatrap"
      ],


        "baseScale": 0.8,
"hitbox": {
  "width": 0.9,
  "height": 1.7,
  "fixed": false
},
"drops": {
"amount": "1",
  "entries": [
    {
      "item": "minecraft:glow_ink",
      "quantityRange": "1-2"
    }
  ]
},
"behaviour": {
  "moving": {
    "canLook": true,
    "fly": {
      "canFly": true
    },          
    "walk": {
      "canWalk": true,
      "avoidsLand": false
    },
    "swim": {
      "swimSpeed": 0.2,
      "canSwimInWater": true,
      "canBreatheUnderwater": true
    }
  },
    "resting": {
      "canSleep": true,
      "willSleepOnBed": false,
      "depth": "normal",
      "light": "0-4"
    
    }
}
}