{
    "implemented": true,
    "name": "dollamb",
    "nationalPokedexNumber": 2025,
    "labels": [ "custom" ],
    "primaryType": "normal",
    "abilities": [
      "adaptability",
      "h:adaptability"
    ],
    "baseStats": {
      "hp": 42,
      "attack": 40,
      "defence": 55,
      "special_attack": 40,
      "special_defence": 45,
      "speed": 48
    },
    "behaviour": {
        "moving": {
          "canLook": true,        
          "walk": {
            "canWalk": true,
            "walkSpeed":0.2
          }
        },
          "resting": {
            "canSleep": true,
            "willSleepOnBed": false,
            "depth": "normal",
            "light": "0-4"
          }
        },
    "catchRate": 255,
    "maleRatio": 0.5,
    "shoulderMountable": false,
    "baseExperienceYield": 122,
    "experienceGroup": "medium_fast",
    "eggCycles": 15,

    "eggGroups": [
      "field"
    ],
    "drops": {
      "amount": 3,
      "entries": [
        {
          "item": "minecraft:mutton",
          "quantityRange": "1-2"
        },
        {
          "item": "minecraft:white_wool"
        }
      ]
    },
    "moves": [
      "1:growl",
      "1:tackle",
      "4:recover",
      "8:copycat",
      "12:guardsplit",
      "16:doublekick",
      "21:headbutt",
      "25:takedown",
      "28:grassyglide",
      "egg:counter",
      "egg:stomp",
      "egg:swagger",
      "tm:agility",
      "tm:attract",
      "tm:electroball",
      "tm:endure",
      "tm:facade",
      "tm:guardswap",
      "tm:payback",
      "tm:protect",
      "tm:rest",
      "tm:reversal",
      "tm:round",
      "tm:sleeptalk",
      "tm:snore",
      "tm:substitute",
      "tm:thunderwave",
      "tm:wildcharge",
      "tutor:grassyglide"
    ],
    "pokedex": [
      "cobblemon.species.dollamb.desc1",
      "cobblemon.species.dollamb.desc2"
    ],
    "evolutions": [
      {
        "id": "dollamb_folly_lvl",
        "variant": "level_up",
        "result": "folly",
        "consumeHeldItem": false,
        "learnableMoves": ["acidspray"],
        "requirements": [
          {
            "variant": "level",
            "minLevel": 24
          }
        ]
      }
    ],
    "baseScale": 0.8,
    "hitbox": {
      "width": 0.4,
      "height": 0.75,
      "fixed": false
    },
    "baseFriendship": 50,
    "evYield": {
      "hp": 0,
      "attack": 0,
      "defence": 1,
      "special_attack": 0,
      "special_defence": 0,
      "speed": 0
    },
    "height": 6,
    "weight": 78,
    "aspects": [],
    "cannotDynamax": false
  }
  