{
    "implemented": true,
  "name": "ectomancer",
  "nationalPokedexNumber": 2032,
  "labels": [ "custom" ],
  "pokedex": [
  "cobblemon.species.ectomancer.desc1",
  "cobblemon.species.ectomancer.desc2"
  ],
  "preEvolution": "haghoula",
  "height": 20,
  "weight": 34,  
  
  "primaryType": "fairy",
  "secondaryType":"ghost",
  "baseStats": {
    "hp": 70,
    "attack": 70,
    "defence": 70,
    "special_attack": 105,
    "special_defence": 120,
    "speed": 75
  },
  "catchRate": 45,
  "maleRatio": 0,
  "baseExperienceYield": 255,
  "experienceGroup": "slow",
  "eggCycles": 20,
  "eggGroups": [
    "fairy"
  ],
  "baseFriendship": 50,
  "evYield": {
    "special_defence": 3
  },
  "moves": [
    "1:ominouswind",
    "1:grudge",
    "1:purify",
    "1:disarmingvoice",
    "15:hex",
    "15:magicroom",
    "20:mistball",
    "25:futuresight",
    "30:dazzlinggleam",
    "37:nastyplot",
    "46:shadowball",
    "55:moonblast",
    "64:eeriespell",

    "egg:quash",
    "egg:playnice",
    "egg:mysticalfire",
    "egg:wonderroom",
    "egg:perishsong",
    
    "tm:attract",
    "tm:batonpass",
    "tm:calmmind",
    "tm:charm",
    "tm:darkpulse",
    "tm:dazzlinggleam",
    "tm:disarmingvoice",
    "tm:drainingkiss",
    "tm:endure",
    "tm:expandingforce",
    "tm:facade",
    "tm:futuresight",
    "tm:gigadrain",
    "tm:helpinghand",
    "tm:imprison",
    "tm:lightscreen",
    "tm:magicalleaf",
    "tm:metronome",
    "tm:mistyterrain",
    "tm:mysticalfire",
    "tm:playrough",
    "tm:protect",
    "tm:psybeam",
    "tm:psychic",
    "tm:psychicterrain",
    "tm:psychup",
    "tm:psyshock",
    "tm:reflect",
    "tm:rest",
    "tm:round",
    "tm:safeguard",
    "tm:skillswap",
    "tm:sleeptalk",
    "tm:snore",
    "tm:storedpower",
    "tm:substitute",
    "tm:swift",
    "tm:terablast",
    "tm:thunderwave",
    "tm:trick",
    "tm:trickroom",
    "tm:futuresight",
    "tm:dazzlinggleam",
    "tm:nastyplot",
    "tm:shadowball",
    "tm:moonblast",

    "tutor:moonlight"

  ],
  "abilities": [
    "magician",
    "magicbounce",
    "h:magicguard"
  ],
  
  
  "baseScale": 0.8,
  "hitbox": {
  "width": 0.75,
  "height": 2.1,
  "fixed": false
  },
  "drops": {
  "amount": "1",
  "entries": [
    {
      "item": "minecraft:slime_ball",
      "quantityRange": "4-7"
    }
  ]
  },
  "behaviour": {
    "resting": {
      "canSleep": true,
      "willSleepOnBed": false,
      "depth": "normal",
      "light": "0-4"
    }
  }
  }