{
    "implemented": true,
    "name": "folly",
    "nationalPokedexNumber": 2026,
    "primaryType": "normal",
    "secondaryType":"poison",
    "labels":["custom"],
    "abilities": [
      "parentalbond",
      "h:parentalbond"
    ],
    "preEvolution":"dollamb",
    "baseStats": {
      "hp": 90,
      "attack": 50,
      "defence": 95,
      "special_attack": 125,
      "special_defence": 85,
      "speed": 65
    },
    "behaviour": {
        "moving": {
          "canLook": true,        
          "walk": {
            "canWalk": true,
            "walkSpeed":0.2
          }
        },
          "resting": {
            "canSleep": true,
            "willSleepOnBed": false,
            "depth": "normal",
            "light": "0-4"
          }
        },
    "catchRate": 255,
    "maleRatio": 0.5,
    "shoulderMountable": false,
    "baseExperienceYield": 122,
    "experienceGroup": "medium_fast",
    "eggCycles": 15,

    "eggGroups": [
      "field"
    ],
    "drops": {
      "amount": 3,
      "entries": [
        {
          "item": "minecraft:rotten_flesh",
          "quantityRange": "1-2"
        },
        {
          "item": "minecraft:green_wool"
        }
      ]
    },
    "moves": [
      "1:growl",
      "1:tackle",
      "4:recover",
      "8:copycat",
      "12:trailblaze",
      "16:doublekick",
      "21:headbutt",
      "25:takedown",
      "28:grassyglide",
      "30:banefulbunker",
      "32:venoshock",
      "36:lunge",
      "38:poisonfang",
      "40:sludgebomb",
      "egg:counter",
      "egg:stomp",
      "egg:swagger",
      "tm:agility",
      "tm:attract",
      "tm:electroball",
      "tm:endure",
      "tm:facade",
      "tm:guardswap",
      "tm:payback",
      "tm:protect",
      "tm:rest",
      "tm:reversal",
      "tm:round",
      "tm:sleeptalk",
      "tm:snore",
      "tm:substitute",
      "tm:thunderwave",
      "tm:wildcharge",
      "tutor:grassyglide"
    ],
    "pokedex": [
      "cobblemon.species.folly.desc1",
      "cobblemon.species.folly.desc2"
    ],
    "baseScale": 0.8,
    "hitbox": {
      "width": 0.8,
      "height": 0.75,
      "fixed": false
    },
    "baseFriendship": 50,
    "evYield": {
      "hp": 0,
      "attack": 0,
      "defence": 1,
      "special_attack": 0,
      "special_defence": 0,
      "speed": 0
    },
    "height": 6,
    "weight": 156,
    "aspects": [],
    "cannotDynamax": false
  }
  