{
    "implemented": true,
"name": "frostnatch",
"nationalPokedexNumber": 2017,
"labels": [ "custom" ],
"pokedex": [
  "cobblemon.species.frostnatch.desc1",
  "cobblemon.species.frostnatch.desc2"
],
"height": 3,
"weight": 18,

"shoulderMountable": false,
"shoulderEffects": [ "slow_fall" ],


"primaryType": "ice",
  "secondaryType": "dark",
  "baseStats": {
    "hp": 50,
    "attack": 40,
    "defence": 40,
    "special_attack": 85,
    "special_defence": 50,
    "speed": 70
  },
  "catchRate": 190,
  "maleRatio": 0.5,
  "baseExperienceYield": 67,
  "experienceGroup": "slow",
  "eggCycles": 25,
  "eggGroups": [
    "flying"
  ],
  "baseFriendship": 50,
  "evYield": {
    "speed": 1,
    "special_attack": 2
  },
  "moves": [
    "1:gust",
    "1:powdersnow",
    "4:taunt",
    "8:pursuit",
    "12:iceshard",
    "18:aerialace",
    "24:icywind",
    "30:knockoff",
    "36:darkpulse",
    "39:icebeam",
    "42:oblivionwing",
    "tm:blizzard",
    "tm:acrobatics",
    "tm:aerialace",
    "tm:aircutter",
    "tm:airslash",
    "tm:attract",
    "tm:bravebird",
    "tm:calmmind",
    "tm:captivate",
    "tm:confide",
    "tm:confuseray",
    "tm:darkpulse",
    "tm:defog",
    "tm:doubleteam",
    "tm:dreameater",
    "tm:embargo",
    "tm:endure",
    "tm:facade",
    "tm:fly",
    "tm:foulplay",
    "tm:frustration",
    "tm:gigaimpact",
    "tm:heatwave",
    "tm:hex",
    "tm:hiddenpower",
    "tm:hurricane",
    "tm:hyperbeam",
    "tm:icywind",
    "tm:auroraveil",
    "tm:nastyplot",
    "tm:nightshade",
    "tm:scaryface",
    "tm:secretpower",
    "tm:shadowball",
    "tm:sleeptalk",
    "tm:snarl",
    "tm:snatch",
    "tm:steelwing",
    "tm:substitute",
    "tm:sunnyday",
    "tm:swagger",
    "tm:tailwind",
    "tm:takedown",
    "tm:taunt",
    "tm:terablast",
    "tm:thief",
    "tm:thunderwave",
    "tm:torment",
    "tm:toxic",
    "tutor:aircutter",
    "tutor:captivate",
    "tutor:defog",
    "tutor:endure",
    "tutor:mimic",
    "tutor:naturalgift",
    "tutor:ominouswind",
    "tutor:secretpower",
    "tutor:snore",
    "tutor:steelwing",
    "tutor:twister"
  ],
  "abilities": [
    "slushrush",
    "galewings",
    "h:snowwarning"
  ],

  "evolutions": [
  {
    "id": "frostnatch_fimbulven_lvl",
    "variant": "level_up",
    "result": "fimbulven",
    "consumeHeldItem": false,
    "learnableMoves": [],
    "requirements": [
      {
        "variant": "level",
        "minLevel": 32
      }
    ]
  }
],


  "baseScale": 0.95,
"hitbox": {
  "width": 0.45,
  "height": 0.45,
  "fixed": false
},
"drops": {
"amount": "2",
  "entries": [
    {
      "item": "minecraft:ice",
      "quantityRange": "1-2",
      "percentage": 66
    },
    {
      "item": "minecraft:feather",
      "quantityRange": "1-2",
      "percentage": 66
    }
]
},
"behaviour": {
  "moving": {
    "canLook": true,
    "fly": {
      "canFly": false
    },          
    "swim": {
      "swimSpeed": 0.1,
      "canSwimInWater": true,
      "canBreatheUnderwater": false
    }
  },
    "resting": {
      "canSleep": true,
      "willSleepOnBed": true,
      "depth": "normal",
      "light": "0-4"
    }
  }
}