{
  "implemented": true,
  "name": "Fungalith",
  "nationalPokedexNumber": 2028,
  "primaryType": "ground",
  "labels": [ "custom" ],
  "abilities": [
    "arenatrap",
    "sandstream",
    "h:myceliummight"
  ],
  "drops": {
    "amount": 3,
    "entries": [
      {
        "item": "cobblemon:soft_sand",
        "percentage": 5.0
      },
      {
        "item": "minecraft:sand",
          "quantityRange": "5-12"
      },
      {
        "item": "minecraft:brown_mushroom"
      }
    ]
  },
  "baseStats": {
    "hp": 110,
    "attack": 145,
    "defence": 108,
    "special_attack": 68,
    "special_defence": 82,
    "speed": 35
  },
  "catchRate": 25,
  "maleRatio": 0.5,
  "shoulderMountable": false,
  "baseExperienceYield": 189,
  "experienceGroup": "slow",
  "eggCycles": 30,
  "eggGroups": [
    "amorphous",
    "monster"
  ],
  "behaviour": {
    "moving": {
      "stepHeight": 1.0,
      "walk": {
        "walkSpeed": 0.24
      }
    }
  },
  "moves": [
    "1:spore",
    "1:leechseed",
    "4:toxic",
    "8:tackle",
    "12:sandtomb",
    "15:infestation",
    "16:bulldoze",
    "20:stockpile",
    "20:spitup",
    "20:swallow",
    "24:spikes",
    "26:dig",
    "28:rockslide",
    "32:heavyslam",
    "36:bodypress",
    "40:shoreup",
    "43:earthquake",
    "44:yawn",
    "48:doubleedge",
    "52:fissure",

    "tm:spore",
    "tm:leechseed",
    "tm:toxic",
    "tm:tackle",
    "tm:sandtomb",
    "tm:infestation",
    "tm:bulldoze",
    "tm:stockpile",
    "tm:spitup",
    "tm:swallow",
    "tm:spikes",
    "tm:dig",
    "tm:rockslide",
    "tm:heavyslam",
    "tm:bodypress",
    "tm:shoreup",
    "tm:earthquake",
    "tm:yawn",
    "tm:doubleedge",
    "tm:fissure",
    "tm:stoneedge",
    "tm:poisonpowder",
    "tm:stunspore",
    "tm:sleeppowder",
    "tm:rest",
    "tm:gigadrain",
    "tm:earthpower",
    "tm:gigaimpact",
    "tm:crunch",

    "egg:seedbomb",
    "egg:rockblast",
    "egg:poisonfang",
    "egg:venoshock",

    "tutor:stoneedge",
    "tutor:poisonpowder",
    "tutor:stunspore",
    "tutor:sleeppowder",
    "tutor:rest",
    "tutor:gigadrain",
    "tutor:earthpower",
    "tutor:gigaimpact",
    "tutor:crunch"

  ],

  "pokedex": [
    "cobblemon.species.fungalith.desc1",
    "cobblemon.species.fungalith.desc2"
  ],
  "evolutions": [],
  "baseScale": 0.8,
  "hitbox": {
    "width": 2.2,
    "height": 2.4,
    "fixed": false
  },
  "baseFriendship": 50,
  "evYield": {
    "hp": 0,
    "attack": 2,
    "defence": 0,
    "special_attack": 0,
    "special_defence": 0,
    "speed": 0
  },
  "height": 21,
  "weight": 4600,
  "aspects": [],
  "cannotDynamax": false
}