{
    "implemented": true,
  "name": "haghoula",
  "nationalPokedexNumber": 2031,
  "labels": [ "custom" ],
  "pokedex": [
  "cobblemon.species.haghoula.desc1",
  "cobblemon.species.haghoula.desc2"
  ],
  "preEvolution": "slimara",
  "height": 20,
  "weight": 74,  
  
  "primaryType": "fairy",
  "secondaryType":"ghost",
  "baseStats": {
    "hp": 60,
    "attack": 45,
    "defence": 65,
    "special_attack": 75,
    "special_defence": 70,
    "speed": 55
  },
  "catchRate": 120,
  "maleRatio": 0,
  "baseExperienceYield": 130,
  "experienceGroup": "slow",
  "eggCycles": 20,
  "eggGroups": [
    "fairy"
  ],
  "baseFriendship": 50,
  "evYield": {
    "special_defence": 2
  },
  "moves": [
    "1:ominouswind",
    "1:grudge",
    "1:purify",
    "1:disarmingvoice",
    "1:hex",
    "15:magicroom",
    "20:mistball",
    "25:futuresight",
    "30:dazzlinggleam",
    "37:nastyplot",
    "44:shadowball",
    "51:moonblast",
    "55:eeriespell",

    "egg:quash",
    "egg:playnice",
    "egg:mysticalfire",
    "egg:wonderroom",
    "egg:perishsong",
    
    "tm:attract",
    "tm:batonpass",
    "tm:calmmind",
    "tm:charm",
    "tm:darkpulse",
    "tm:dazzlinggleam",
    "tm:disarmingvoice",
    "tm:drainingkiss",
    "tm:endure",
    "tm:expandingforce",
    "tm:facade",
    "tm:futuresight",
    "tm:gigadrain",
    "tm:helpinghand",
    "tm:imprison",
    "tm:lightscreen",
    "tm:magicalleaf",
    "tm:metronome",
    "tm:mistyterrain",
    "tm:mysticalfire",
    "tm:playrough",
    "tm:protect",
    "tm:psybeam",
    "tm:psychic",
    "tm:psychicterrain",
    "tm:psychup",
    "tm:psyshock",
    "tm:reflect",
    "tm:rest",
    "tm:round",
    "tm:safeguard",
    "tm:skillswap",
    "tm:sleeptalk",
    "tm:snore",
    "tm:storedpower",
    "tm:substitute",
    "tm:swift",
    "tm:terablast",
    "tm:thunderwave",
    "tm:trick",
    "tm:trickroom",
    "tm:futuresight",
    "tm:dazzlinggleam",
    "tm:nastyplot",
    "tm:shadowball",
    "tm:moonblast",

    "tutor:moonlight"

  ],
  "abilities": [
    "magician",
    "magicbounce",
    "h:magicguard"
  ],
  
  "evolutions": [
  {
    "id": "haghoula_ectomancer_lvl",
    "variant": "level_up",
    "result": "ectomancer",
    "consumeHeldItem": false,
    "learnableMoves": [],
    "requirements": [
      {
        "variant": "level",
        "minLevel": 42
      }
    ]
  }
  ],
  
  
  "baseScale": 0.8,
  "hitbox": {
  "width": 1,
  "height": 1.75,
  "fixed": false
  },
  "drops": {
  "amount": "1",
  "entries": [
    {
      "item": "minecraft:slime_ball",
      "quantityRange": "2-4"
    }
  ]
  },
  "behaviour": {
    "resting": {
      "canSleep": true,
      "willSleepOnBed": false,
      "depth": "normal",
      "light": "0-4"
    }
  }
  }