{
    "implemented": true,
    "name": "infernito",
    "nationalPokedexNumber": 2003,
    "primaryType": "fire",
    "abilities": [
      "blaze",
      "h:fluffy"
    ],
    "baseStats": {
      "hp": 40,
      "attack": 70,
      "defence": 60,
      "special_attack": 60,
      "special_defence": 40,
      "speed": 40
    },
    "behaviour": {
      "moving": {
        "walk": {
          "walkSpeed": 0.3
        }
      },
      "resting": {
        "canSleep": true,
        "willSleepOnBed": true,
        "depth": "normal",
        "light": "0-4"
      }
    },
    "catchRate": 45,
    "maleRatio": 0.875,
    "shoulderMountable": false,
    "baseExperienceYield": 62,
    "experienceGroup": "medium_slow",
    "eggCycles": 20,
    "eggGroups": [
      "monster"
    ],
    "drops": {
      "amount": 2,
      "entries": [
        {
          "item": "minecraft:red_wool",
          "quantityRange": "0-1"
        },
        {
          "item": "cobblemon:charcoal_stick",
          "percentage": 5.0
        }
      ]
    },
    "moves": [
      "1:growl",
      "1:scratch",
      "3:ember",
      "6:doubleslap",
      "9:flamecharge",
      "12:haze",
      "14:rocksmash",
      "15:babydolleyes",
      "18:assurance",
      "19:firespin",
      "21:iceshard",
      "24:dig",
      "27:focusenergy",
      "28:heatcrash",
      "30:flamethrower",
      "33:chillyreception",
      "36:icespinner",
      "39:flareblitz",
      "41:bellydrum",

      "egg:agility",
      "egg:batonpass",
      "egg:counter",
      "egg:crushclaw",
      "egg:curse",
      "egg:endure",
      "egg:chillyreception",
      "egg:feint",
      "egg:heatcrash",
      "egg:lastresort",
      "egg:lowkick",
      "egg:nightslash",
      "egg:rocksmash",
      "egg:icespinner",
      "egg:rockslide",
      "egg:smellingsalts",
      "egg:swagger",

      "tm:assurance",
      "tm:agility",
      "tm:assurance",
      "tm:attract",
      "tm:batonpass",
      "tm:bodyslam",
      "tm:dig",
      "tm:captivate",
      "tm:confide",
      "tm:curse",
      "tm:cut",
      "tm:dig",
      "tm:doubleedge",
      "tm:doubleteam",
      "tm:echoedvoice",
      "tm:endure",
      "tm:facade",
      "tm:chillyreception",
      "tm:fireblast",
      "tm:firepledge",
      "tm:firespin",
      "tm:flamecharge",
      "tm:flamethrower",
      "tm:flareblitz",
      "tm:focusenergy",
      "tm:frustration",
      "tm:heatwave",
      "tm:helpinghand",
      "tm:hiddenpower",
      "tm:honeclaws",
      "tm:incinerate",
      "tm:lowkick",
      "tm:megakick",
      "tm:megapunch",
      "tm:naturalgift",
      "tm:overheat",
      "tm:protect",
      "tm:rest",
      "tm:return",
      "tm:icespinner",
      "tm:rockslide",
      "tm:rocksmash",
      "tm:rocktomb",
      "tm:round",
      "tm:secretpower",
      "tm:shadowclaw",
      "tm:sleeptalk",
      "tm:snore",
      "tm:strength",
      "tm:substitute",
      "tm:sunnyday",
      "tm:swagger",
      "tm:swift",
      "tm:swordsdance",
      "tm:takedown",
      "tm:temperflare",
      "tm:terablast",
      "tm:toxic",
      "tm:uproar",
      "tm:willowisp",
      "tm:workup",

      "tutor:bodyslam",
      "tutor:dig",
      "tutor:counter",
      "tutor:defog",
      "tutor:doubleedge",
      "tutor:ember",
      "tutor:endure",
      "tutor:firepledge",
      "tutor:focusenergy",
      "tutor:growl",
      "tutor:headbutt",
      "tutor:heatwave",
      "tutor:helpinghand",
      "tutor:lastresort",
      "tutor:lowkick",
      "tutor:megakick",
      "tutor:megapunch",
      "tutor:mimic",
      "tutor:mudslap",
      "tutor:rockslide",
      "tutor:scratch",
      "tutor:seismictoss",
      "tutor:sleeptalk",
      "tutor:snore",
      "tutor:substitute",
      "tutor:swagger",
      "tutor:swift",
      "tutor:swordsdance"  
    ],
    "labels": [
      "custom"
    ],
    "pokedex": [
      "cobblemon.species.infernito.desc1",
      "cobblemon.species.infernito.desc2"
    ],
    "evolutions": [
      {
        "id": "infernito_pillosinge",
        "variant": "level_up",
        "result": "pillosinge",
        "consumeHeldItem": false,
        "learnableMoves": [],
        "requirements": [
          {
            "variant": "level",
            "minLevel": 16
          }
        ]
      }
    ],
    "baseScale": 0.7,
    "hitbox": {
      "width": 0.7,
      "height": 1.1,
      "fixed": false
    },
    "baseFriendship": 50,
    "evYield": {
      "hp": 0,
      "attack": 1,
      "defence": 0,
      "special_attack": 0,
      "special_defence": 0,
      "speed": 0
    },
    "height": 6,
    "weight": 85,
    "aspects": [],
    "cannotDynamax": false
  }
  