{
    "implemented": true,
    "name": "ludikappa",
    "nationalPokedexNumber": 2022,
    "primaryType": "water",
    "secondaryType": "grass",
    "labels":["custom"],
    "abilities": [
      "drizzle",
      "grassysurge",
      "h:raindish"
    ],
    "baseStats": {
      "hp": 100,
      "attack": 70,
      "defence": 110,
      "special_attack": 50,
      "special_defence": 120,
      "speed": 30
    },
    "catchRate": 45,
    "maleRatio": 0.5,
    "shoulderMountable": false,
    "baseExperienceYield": 240,
    "experienceGroup": "medium_slow",
    "eggCycles": 15,
    "eggGroups": [
      "water_1",
      "grass"
    ],
    "behaviour": {
      "moving": {
        "canLook": true,
        "swim": {
          "swimSpeed": 0.3,
          "canSwimInWater": true,
          "canBreatheUnderwater": true
        }
      },
      "resting": {
        "canSleep": true,
        "willSleepOnBed": false,
        "depth": "normal",
        "light": "0-4"
      }
    },
    "drops": {
      "amount": 5,
      "entries": [
        {
          "item": "minecraft:lily_pad",
          "quantityRange": "0-3"
        },
        {
          "item": "cobblemon:mental_herb",
          "percentage": 10.0
        },
        {
          "item": "cobblemon:kebia_berry",
          "percentage": 10.0
        }
      ]
    },
    "moves": [
      "1:absorb",
      "1:grassyglide",
      "1:bubblebeam",
      "1:energyball",
      "1:fakeout",
      "1:flail",
      "1:furyswipes",
      "1:gigadrain",
      "1:growl",
      "1:liquidation",
      "1:knockoff",
      "1:leafblade",
      "1:mist",
      "1:naturepower",
      "1:raindance",
      "1:partingshot",
      "1:watergun",
      "1:zenheadbutt",
      "tm:amnesia",
      "tm:attract",
      "tm:blizzard",
      "tm:bodyslam",
      "tm:brickbreak",
      "tm:bulletseed",
      "tm:captivate",
      "tm:chillingwater",
      "tm:confide",
      "tm:disarmingvoice",
      "tm:dive",
      "tm:doubleedge",
      "tm:doubleteam",
      "tm:drainpunch",
      "tm:echoedvoice",
      "tm:encore",
      "tm:endure",
      "tm:energyball",
      "tm:facade",
      "tm:firepunch",
      "tm:flash",
      "tm:fling",
      "tm:focusblast",
      "tm:focuspunch",
      "tm:frustration",
      "tm:gigadrain",
      "tm:gigaimpact",
      "tm:grassknot",
      "tm:grassyglide",
      "tm:grassyterrain",
      "tm:hail",
      "tm:hiddenpower",
      "tm:honeclaws",
      "tm:hydropump",
      "tm:hyperbeam",
      "tm:hypervoice",
      "tm:icebeam",
      "tm:icepunch",
      "tm:icespinner",
      "tm:icywind",
      "tm:knockoff",
      "tm:leafstorm",
      "tm:magicalleaf",
      "tm:megakick",
      "tm:megapunch",
      "tm:metronome",
      "tm:muddywater",
      "tm:mudshot",
      "tm:naturalgift",
      "tm:naturepower",
      "tm:poweruppunch",
      "tm:protect",
      "tm:raindance",
      "tm:rest",
      "tm:return",
      "tm:rockclimb",
      "tm:rocksmash",
      "tm:round",
      "tm:scald",
      "tm:secretpower",
      "tm:seedbomb",
      "tm:sleeptalk",
      "tm:snore",
      "tm:solarbeam",
      "tm:strength",
      "tm:substitute",
      "tm:sunnyday",
      "tm:surf",
      "tm:swagger",
      "tm:swift",
      "tm:swordsdance",
      "tm:takedown",
      "tm:terablast",
      "tm:thief",
      "tm:thunderpunch",
      "tm:toxic",
      "tm:trailblaze",
      "tm:uproar",
      "tm:waterfall",
      "tm:waterpulse",
      "tm:weatherball",
      "tm:whirlpool",
      "tm:zenheadbutt",
      "tutor:bodyslam",
      "tutor:counter",
      "tutor:dive",
      "tutor:doubleedge",
      "tutor:drainpunch",
      "tutor:dynamicpunch",
      "tutor:endure",
      "tutor:fakeout",
      "tutor:firepunch",
      "tutor:focuspunch",
      "tutor:gigadrain",
      "tutor:grassyglide",
      "tutor:headbutt",
      "tutor:hydropump",
      "tutor:hypervoice",
      "tutor:icebeam",
      "tutor:icepunch",
      "tutor:icywind",
      "tutor:knockoff",
      "tutor:megakick",
      "tutor:megapunch",
      "tutor:metronome",
      "tutor:mimic",
      "tutor:mudslap",
      "tutor:scald",
      "tutor:seedbomb",
      "tutor:seismictoss",
      "tutor:sleeptalk",
      "tutor:snore",
      "tutor:substitute",
      "tutor:sunnyday",
      "tutor:swagger",
      "tutor:swordsdance",
      "tutor:synthesis",
      "tutor:thunderpunch",
      "tutor:uproar",
      "tutor:waterpulse",
      "tutor:zenheadbutt"
    ],

    "pokedex": [
      "cobblemon.species.ludikappa.desc1",
      "cobblemon.species.ludikappa.desc2"
    ],
    "preEvolution": "lombre",
    "evolutions": [],
    "baseScale": 0.8,
    "hitbox": {
      "width": 0.9,
      "height": 2,
      "fixed": false
    },
    "baseFriendship": 50,
    "evYield": {
      "hp": 0,
      "attack": 0,
      "defence": 0,
      "special_attack": 0,
      "special_defence": 3,
      "speed": 0
    },
    "height": 18,
    "weight": 350,
    "aspects": [],
    "cannotDynamax": false
  }
  