{
    "implemented": true,
    "name": "potdary",
    "nationalPokedexNumber": 2006,
    "primaryType": "water",
    "abilities": [
      "torrent",
      "h:rockypayload"
    ],
    "baseStats": {
      "hp": 45,
      "attack": 48,
      "defence": 61,
      "special_attack": 60,
      "special_defence": 53,
      "speed": 43
    },
    "catchRate": 45,
    "maleRatio": 0.875,
    "shoulderMountable": false,
    "baseExperienceYield": 63,
    "experienceGroup": "medium_slow",
    "eggCycles": 20,
    "eggGroups": [
      "field",
      "water_1"
    ],
    "behaviour": {
      "resting": {
        "canSleep": true,
        "willSleepOnBed": true,
        "depth": "normal",
        "light": "0-4"
      },
      "moving": {
        "walk": {
          "walkSpeed": 0.29
        },
        "swim": {
          "canSwimInWater": true,
          "canBreatheUnderwater": false
        }
      }
    },
    "drops": {
      "amount": 2,
      "entries": [
        {
          "item": "minecraft:decorated_pot",
          "quantityRange": "0-1"
        },
        {
          "item": "cobblemon:mystic_water",
          "percentage": 5.0
        }
      ]
    },
    "moves": [
      "1:tailwhip",
      "1:tackle",
      "3:watergun",
      "6:doublekick",
      "9:quickattack",
      "9:rockthrow",
      "12:soak",
      "12:protect",
      "15:withdraw",
      "17:bide",
      "18:waterpulse",
      "20:watersport",
      "21:rockslide",
      "24:takedown",
      "27:torment",
      "30:surf",
      "33:rockpolish",
      "33:endeavor",
      "36:hydropump",
      "39:powergem",

      "egg:ancientpower",
      "egg:avalanche",
      "egg:barrier",
      "egg:bite",
      "egg:counter",
      "egg:curse",
      "egg:doubleedge",
      "egg:iceball",
      "egg:mirrorcoat",
      "egg:mudbomb",
      "egg:quickattack",
      "egg:refresh",
      "egg:sludge",
      "egg:stomp",
      "egg:uproar",
      "egg:endeavor",
      "egg:wideguard",

      "tm:torment",
      "tm:attract",
      "tm:avalanche",
      "tm:blizzard",
      "tm:bodyslam",
      "tm:captivate",
      "tm:chillingwater",
      "tm:confide",
      "tm:curse",
      "tm:dig",
      "tm:dive",
      "tm:doubleedge",
      "tm:doubleteam",
      "tm:earthpower",
      "tm:echoedvoice",
      "tm:hydropump",
      "tm:endure",
      "tm:facade",
      "tm:frustration",
      "tm:hail",
      "tm:hiddenpower",
      "tm:powergem",
      "tm:icebeam",
      "tm:icywind",
      "tm:irontail",
      "tm:liquidation",
      "tm:lowkick",
      "tm:muddywater",
      "tm:mudshot",
      "tm:quickattack",
      "tm:naturalgift",
      "tm:protect",
      "tm:raindance",
      "tm:rest",
      "tm:return",
      "tm:roar",
      "tm:rockslide",
      "tm:doublekick",
      "tm:rocktomb",
      "tm:round",
      "tm:scald",
      "tm:rockpolish",
      "tm:secretpower",
      "tm:sleeptalk",
      "tm:sludgewave",
      "tm:snore",
      "tm:strength",
      "tm:substitute",
      "tm:superpower",
      "tm:surf",
      "tm:swagger",
      "tm:takedown",
      "tm:terablast",
      "tm:toxic",
      "tm:uproar",
      "tm:waterfall",
      "tm:waterpledge",
      "tm:waterpulse",
      "tm:endeavor",
      "tm:workup",
      "tm:yawn",
      "tm:stoneedge",
      "tm:stealthrock",

      "tutor:ancientpower",
      "tutor:aquatail",
      "tutor:bodyslam",
      "tutor:defensecurl",
      "tutor:dive",
      "tutor:doubleedge",
      "tutor:earthpower",
      "tutor:hydropump",
      "tutor:endure",
      "tutor:tailwhip",
      "tutor:headbutt",
      "tutor:icywind",
      "tutor:irontail",
      "tutor:lowkick",
      "tutor:mimic",
      "tutor:quickattack",
      "tutor:rollout",
      "tutor:sleeptalk",
      "tutor:snore",
      "tutor:substitute",
      "tutor:superpower",
      "tutor:swagger",
      "tutor:tackle",
      "tutor:uproar",
      "tutor:watergun",
      "tutor:waterpledge",
      "tutor:waterpulse"  
    ],
    "labels": [
      "custom"
    ],
    "pokedex": [
      "cobblemon.species.potdary.desc1",
      "cobblemon.species.potdary.desc2"
    ],
    "evolutions": [
      {
        "id": "potdary_vasaddle",
        "variant": "level_up",
        "result": "vasaddle",
        "consumeHeldItem": false,
        "learnableMoves": [],
        "requirements": [
          {
            "variant": "level",
            "minLevel": 16
          }
        ]
      }
    ],
    "baseScale": 0.7,
    "hitbox": {
      "width": 0.7,
      "height": 1.0,
      "fixed": false
    },
    "baseFriendship": 50,
    "evYield": {
      "hp": 0,
      "attack": 0,
      "defence": 1,
      "special_attack": 0,
      "special_defence": 0,
      "speed": 0
    },
    "height": 4,
    "weight": 102,
    "aspects": [],
    "cannotDynamax": false
  }
  