{
    "implemented": true,
    "name": "shiboom",
    "nationalPokedexNumber": 2014,
    "primaryType": "fire",
    "secondaryType": "dragon",
    "labels": [ "custom" ],
    "abilities": [
      "flashfire",
      "unburden",
      "h:aerilate"
    ],
    "preEvolution":"krillcracker",
    "baseStats": {
      "hp": 57,
      "attack": 120,
      "defence": 54,
      "special_attack": 66,
      "special_defence": 55,
      "speed": 138
    },
    "behaviour": {
        "moving": {
          "canLook": true,
          "fly": {
            "canFly": true
          },          
          "walk": {
            "canWalk": true,
            "avoidsLand": false
          },
          "resting": {
            "canSleep": true,
            "willSleepOnBed": false,
            "depth": "normal",
            "light": "0-4"
          }
        }
      },
    "catchRate": 75,
    "maleRatio": 0.5,
    "shoulderMountable": false,
    "baseExperienceYield": 165,
    "experienceGroup": "medium_fast",
    "eggCycles": 20,

    "eggGroups": [
      "dragon"
    ],
    "drops": {
      "amount": 1,
      "entries": [
        {
          "item": "minecraft:gunpowder",
          "quantityRange": "3-5"
        }
      ]
    },
    "moves": [
      "1:leer",
      "1:tackle",
      "1:ember",
      "1:willowisp",
      "1:flamecharge",
      "12:flamewheel",
      "16:headbutt",
      "20:firelash",
      "24:acrobatics",
      "28:dragondance",
      "32:breakingswipe",
      "39:dragonclaw",
      "44:crunch",
      "50:extremespeed",
      "56:outrage",
      "tm:leer",
      "tm:tackle",
      "tm:ember",
      "tm:willowisp",
      "tm:flamecharge",
      "tm:flamewheel",
      "tm:headbutt",
      "tm:firelash",
      "tm:acrobatics",
      "tm:dragondance",
      "tm:breakingswipe",
      "tm:lunge",
      "tm:dragonclaw",
      "tm:outrage",
      "tm:dragonbreath",
      "tm:twister",
      "tm:flareblitz",
      "tutor:heatcrash",
      "tutor:bounce",
      "tutor:lunge"
    ],
    "pokedex": [
      "cobblemon.species.shiboom.desc1",
      "cobblemon.species.shiboom.desc2"
    ],

    "baseScale": 0.8,
    "hitbox": {
      "width": 0.8,
      "height": 0.75,
      "fixed": false
    },
    "baseFriendship": 50,
    "evYield": {
      "hp": 0,
      "attack": 2,
      "defence": 0,
      "special_attack": 0,
      "special_defence": 0,
      "speed": 0
    },
    "height": 20,
    "weight": 85,
    "aspects": [],
    "cannotDynamax": false
  }
  