{
    "implemented": true,
    "name": "spinarift",
    "nationalPokedexNumber": 2037,
    "primaryType": "rock",
    "secondaryType": "water",
    "abilities": [
      "naturalcure",
      "swiftswim",
      "h:regenerator"
    ],
    "baseStats": {
      "hp": 71,
      "attack": 69,
      "defence": 59,
      "special_attack": 121,
      "special_defence": 119,
      "speed": 82
    },
    "catchRate": 45,
    "maleRatio": 0.875,
    "shoulderMountable": false,
    "baseExperienceYield": 182,
    "experienceGroup": "medium_fast",
    "eggCycles": 30,
    "eggGroups": [
      "water_1",
      "dragon"
    ],
    
    "behaviour": {
      "resting": {
        "canSleep": true,
        "willSleepOnBed": false,
        "depth": "normal",
        "light": "0-4"
      },
      "moving": {
        "swim": {
          "canSwimInWater": true,
          "canBreatheUnderwater": false
        },
        "walk": {
          "walkSpeed": 0.27
        }
      }
    },
    "drops": {
      "amount": 3,
      "entries": [
        {
          "item": "minecraft:brain_coral",
          "quantityRange": "0-2"
        },
        {
          "item": "minecraft:brain_coral_fan",
          "quantityRange": "0-2"
        },
        {
          "item": "minecraft:brain_coral_block",
          "quantityRange": "0-2",
          "percentage": 10.0
        }
      ]
    },
    "moves": [
      "1:scratch",
      "1:growl",
      "1:bubble",
      "1:roar",
      "5:bite",
      "10:aquaring",
      "15:watergun",
      "20:ancientpower",
      "25:lifedew",
      "30:brine",
      "36:chillingwater",
      "43:powergem",
      "47:surf",
      "50:crunch",
      "55:earthpower",
      "60:dragonpulse",
      "65:hydropump",

      "tm:aquaring",
      "tm:ancientpower",
      "tm:lifedew",
      "tm:brine",
      "tm:chillingwater",
      "tm:powergem",
      "tm:surf",
      "tm:crunch",
      "tm:earthpower",
      "tm:dragonpulse",
      "tm:hydropump",
      "tm:bodyslam",
      "tm:brine",
      "tm:captivate",
      "tm:confide",
      "tm:dive",
      "tm:doubleteam",
      "tm:earthpower",
      "tm:endure",
      "tm:facade",
      "tm:frustration",
      "tm:gyroball",
      "tm:hail",
      "tm:hiddenpower",
      "tm:hydropump",
      "tm:icebeam",
      "tm:icywind",
      "tm:irondefense",
      "tm:round",
      "tm:sandstorm",
      "tm:scald",
      "tm:secretpower",
      "tm:sleeptalk",
      "tm:smackdown",
      "tm:snore",
      "tm:spikes",
      "tm:stealthrock",
      "tm:substitute",
      "tm:surf",
      "tm:swagger",
      "tm:thief",
      "tm:toxic",
      "tm:waterfall",
      "tm:waterpulse",
      
      "tutor:meteorbeam",
      "tutor:whirlpool",
      "tutor:blizzard",
      "tutor:dragondance"
    ],
    "labels": [
      "custom"
    ],
    "pokedex": [
      "cobblemon.species.spinarift.desc1",
      "cobblemon.species.spinarift.desc2"
    ],
    "baseScale": 0.85,
    "hitbox": {
      "width": 1.35,
      "height": 3,
      "fixed": false
    },
    "baseFriendship": 50,
    "evYield": {
      "hp": 0,
      "attack": 0,
      "defence": 0,
      "special_attack": 2,
      "special_defence": 0,
      "speed": 0
    },
    "height": 19,
    "weight": 950,
    "aspects": [],
    "cannotDynamax": false
  }  