{
    "implemented": true,
    "name": "wailevi",
    "nationalPokedexNumber": 2023,
    "primaryType": "flying",
    "secondaryType":"ice",
    "labels":["custom"],

    "abilities": [
      "snowwarning",
      "cloudnine",
      "h:drizzle"
    ],
    "baseStats": {
      "hp": 105,
      "attack": 30,
      "defence": 75,
      "special_attack": 90,
      "special_defence": 50,
      "speed": 50
    },
    "behaviour": {
      "moving": {
        "canLook": false,
        "walk": {
          "avoidsLand": false
        },
        "fly": {
            "canFly": true
          },          
        "swim": {
          "swimSpeed": 0.1,
          "canSwimInWater": true,
          "canBreatheUnderwater": false,
          "canWalkOnWater": true
        }
      },
        "resting": {
          "canSleep": true,
          "willSleepOnBed": false,
          "depth": "normal",
          "light": "0-4"
        }
      },
    "catchRate": 125,
    "maleRatio": 0.5,
    "shoulderMountable": false,
    "baseExperienceYield": 80,
    "experienceGroup": "fluctuating",
    "eggCycles": 40,
    "eggGroups": [
      "amorphous"
    ],
    "drops": {
      "amount": 2,
      "entries": [
        {
          "item": "minecraft:white_wool",
          "quantityRange": "15-30"
        },
        {
          "item": "cobblemon:coba_berry",
          "percentage": 2.5
        }
      ]
    },
    "moves": [
      "1:gust",
      "3:powdersnow",
      "6:lick",
      "10:clearsmog",
      "12:twister",
      "15:skydrop",
      "18:aircutter",
      "21:icywind",
      "24:weatherball",
      "27:bodypress",
      "30:airslash",
      "33:frostbreath",
      "36:hail",
      "39:rest",
      "42:hurricane",
      "45:blizzard",
      "48:aeroblast",

      "tm:gust",
      "tm:powdersnow",
      "tm:lick",
      "tm:clearsmog",
      "tm:twister",
      "tm:skydrop",
      "tm:aircutter",
      "tm:raindance",
      "tm:weatherball",
      "tm:bodypress",
      "tm:airslash",
      "tm:icywind",
      "tm:hail",
      "tm:rest",
      "tm:hurricane",
      "tm:blizzard",
      "tm:aeroblast",
      "tutor:gust",
      "tutor:powdersnow",
      "tutor:lick",
      "tutor:clearsmog",
      "tutor:twister",
      "tutor:skydrop",
      "tutor:aircutter",
      "tutor:raindance",
      "tutor:weatherball",
      "tutor:bodypress",
      "tutor:airslash",
      "tutor:icywind",
      "tutor:hail",
      "tutor:rest",
      "tutor:hurricane",
      "tutor:blizzard",
      "tutor:aeroblast",
      "egg:aquaring",
      "egg:bodyslam",
      "egg:clearsmog",
      "egg:curse",
      "egg:defensecurl",
      "egg:doubleedge",
      "egg:fissure",
      "egg:rollout",
      "egg:sleeptalk",
      "egg:snore",
      "egg:soak",
      "egg:swagger",
      "egg:thrash",
      "egg:tickle",
      "egg:zenheadbutt",
      "tm:amnesia",
      "tm:attract",
      "tm:avalanche",
      "tm:blizzard",
      "tm:bodypress",
      "tm:bodyslam",
      "tm:bounce",
      "tm:brine",
      "tm:bulldoze",
      "tm:captivate",
      "tm:confide",
      "tm:dive",
      "tm:doubleteam",
      "tm:earthquake",
      "tm:echoedvoice",
      "tm:endure",
      "tm:facade",
      "tm:frustration",
      "tm:hail",
      "tm:heavyslam",
      "tm:hiddenpower",
      "tm:hydropump",
      "tm:hypervoice",
      "tm:icebeam",
      "tm:icywind",
      "tm:naturalgift",
      "tm:protect",
      "tm:raindance",
      "tm:rest",
      "tm:return",
      "tm:roar",
      "tm:rocksmash",
      "tm:rocktomb",
      "tm:round",
      "tm:scald",
      "tm:secretpower",
      "tm:selfdestruct",
      "tm:sleeptalk",
      "tm:snore",
      "tm:strength",
      "tm:substitute",
      "tm:surf",
      "tm:swagger",
      "tm:toxic",
      "tm:waterfall",
      "tm:waterpulse",
      "tm:weatherball",
      "tm:whirlpool",
      "tm:zenheadbutt",
      "tutor:bodyslam",
      "tutor:bounce",
      "tutor:defensecurl",
      "tutor:dive",
      "tutor:doubleedge",
      "tutor:endure",
      "tutor:headbutt",
      "tutor:hypervoice",
      "tutor:icywind",
      "tutor:mimic",
      "tutor:rollout",
      "tutor:selfdestruct",
      "tutor:sleeptalk",
      "tutor:snore",
      "tutor:steelroller",
      "tutor:substitute",
      "tutor:swagger",
      "tutor:watergun",
      "tutor:waterpulse",
      "tutor:zenheadbutt"
    ],
    "pokedex": [
      "cobblemon.species.wailevi.desc1",
      "cobblemon.species.wailevi.desc2"
    ],
    "evolutions": [
      {
        "id": "wailevi_levilord",
        "variant": "level_up",
        "result": "levilord",
        "consumeHeldItem": false,
        "learnableMoves": [],
        "requirements": [
          {
            "variant": "level",
            "minLevel": 40
          }
        ]
      }
    ],
    "baseScale": 1.8,
    "hitbox": {
      "width": 1.2,
      "height": 1.75,
      "fixed": false
    },
    "baseFriendship": 50,
    "evYield": {
      "hp": 1,
      "attack": 0,
      "defence": 0,
      "special_attack": 0,
      "special_defence": 0,
      "speed": 0
    },
    "height": 20,
    "weight": 1,
    "aspects": [],
    "cannotDynamax": false
    
  }
  