{
    "implemented": true,
"name": "xenoster",
"nationalPokedexNumber": 2021,
"labels": [ "custom" ],
"pokedex": [
  "cobblemon.species.xenoster.desc1",
  "cobblemon.species.xenoster.desc2"
],
"height": 25,
"weight": 2550,

"shoulderMountable": false,
"shoulderEffects": [ "slow_fall" ],

"preEvolution": "orbiclad",

"primaryType": "psychic",
"secondaryType":"water",
  "baseStats": {
    "hp": 70,
    "attack": 75,
    "defence": 135,
    "special_attack": 115,
    "special_defence": 85,
    "speed": 30
  },
  "catchRate": 45,
  "maleRatio": -1,
  "baseExperienceYield": 253,
  "experienceGroup": "medium_slow",
  "eggCycles": 20,
  "eggGroups": [
    "amorphous"
  ],
  "baseFriendship": 50,
  "evYield": {
    "defence": 2,
    "special_defence": 1
  },
  "moves": [
    "1:withdraw",
    "1:tackle",
    "1:watergun",
    "1:hypnosis",
    "9:whirlpool",
    "12:psywave",
    "13:confusion",
    "13:bubblebeam",
    "18:gyroball",
    "18:psybeam",
    "23:brine",
    "24:sleeppowder",
    "28:skittersmack",
    "31:psychic",
    "33:surf",
    "36:hydropump",
    "38:recover",
    "42:headsmash",
    "43:sandsearstorm",
    "48:powergem",
    "48:flashcannon",
    "53:metalsound",
    "54:stoneedge",
    "60:steelbeam",
  
    "tm:blizzard",
    "tm:brine",
    "tm:confide",
    "tm:cosmicpower",
    "tm:dazzlinggleam",
    "tm:dive",
    "tm:doubleteam",
    "tm:endure",
    "tm:facade",
    "tm:flash",
    "tm:flashcannon",
    "tm:frustration",
    "tm:gyroball",
    "tm:hail",
    "tm:hiddenpower",
    "tm:hydropump",
    "tm:icebeam",
    "tm:icywind",
    "tm:lightscreen",
    "tm:naturalgift",
    "tm:powergem",
    "tm:protect",
    "tm:psychic",
    "tm:psychup",
    "tm:raindance",
    "tm:recycle",
    "tm:reflect",
    "tm:rest",
    "tm:return",
    "tm:round",
    "tm:scald",
    "tm:secretpower",
    "tm:sleeptalk",
    "tm:snore",
    "tm:substitute",
    "tm:surf",
    "tm:swagger",
    "tm:swift",
    "tm:thunder",
    "tm:thunderbolt",
    "tm:thunderwave",
    "tm:toxic",
    "tm:triattack",
    "tm:waterfall",
    "tm:waterpulse",
    "tm:whirlpool",
    "tm:swagger",
    "tm:tailwind",
    "tm:takedown",
    "tm:uproar",
    "tm:terablast",
    "tm:thief",
    "tm:thunderwave",
    "tm:explosion",
    "tm:toxic",
    "tm:rockslide",
    "tm:rocktomb",
    "tm:stealthrock",
    "tm:skillswap",
    "tm:steelbeam",
    "tm:terablast",
  
    "tutor:blizzard",
    "tutor:brine",
    "tutor:confide",
    "tutor:cosmicpower",
    "tutor:dazzlinggleam",
    "tutor:dive",
    "tutor:doubleteam",
    "tutor:endure",
    "tutor:facade",
    "tutor:flash",
    "tutor:flashcannon",
    "tutor:frustration",
    "tutor:gyroball",
    "tutor:hail",
    "tutor:hiddenpower",
    "tutor:hydropump",
    "tutor:icebeam",
    "tutor:icywind",
    "tutor:lightscreen",
    "tutor:naturalgift",
    "tutor:powergem",
    "tutor:protect",
    "tutor:psychic",
    "tutor:psychup",
    "tutor:raindance",
    "tutor:recycle",
    "tutor:reflect",
    "tutor:rest",
    "tutor:return",
    "tutor:round",
    "tutor:scald",
    "tutor:secretpower",
    "tutor:sleeptalk",
    "tutor:snore",
    "tutor:substitute",
    "tutor:surf",
    "tutor:swagger",
    "tutor:swift",
    "tutor:thunder",
    "tutor:thunderbolt",
    "tutor:thunderwave",
    "tutor:toxic",
    "tutor:triattack",
    "tutor:waterfall",
    "tutor:waterpulse",
    "tutor:whirlpool",
    "tutor:swagger",
    "tutor:tailwind",
    "tutor:takedown",
    "tutor:uproar",
    "tutor:terablast",
    "tutor:thief",
    "tutor:thunderwave",
    "tutor:explosion",
    "tutor:toxic",
    "tutor:rockslide",
    "tutor:rocktomb",
    "tutor:stealthrock",
    "tutor:skillswap",
    "tutor:steelbeam",
    "tutor:terablast"
  ],
  "abilities": [
    "compoundeyes",
    "steelworker",
    "h:shellarmor"
  ],

  "baseScale": 0.7,
"hitbox": {
  "width": 2,
  "height": 3.85,
  "fixed": false
},
"drops": {
"amount": "2",
  "entries": [
    {
      "item": "minecraft:nautilus_shell"
    },
    {
      "item": "minecraft:slime_ball",
      "quantityRange": "1-2"
    }
]
},
"behaviour": {
  "moving": {
    "canLook": false,
    "fly": {
      "canFly": true,
      "flySpeed": 0.2
    },          
    "swim": {
      "swimSpeed": 0.2,
      "canSwimInWater": true,
      "canBreatheUnderwater": true
    }
  },
    "resting": {
      "canSleep": true,
      "willSleepOnBed": true,
      "depth": "normal",
      "light": "0-4"
    }
  }
}