{
	"format_version": "1.8.0",
	"animations": {
		"animation.calciopi.ground_idle": {
			"loop": true,
			"bones": {
				"torso": {
					"rotation": ["math.sin(q.anim_time*90*2+30)*-2", "math.sin(q.anim_time*90*1.5+30)*-1", 0],
					"position": [0, 0, "math.sin(q.anim_time*90*2-40)*0.1"]
				},
				"neck": {
					"rotation": ["-22.5-4*math.sin(q.anim_time*90*2+60)", 0, "-1*math.sin(q.anim_time*90*1.5+60)"]
				},
				"neck2": {
					"rotation": ["-10-4*math.sin(q.anim_time*90*2+120)", 0, "-1*math.sin(q.anim_time*90*1.5+120)"]
				},
				"head": {
					"rotation": ["7.5-2*math.sin(q.anim_time*90*2+180)", 0, "math.sin(q.anim_time*90*1.5+180)"]
				},
				"tail": {
					"rotation": ["5-2*math.cos(q.anim_time*90*2)*1", "8*math.sin(q.anim_time*90*2)", "-2*math.cos(q.anim_time*90*1.5)*1"],
					"position": [0, -0.25, -0.5]
				},
				"tail2": {
					"rotation": ["7.5+2*math.cos(q.anim_time*90*2-60)*1", "8*math.sin(q.anim_time*90*2-60)", "-2*math.cos(q.anim_time*90*1.5-60)*1"],
					"position": [0, -0.25, -0.5]
				},
				"tail3": {
					"rotation": ["7.5+2*math.cos(q.anim_time*90*2-120)*1", "8*math.sin(q.anim_time*90*2-120)", "-2*math.cos(q.anim_time*90*1.5-120)*1"],
					"position": [0, -0.25, -0.5]
				}
			}
		},
		"animation.calciopi.battle_idle": {
			"loop": true,
			"bones": {
				"neck": {
					"rotation": ["-22.1563-4*math.sin(q.anim_time*90*2+60)", 4.36009, "9.0082-1*math.sin(q.anim_time*90*1.5+60)"],
					"position": [-0.5, -3.75, 1]
				},
				"neck2": {
					"rotation": ["-9.889-4*math.sin(q.anim_time*90*2+120)", 1.74156, "7.2962-1*math.sin(q.anim_time*90*1.5+120)"],
					"position": [0, 0, 0.25]
				},
				"head": {
					"rotation": ["18.8558-2*math.sin(q.anim_time*90*2+180)", 7.51834, "3.5711+math.sin(q.anim_time*90*1.5+180)"],
					"position": [0, 0.65, -0.5]
				},
				"tail": {
					"rotation": ["5-2*math.cos(q.anim_time*90*2)*1", "8*math.sin(q.anim_time*90*2)", "-2*math.cos(q.anim_time*90*1.5)*1"],
					"position": [0, -0.25, -0.5]
				},
				"tail2": {
					"rotation": ["7.5+2*math.cos(q.anim_time*90*2-60)*1", "8*math.sin(q.anim_time*90*2-60)", "-2*math.cos(q.anim_time*90*1.5-60)*1"],
					"position": [0, -0.25, -0.5]
				},
				"body": {
					"rotation": [0, -25, 0],
					"position": [3, 0, -4]
				},
				"tail3": {
					"rotation": ["7.5+2*math.cos(q.anim_time*90*2-120)*1", "8*math.sin(q.anim_time*90*2-120)", "-2*math.cos(q.anim_time*90*1.5-120)*1"],
					"position": [0, -0.25, -0.5]
				},
				"arm_left": {
					"rotation": ["-2.7197-2*math.cos(q.anim_time*90*2)*3", 1.67896, "-14.9078-2*math.cos(q.anim_time*90*1.5)*1"]
				},
				"arm_left2": {
					"rotation": ["-52.5-2*math.cos(q.anim_time*90*2-30)*3", 0, 0]
				},
				"hoof_left": {
					"rotation": ["60-2*math.cos(q.anim_time*90*2-30)*3", 0, 0]
				},
				"arm_right": {
					"rotation": ["-2.7197-2*math.cos(q.anim_time*90*2)*3", -1.67897, "14.9078-2*math.cos(q.anim_time*90*1.5)*1"]
				},
				"arm_right2": {
					"rotation": ["-52.5-2*math.cos(q.anim_time*90*2-30)*3", 0, 0]
				},
				"hoof_right": {
					"rotation": ["60-2*math.cos(q.anim_time*90*2-30)*3", 0, 0]
				},
				"upper_body": {
					"rotation": ["-35+math.sin(q.anim_time*90*2+30)*-2", "math.sin(q.anim_time*90*1.5+30)*-1", 0],
					"position": [0, 0, "math.sin(q.anim_time*90*2-40)*0.1"]
				}
			}
		},
		"animation.calciopi.ground_walk": {
			"loop": true,
			"animation_length": 4,
			"bones": {
				"hand_right": {
					"rotation": [0, "35-8*math.cos(q.anim_time*90*4)", 0]
				},
				"finger_back_right": {
					"rotation": [0, 10, 0]
				},
				"fluff_side_bottom_right": {
					"rotation": [0, "-5-2*math.sin(q.anim_time*90*4)", "2*math.sin(q.anim_time*90*2-120)"]
				},
				"fluff_side_bottom_left": {
					"rotation": [0, "2.5+2*math.sin(q.anim_time*90*4)", "2*math.sin(q.anim_time*90*2-120)"]
				},
				"hand_left": {
					"rotation": [0, "-35+8*math.cos(q.anim_time*90*4)", 0]
				},
				"torso2": {
					"rotation": ["1.5-1*math.cos(q.anim_time*90*4-40)", "7*math.cos(q.anim_time*90*2-40)", 0]
				},
				"fluff": {
					"rotation": ["2*math.sin(q.anim_time*90*4-60)", 0, "2*math.sin(q.anim_time*90*2-60)"]
				},
				"fluff_side_top_right": {
					"rotation": [0, "-2*math.sin(q.anim_time*90*4)", "2*math.sin(q.anim_time*90*2-120)"]
				},
				"fluff_side_top_right2": {
					"rotation": [0, "-6*math.sin(q.anim_time*90*4-90)", "3*math.sin(q.anim_time*90*2-160)"]
				},
				"fluff_side_top_left": {
					"rotation": [0, "2*math.sin(q.anim_time*90*4)", "2*math.sin(q.anim_time*90*2-120)"]
				},
				"fluff_side_top_left2": {
					"rotation": [0, "6*math.sin(q.anim_time*90*4-90)", "3*math.sin(q.anim_time*90*2-160)"]
				},
				"fluff_side_middle_right": {
					"rotation": [0, "-2*math.sin(q.anim_time*90*4)", "2*math.sin(q.anim_time*90*2-120)"]
				},
				"fluff_side_middle_right2": {
					"rotation": [0, "-6*math.sin(q.anim_time*90*4-90)", "3*math.sin(q.anim_time*90*2-160)"]
				},
				"fluff_side_middle_left": {
					"rotation": [0, "2*math.sin(q.anim_time*90*4)", "2*math.sin(q.anim_time*90*2-120)"]
				},
				"fluff_side_middle_left2": {
					"rotation": [0, "6*math.sin(q.anim_time*90*4-90)", "3*math.sin(q.anim_time*90*2-160)"]
				},
				"fluff_top_middle": {
					"rotation": ["2*math.sin(q.anim_time*90*4)", 0, "2*math.sin(q.anim_time*90*2-120)"]
				},
				"fluff_top_middle2": {
					"rotation": [0, 0, "3*math.sin(q.anim_time*90*2-160)"]
				},
				"fluff_top_middle3": {
					"rotation": ["6*math.sin(q.anim_time*90*4-90)", 0, "3*math.sin(q.anim_time*90*2-220)"]
				},
				"fluff_top_right": {
					"rotation": ["2*math.sin(q.anim_time*90*4)", 0, "2*math.sin(q.anim_time*90*2-120)"]
				},
				"fluff_top_right2": {
					"rotation": [0, 0, "3*math.sin(q.anim_time*90*2-160)"]
				},
				"fluff_top_right3": {
					"rotation": ["6*math.sin(q.anim_time*90*4-90)", 0, "3*math.sin(q.anim_time*90*2-220)"]
				},
				"fluff_top_left": {
					"rotation": ["2*math.sin(q.anim_time*90*4)", 0, "2*math.sin(q.anim_time*90*2-120)"]
				},
				"fluff_top_left2": {
					"rotation": [0, 0, "3*math.sin(q.anim_time*90*2-160)"]
				},
				"fluff_top_left3": {
					"rotation": ["6*math.sin(q.anim_time*90*4-90)", 0, "3*math.sin(q.anim_time*90*2-220)"]
				},
				"finger_front_right": {
					"rotation": [0, 12.5, 0]
				},
				"finger_back_left": {
					"rotation": [0, -10, 0]
				},
				"finger_front_left": {
					"rotation": [0, -12.5, 0]
				},
				"toes_right": {
					"rotation": {
						"0.0": [0, 0, 0],
						"1.0": [0, 0, 0],
						"1.1667": [-9, 0, 0],
						"1.5": [-18, 0, 0],
						"1.9583": [-10, 0, 0],
						"2.0": [0, 0, 0],
						"3.0": [0, 0, 0],
						"3.1667": [-9, 0, 0],
						"3.5": [-18, 0, 0],
						"3.9583": [-10, 0, 0],
						"4.0": [0, 0, 0]
					}
				},
				"toe_middle_right": {
					"rotation": {
						"0.0": [0, 0, 0],
						"1.0": [0, 0, 0],
						"1.2917": [-21, 0, 0],
						"1.5833": [4, 0, 0],
						"2.0": [0, 0, 0],
						"3.0": [0, 0, 0],
						"3.2917": [-21, 0, 0],
						"3.5833": [4, 0, 0],
						"4.0": [0, 0, 0]
					}
				},
				"toe_middle_right2": {
					"rotation": {
						"0.0": [0, 0, 0],
						"1.0": [0, 0, 0],
						"1.3333": [-7.5, 0, 0],
						"1.625": [0, 0, 0],
						"1.875": [-5, 0, 0],
						"2.0": [0, 0, 0],
						"3.0": [0, 0, 0],
						"3.3333": [-7.5, 0, 0],
						"3.625": [0, 0, 0],
						"3.875": [-5, 0, 0],
						"4.0": [0, 0, 0]
					}
				},
				"toe_outer_right_rotation": {
					"rotation": {
						"0.0": [0, 0, 0],
						"1.0": [0, 0, 0],
						"1.25": [0, -11, 0],
						"1.5833": [6.55366, -4.26438, 0],
						"2.0": [0, 0, 0],
						"3.0": [0, 0, 0],
						"3.25": [0, -7, 0],
						"3.5833": [6.55366, -4.26438, 0],
						"4.0": [0, 0, 0]
					}
				},
				"toe_inner_right_rotation": {
					"rotation": {
						"0.0": [0, 0, 0],
						"1.0": [0, 0, 0],
						"1.25": [0, 11, 0],
						"1.5833": [7, 3, 0],
						"2.0": [0, 0, 0],
						"3.0": [0, 0, 0],
						"3.25": [0, 11, 0],
						"3.5833": [7, 3, 0],
						"4.0": [0, 0, 0]
					}
				},
				"toe_inner_right2": {
					"rotation": {
						"0.0": [0, 0, 0],
						"1.0": [0, 0, 0],
						"1.25": [-12, 0, 0],
						"2.0": [0, 0, 0],
						"3.0": [0, 0, 0],
						"3.25": [-12, 0, 0],
						"4.0": [0, 0, 0]
					}
				},
				"toes_left": {
					"rotation": {
						"0.0": [0, 0, 0],
						"0.1667": [-9, 0, 0],
						"0.5": [-18, 0, 0],
						"0.9583": [-10, 0, 0],
						"1.0": [0, 0, 0],
						"2.0": [0, 0, 0],
						"2.1667": [-9, 0, 0],
						"2.5": [-18, 0, 0],
						"2.9583": [-10, 0, 0],
						"3.0": [0, 0, 0]
					}
				},
				"toe_middle_left": {
					"rotation": {
						"0.0": [0, 0, 0],
						"0.2917": [-21, 0, 0],
						"0.5833": [4, 0, 0],
						"1.0": [0, 0, 0],
						"2.0": [0, 0, 0],
						"2.2917": [-21, 0, 0],
						"2.5833": [4, 0, 0],
						"3.0": [0, 0, 0],
						"4.0": [0, 0, 0]
					}
				},
				"toe_middle_left2": {
					"rotation": {
						"0.0": [0, 0, 0],
						"0.3333": [-7.5, 0, 0],
						"0.625": [0, 0, 0],
						"0.875": [-5, 0, 0],
						"1.0": [0, 0, 0],
						"2.0": [0, 0, 0],
						"2.3333": [-7.5, 0, 0],
						"2.625": [0, 0, 0],
						"2.875": [-5, 0, 0],
						"3.0": [0, 0, 0],
						"4.0": [0, 0, 0]
					}
				},
				"toe_outer_left": {
					"rotation": {
						"0.0": [0, 0, 0],
						"0.2083": [-7, 0, 0],
						"0.5": [0, 0, 0],
						"1.0": [0, 0, 0],
						"2.0": [0, 0, 0],
						"2.2083": [-7, 0, 0],
						"2.5": [0, 0, 0],
						"3.0": [0, 0, 0],
						"4.0": [0, 0, 0]
					}
				},
				"toe_outer_left_rotation": {
					"rotation": {
						"0.0": [0, 0, 0],
						"0.25": [0, 11, 0],
						"0.5833": [6.55366, 4.26438, 0],
						"1.0": [0, 0, 0],
						"2.0": [0, 0, 0],
						"2.25": [0, 7, 0],
						"2.5833": [6.55366, 4.26438, 0],
						"3.0": [0, 0, 0],
						"4.0": [0, 0, 0]
					}
				},
				"toe_inner_left_rotation": {
					"rotation": {
						"0.0": [0, 0, 0],
						"0.25": [0, -11, 0],
						"0.5833": [7, -3, 0],
						"1.0": [0, 0, 0],
						"2.0": [0, 0, 0],
						"2.25": [0, -11, 0],
						"2.5833": [7, -3, 0],
						"3.0": [0, 0, 0],
						"4.0": [0, 0, 0]
					}
				},
				"toe_inner_left2": {
					"rotation": {
						"0.0": [0, 0, 0],
						"0.25": [-12, 0, 0],
						"1.0": [0, 0, 0],
						"2.0": [0, 0, 0],
						"2.25": [-12, 0, 0],
						"3.0": [0, 0, 0],
						"4.0": [0, 0, 0]
					}
				},
				"fluff_front_middle": {
					"rotation": ["6*math.sin(q.anim_time*90*4-90)", 0, 0]
				},
				"finger_back_right2": {
					"rotation": [0, 17.5, 0]
				},
				"finger_front_right2": {
					"rotation": [0, 17.5, 0]
				},
				"finger_back_left2": {
					"rotation": [0, -17.5, 0]
				},
				"finger_front_left2": {
					"rotation": [0, -17.5, 0]
				},
				"tail4": {
					"rotation": ["15+2*math.cos(q.anim_time*90*4-90)*1", "8*math.sin(q.anim_time*90*2-90)", "-2*math.cos(q.anim_time*90*2-90)*1"]
				},
				"tail5": {
					"rotation": ["15+2*math.cos(q.anim_time*90*4-120)*1", "8*math.sin(q.anim_time*90*2-120)", "-2*math.cos(q.anim_time*90*2-120)*1"]
				},
				"jaw": {
					"rotation": ["30+math.sin(q.anim_time*180*2)*3", 0, 0]
				},
				"tongue": {
					"rotation": ["-5+math.sin(q.anim_time*180*2)*3", 0, 0]
				},
				"claw_left_front": {
					"rotation": [0, 0, 42.5]
				},
				"claw_left_front2": {
					"rotation": [0, 0, 55]
				},
				"claw_left_front3": {
					"rotation": [0, 0, 40]
				},
				"claw_left_back": {
					"rotation": [0, 0, 42.5]
				},
				"claw_left_back2": {
					"rotation": [0, 0, 55]
				},
				"claw_left_back3": {
					"rotation": [0, 0, 40]
				},
				"claw_right_front": {
					"rotation": [0, 0, -42.5]
				},
				"claw_right_front3": {
					"rotation": [0, 0, -40]
				},
				"claw_right_back": {
					"rotation": [0, 0, -42.5]
				},
				"claw_right_back3": {
					"rotation": [0, 0, -40]
				},
				"tail6": {
					"rotation": ["15+2*math.cos(q.anim_time*90*4-150)*1", "8*math.sin(q.anim_time*90*2-150)", "-2*math.cos(q.anim_time*90*2-150)*1"]
				},
				"tail7": {
					"rotation": ["15+2*math.cos(q.anim_time*90*4-180)*1", "8*math.sin(q.anim_time*90*2-180)", "-2*math.cos(q.anim_time*90*2-180)*1"]
				},
				"tail8": {
					"rotation": ["15+2*math.cos(q.anim_time*90*4-210)*1", "8*math.sin(q.anim_time*90*2-210)", "-2*math.cos(q.anim_time*90*2-210)*1"]
				},
				"tail9": {
					"rotation": ["15+2*math.cos(q.anim_time*90*4-240)*1", "8*math.sin(q.anim_time*90*2-240)", "-2*math.cos(q.anim_time*90*2-240)*1"]
				},
				"tail10": {
					"rotation": ["15+2*math.cos(q.anim_time*90*4-270)*1", "8*math.sin(q.anim_time*90*2-270)", "-2*math.cos(q.anim_time*90*2-270)*1"]
				},
				"tail11": {
					"rotation": ["15+2*math.cos(q.anim_time*90*4-300)*1", "8*math.sin(q.anim_time*90*2-300)", "-2*math.cos(q.anim_time*90*2-300)*1"]
				},
				"tail12": {
					"rotation": ["15+2*math.cos(q.anim_time*90*4-330)*1", "8*math.sin(q.anim_time*90*2-330)", "-2*math.cos(q.anim_time*90*2-330)*1"]
				},
				"tail13": {
					"rotation": ["15+2*math.cos(q.anim_time*90*4-360)*1", "8*math.sin(q.anim_time*90*2-360)", "-2*math.cos(q.anim_time*90*2-360)*1"]
				},
				"tail_end": {
					"rotation": ["15+2*math.cos(q.anim_time*90*4-390)*1", "8*math.sin(q.anim_time*90*2-390)", "-2*math.cos(q.anim_time*90*2-390)*1"]
				},
				"tongue2": {
					"rotation": ["-10+math.sin(q.anim_time*180*2-30)*3", 0, 0]
				},
				"tongue3": {
					"rotation": ["-7.5+math.sin(q.anim_time*180*2-60)*3", 0, 0]
				},
				"toe_right_outer": {
					"rotation": {
						"0.0": [0, 0, 0],
						"1.0": [-22.5, 0, 0],
						"2.0": [0, 0, 0],
						"3.0": [-22.5, 0, 0],
						"4.0": [0, 0, 0]
					}
				},
				"toe_right_inner": {
					"rotation": {
						"0.0": [0, 0, 0],
						"1.0": [-27.5, 0, 0],
						"2.0": [0, 0, 0],
						"3.0": [-27.5, 0, 0],
						"4.0": [0, 0, 0]
					}
				},
				"toe_left_inner": {
					"rotation": {
						"0.0": [-27.5, 0, 0],
						"1.0": [0, 0, 0],
						"2.0": [-27.5, 0, 0],
						"3.0": [0, 0, 0],
						"4.0": [-27.5, 0, 0]
					}
				},
				"toe_left_outer": {
					"rotation": {
						"0.0": [-22.5, 0, 0],
						"1.0": [0, 0, 0],
						"2.0": [-22.5, 0, 0],
						"3.0": [0, 0, 0],
						"4.0": [-22.5, 0, 0]
					}
				},
				"body": {
					"position": {
						"0.0": [0, 0, 0],
						"0.0417": [0, -1, 0],
						"0.0833": [0, 0.57, 0],
						"0.125": [0, -0.61, 0],
						"0.2083": [0, 0.33, 0],
						"0.2917": [0, -0.2, 0],
						"0.5": [0, 0, 0],
						"1.0": [0, 0, 0],
						"1.0417": [0, -1, 0],
						"1.0833": [0, 0.57, 0],
						"1.125": [0, -0.61, 0],
						"1.2083": [0, 0.33, 0],
						"1.2917": [0, -0.2, 0],
						"1.5": [0, 0, 0],
						"2.0": [0, 0, 0],
						"2.0417": [0, -1, 0],
						"2.0833": [0, 0.57, 0],
						"2.125": [0, -0.61, 0],
						"2.2083": [0, 0.33, 0],
						"2.2917": [0, -0.2, 0],
						"2.5": [0, 0, 0],
						"3.0": [0, 0, 0],
						"3.0417": [0, -1, 0],
						"3.0833": [0, 0.57, 0],
						"3.125": [0, -0.61, 0],
						"3.2083": [0, 0.33, 0],
						"3.2917": [0, -0.2, 0],
						"3.5": [0, 0, 0]
					}
				},
				"neck": {
					"rotation": ["-7.5-4*math.sin(q.anim_time*90*4+60)", 0, "-1*math.sin(q.anim_time*90*2+60)"]
				},
				"neck2": {
					"rotation": ["-5-4*math.sin(q.anim_time*90*4+90)", 0, "-1*math.sin(q.anim_time*90*2+90)"]
				},
				"head": {
					"rotation": ["-11.8304-2*math.sin(q.anim_time*90*4+120)", 0, "math.sin(q.anim_time*90*2+120)"]
				},
				"tail": {
					"rotation": ["5-2*math.cos(q.anim_time*90*4)*1", "8*math.sin(q.anim_time*90*2)", "-2*math.cos(q.anim_time*90*2)*1"],
					"position": [0, -0.25, -0.5]
				},
				"tail2": {
					"rotation": ["7.5+2*math.cos(q.anim_time*90*4-60)*1", "8*math.sin(q.anim_time*90*2-60)", "-2*math.cos(q.anim_time*90*2-60)*1"],
					"position": [0, -0.25, -0.5]
				},
				"tail3": {
					"rotation": ["12.5+2*math.cos(q.anim_time*90*4-120)*1", "8*math.sin(q.anim_time*90*2-120)", "-2*math.cos(q.anim_time*90*2-120)*1"],
					"position": [0, -0.25, -0.5]
				},
				"leg_right": {
					"rotation": {
						"0.0": {
							"post": [-13.47, -16.95, -0.9],
							"lerp_mode": "catmullrom"
						},
						"1.0": {
							"post": [8.52989, -16.94768, -0.90349],
							"lerp_mode": "catmullrom"
						},
						"1.3333": {
							"post": [20.15, -13.95, -0.9],
							"lerp_mode": "catmullrom"
						},
						"1.7083": {
							"post": [-29.84054, -10.89688, 3.13871],
							"lerp_mode": "catmullrom"
						},
						"1.9167": {
							"post": [-25.84054, -14.19688, 0.43871],
							"lerp_mode": "catmullrom"
						},
						"2.0": {
							"post": [-13.47, -16.95, -0.9],
							"lerp_mode": "catmullrom"
						},
						"3.0": {
							"post": [8.52989, -16.94768, -0.90349],
							"lerp_mode": "catmullrom"
						},
						"3.3333": {
							"post": [20.15, -13.95, -0.9],
							"lerp_mode": "catmullrom"
						},
						"3.7083": {
							"post": [-29.84054, -10.89688, 3.13871],
							"lerp_mode": "catmullrom"
						},
						"3.9167": {
							"post": [-25.84054, -14.19688, 0.43871],
							"lerp_mode": "catmullrom"
						},
						"4.0": {
							"post": [-13.47, -16.95, -0.9],
							"lerp_mode": "catmullrom"
						}
					},
					"position": {
						"0.0": {
							"post": [0, 0.25, -5.7],
							"lerp_mode": "catmullrom"
						},
						"1.0": [0, 1.8, 0],
						"1.25": [0, 5.06, 1.76],
						"1.5": [0, 5.75, -0.81],
						"1.7083": [0, 5.44, -3.68],
						"1.9167": [0, 3.5, -6.13],
						"2.0": {
							"pre": [0, -1, -5.7],
							"post": [0, -1, -5.7],
							"lerp_mode": "catmullrom"
						},
						"3.0": [0, 1.8, 0],
						"3.25": [0, 5.06, 1.76],
						"3.5": [0, 5.75, -0.81],
						"3.7083": [0, 5.44, -3.68],
						"3.9167": [0, 3.5, -6.13],
						"4.0": [0, -1, -5.7]
					}
				},
				"leg_right2": {
					"rotation": {
						"0.0": [1.4, 0, 0],
						"0.5": {
							"pre": [-9.65, 8.71, 4.92],
							"post": [-9.65, 8.71, 4.92],
							"lerp_mode": "catmullrom"
						},
						"1.0": {
							"post": [-23.09648, 8.71403, 4.92466],
							"lerp_mode": "catmullrom"
						},
						"1.2083": {
							"post": [-23.09648, 8.71403, 4.92466],
							"lerp_mode": "catmullrom"
						},
						"1.375": {
							"post": [0.29, 8.71, 4.92],
							"lerp_mode": "catmullrom"
						},
						"1.7083": {
							"post": [23.81, 0, 0],
							"lerp_mode": "catmullrom"
						},
						"1.9167": [3.27, 8.71, 4.92],
						"2.0": [1.4, 8.71, 4.92],
						"2.5": {
							"pre": [-9.65, 8.71, 4.92],
							"post": [-9.65, 8.71, 4.92],
							"lerp_mode": "catmullrom"
						},
						"3.0": {
							"post": [-23.09648, 8.71403, 4.92466],
							"lerp_mode": "catmullrom"
						},
						"3.2083": {
							"post": [-23.09648, 8.71403, 4.92466],
							"lerp_mode": "catmullrom"
						},
						"3.375": {
							"post": [0.29, 8.71, 4.92],
							"lerp_mode": "catmullrom"
						},
						"3.7083": {
							"post": [23.81, 0, 0],
							"lerp_mode": "catmullrom"
						},
						"3.9167": [3.27, 8.71, 4.92],
						"4.0": [1.4, 8.71, 4.92]
					}
				},
				"leg_right3": {
					"rotation": {
						"0.0": [7, 0, 0],
						"0.5": [3.51, 0, 0],
						"1.0": [20.5, 0, 0],
						"1.125": [18.66, 0, 0],
						"1.5833": [-7.37, 0, 0],
						"1.9167": [-1.13, 0, 0],
						"2.0": [7, 0, 0],
						"2.5": [3.51, 0, 0],
						"3.0": [20.5, 0, 0],
						"3.125": [18.66, 0, 0],
						"3.5833": [-7.37, 0, 0],
						"4.0": [7, 0, 0]
					}
				},
				"foot_right": {
					"rotation": {
						"0.0": [5, 0, 0],
						"1.0": [-3.5, 0, 0],
						"1.2917": [11.21, 4, 0],
						"1.625": [3.51, 0, 0],
						"1.9583": [11.75217, 0, 0],
						"2.0": [5, 0, 0],
						"3.0": [-3.5, 0, 0],
						"3.2917": [11.21, 4, 0],
						"3.625": [3.51, 0, 0],
						"3.9583": [11.75217, 0, 0],
						"4.0": [5, 0, 0]
					}
				},
				"leg_left": {
					"rotation": {
						"0.0": {
							"post": [8.52989, 16.94768, 0.90349],
							"lerp_mode": "catmullrom"
						},
						"0.3333": {
							"post": [20.15, 13.95, 0.9],
							"lerp_mode": "catmullrom"
						},
						"0.7083": {
							"post": [-29.84054, 10.89688, -3.13871],
							"lerp_mode": "catmullrom"
						},
						"0.9167": {
							"post": [-25.84054, 14.19688, -0.43871],
							"lerp_mode": "catmullrom"
						},
						"1.0": {
							"post": [-13.47, 16.95, 0.9],
							"lerp_mode": "catmullrom"
						},
						"2.0": {
							"post": [8.52989, 16.94768, 0.90349],
							"lerp_mode": "catmullrom"
						},
						"2.3333": {
							"post": [20.15, 13.95, 0.9],
							"lerp_mode": "catmullrom"
						},
						"2.7083": {
							"post": [-29.84054, 10.89688, -3.13871],
							"lerp_mode": "catmullrom"
						},
						"2.9167": {
							"post": [-25.84054, 14.19688, -0.43871],
							"lerp_mode": "catmullrom"
						},
						"3.0": {
							"post": [-13.47, 16.95, 0.9],
							"lerp_mode": "catmullrom"
						},
						"4.0": {
							"post": [8.52989, 16.94768, 0.90349],
							"lerp_mode": "catmullrom"
						}
					},
					"position": {
						"0.0": [0, 1.8, 0],
						"0.25": [0, 5.06, 1.76],
						"0.5": [0, 5.75, -0.81],
						"0.7083": [0, 5.44, -3.68],
						"0.9167": [0, 3.5, -6.13],
						"1.0": {
							"pre": [0, -1, -5.7],
							"post": [0, -1, -5.7],
							"lerp_mode": "catmullrom"
						},
						"2.0": [0, 1.8, 0],
						"2.25": [0, 5.06, 1.76],
						"2.5": [0, 5.75, -0.81],
						"2.7083": [0, 5.44, -3.68],
						"2.9167": [0, 3.5, -6.13],
						"3.0": {
							"pre": [0, -1, -5.7],
							"post": [0, -1, -5.7],
							"lerp_mode": "catmullrom"
						},
						"4.0": [0, 1.8, 0]
					}
				},
				"leg_left2": {
					"rotation": {
						"0.0": {
							"post": [-23.09648, -8.71403, -4.92466],
							"lerp_mode": "catmullrom"
						},
						"0.2083": {
							"post": [-23.09648, -8.71403, -4.92466],
							"lerp_mode": "catmullrom"
						},
						"0.375": {
							"post": [0.29, -8.71, -4.92],
							"lerp_mode": "catmullrom"
						},
						"0.7083": {
							"post": [23.81, 0, 0],
							"lerp_mode": "catmullrom"
						},
						"0.9167": [3.27, -8.71, -4.92],
						"1.0": [1.4, -8.71, -4.92],
						"1.5": {
							"pre": [-9.65, -8.71, -4.92],
							"post": [-9.65, -8.71, -4.92],
							"lerp_mode": "catmullrom"
						},
						"2.0": {
							"post": [-23.09648, -8.71403, -4.92466],
							"lerp_mode": "catmullrom"
						},
						"2.2083": {
							"post": [-23.09648, -8.71403, -4.92466],
							"lerp_mode": "catmullrom"
						},
						"2.375": {
							"post": [0.29, -8.71, -4.92],
							"lerp_mode": "catmullrom"
						},
						"2.7083": {
							"post": [23.81, 0, 0],
							"lerp_mode": "catmullrom"
						},
						"2.9167": [3.27, -8.71, -4.92],
						"3.0": [1.4, -8.71, -4.92],
						"3.5": [-9.65, -8.71, -4.92],
						"4.0": [-23.09648, -8.71403, -4.92466]
					}
				},
				"leg_left3": {
					"rotation": {
						"0.0": [20.5, 0, 0],
						"0.125": [18.66, 0, 0],
						"0.5833": [-7.37, 0, 0],
						"0.9167": [-1.13, 0, 0],
						"1.0": [7, 0, 0],
						"1.5": [3.51, 0, 0],
						"2.0": [20.5, 0, 0],
						"2.125": [18.66, 0, 0],
						"2.5833": [-7.37, 0, 0],
						"2.9167": [-1.13, 0, 0],
						"3.0": [7, 0, 0],
						"3.5": [3.51, 0, 0],
						"4.0": [20.5, 0, 0]
					}
				},
				"foot_left": {
					"rotation": {
						"0.0": [-3.5, 0, 0],
						"0.625": [3.51, 0, 0],
						"0.9583": [11.75217, 0, 0],
						"1.0": [5, 0, 0],
						"2.0": [-3.5, 0, 0],
						"2.2917": [11.21, 4, 0],
						"2.625": [3.51, 0, 0],
						"2.9583": [11.75217, 0, 0],
						"3.0": [5, 0, 0],
						"4.0": [-3.5, 0, 0]
					}
				},
				"arm_left": {
					"rotation": ["-47.7197-2*math.cos(q.anim_time*90*2)*3", -1.67897, "14.9078-2*math.cos(q.anim_time*90*1.5)*1"],
					"position": [1, 1, 0]
				},
				"arm_left2": {
					"rotation": ["-52.5-2*math.cos(q.anim_time*90*2-30)*3", 0, 0]
				},
				"hoof_left": {
					"rotation": ["60-2*math.cos(q.anim_time*90*2-30)*3", 0, 0]
				},
				"arm_right": {
					"rotation": ["-47.7197-2*math.cos(q.anim_time*90*2)*3", -1.67897, "14.9078-2*math.cos(q.anim_time*90*1.5)*1"],
					"position": [-1, 1, 0]
				},
				"arm_right2": {
					"rotation": ["-52.5-2*math.cos(q.anim_time*90*2-30)*3", 0, 0]
				},
				"hoof_right": {
					"rotation": ["60-2*math.cos(q.anim_time*90*2-30)*3", 0, 0]
				},
				"upper_body": {
					"rotation": ["17.5+5*math.cos(q.anim_time*90*4-60)", "-7*math.cos(q.anim_time*90*2-40)", "-6*math.sin(q.anim_time*90*2-40)"],
					"position": [0, "1*math.cos(q.anim_time*90*4+60)", "-1.1-1*math.cos(q.anim_time*90*4)"]
				}
			}
		},
		"animation.calciopi.recoil": {
			"animation_length": 1.5,
			"bones": {
				"torso": {
					"rotation": {
						"0.0": [0, 0, 0],
						"0.0417": [-13, 0, 0],
						"0.5833": {
							"pre": [8.66, 0, 0],
							"post": [8.66, 0, 0],
							"lerp_mode": "catmullrom"
						},
						"1.0833": {
							"post": [-2, 0, 0],
							"lerp_mode": "catmullrom"
						},
						"1.5": [0, 0, 0]
					}
				},
				"head": {
					"rotation": {
						"0.0": [0, 0, 0],
						"0.0417": {
							"pre": [11, 0, 0],
							"post": [11, 0, 0],
							"lerp_mode": "catmullrom"
						},
						"0.1667": {
							"post": [-9.58, 0, 0],
							"lerp_mode": "catmullrom"
						},
						"0.375": {
							"post": [-7, 0, 0],
							"lerp_mode": "catmullrom"
						},
						"0.7083": {
							"post": [-3.3, 0, 0],
							"lerp_mode": "catmullrom"
						},
						"1.0417": {
							"post": [0.7, 0, 0],
							"lerp_mode": "catmullrom"
						},
						"1.5": [0, 0, 0]
					}
				}
			}
		},
		"animation.calciopi.cry": {
			"animation_length": 0.9167,
			"bones": {
				"torso": {
					"rotation": {
						"0.0": [0, 0, 0],
						"0.125": [-13, 0, 0],
						"0.5": {
							"pre": [8.66, 0, 0],
							"post": [8.66, 0, 0],
							"lerp_mode": "catmullrom"
						},
						"0.9167": [0, 0, 0]
					}
				},
				"head": {
					"rotation": {
						"0.0": [0, 0, 0],
						"0.0417": {
							"pre": [11, 0, 0],
							"post": [11, 0, 0],
							"lerp_mode": "catmullrom"
						},
						"0.1667": {
							"post": [-9.58, 0, 0],
							"lerp_mode": "catmullrom"
						},
						"0.4167": {
							"post": [-9.58, 0, 0],
							"lerp_mode": "catmullrom"
						},
						"0.625": {
							"post": [-3.3, 0, 0],
							"lerp_mode": "catmullrom"
						},
						"0.9167": [0, 0, 0]
					}
				}
			},
			"sound_effects": {
				"0.0": {
					"effect": "pokemon.calciopi.cry"
				}
			},
			"particle_effects": {
				"0.0": {
					"effect": "whistle",
					"locator": "cry1"
				},
				"0.0417": {
					"effect": "whistle",
					"locator": "cry2"
				},
				"0.0833": {
					"effect": "whistle",
					"locator": "cry3"
				},
				"0.125": {
					"effect": "whistle",
					"locator": "cry4"
				},
				"0.1667": {
					"effect": "whistle",
					"locator": "cry5"
				},
				"0.2083": {
					"effect": "whistle",
					"locator": "cry6"
				},
				"0.25": {
					"effect": "whistle",
					"locator": "cry7"
				},
				"0.2917": {
					"effect": "whistle",
					"locator": "cry8"
				},
				"0.3333": {
					"effect": "whistle",
					"locator": "cry9"
				},
				"0.375": {
					"effect": "whistle",
					"locator": "cry10"
				},
				"0.4167": {
					"effect": "whistle",
					"locator": "cry11"
				},
				"0.4583": {
					"effect": "whistle",
					"locator": "cry12"
				},
				"0.5": {
					"effect": "whistle",
					"locator": "cry13"
				},
				"0.5417": {
					"effect": "whistle",
					"locator": "cry14"
				},
				"0.5833": {
					"effect": "whistle",
					"locator": "cry15"
				},
				"0.625": {
					"effect": "whistle",
					"locator": "cry16"
				},
				"0.6667": {
					"effect": "whistle",
					"locator": "cry17"
				}
			}
		},
		"animation.calciopi.sleep": {
			"loop": true,
			"bones": {
				"body": {
					"position": [0, -8, 0]
				},
				"leg_right": {
					"rotation": [-46.98467, 4.4073, 4.1048],
					"position": [0, 2, 0]
				},
				"leg_right2": {
					"rotation": [17.5, 0, 0]
				},
				"leg_right3": {
					"rotation": [-32.5, 0, 0]
				},
				"foot_right": {
					"rotation": [-10, 0, 0]
				},
				"leg_left": {
					"rotation": [-46.98467, -4.40729, -4.1048],
					"position": [0, 2, 0]
				},
				"leg_left2": {
					"rotation": [17.5, 0, 0]
				},
				"leg_left3": {
					"rotation": [-32.5, 0, 0]
				},
				"foot_left": {
					"rotation": [-10, 0, 0]
				},
				"torso": {
					"rotation": [0, 0, 0],
					"position": [0, -4.25, -0.75]
				},
				"neck": {
					"rotation": [50, 0, 0],
					"position": [0, 2.75, 5.5]
				},
				"neck2": {
					"rotation": [-42.5, 0, 0]
				},
				"head": {
					"rotation": [-26.5, 0, 0],
					"position": [0, 0, -0.15]
				},
				"tail": {
					"rotation": [-35, 0, 0],
					"position": [0, 0.75, -7]
				},
				"tail2": {
					"rotation": [-7.5, 0, 0],
					"position": [0, -1.75, -1]
				},
				"tail3": {
					"rotation": [30, 0, 0],
					"position": [0, -0.75, 0]
				},
				"arm_left": {
					"rotation": [8.21088, -13.8345, -5.8546],
					"position": [0.25, 0.75, -1.5]
				},
				"arm_left2": {
					"rotation": [-68, 0, 0]
				},
				"hoof_left": {
					"rotation": [55, 0, 0]
				},
				"arm_right": {
					"rotation": [8.21088, 13.83447, 5.85463],
					"position": [-0.25, 0.75, -1.25]
				},
				"arm_right2": {
					"rotation": [-68, 0, 0]
				},
				"hoof_right": {
					"rotation": [55, 0, 0]
				}
			}
		},
		"animation.calciopi.faint": {
			"animation_length": 6.125,
			"bones": {
				"torso": {
					"rotation": {
						"0.0": {
							"post": [0, 0, 0],
							"lerp_mode": "catmullrom"
						},
						"0.0417": {
							"post": [-13, 0, 0],
							"lerp_mode": "catmullrom"
						},
						"0.2917": [0, 0, 0],
						"0.5833": {
							"pre": [8.66, 0, 0],
							"post": [8.66, 0, 0],
							"lerp_mode": "catmullrom"
						},
						"0.75": {
							"post": [0, 0, 0],
							"lerp_mode": "catmullrom"
						},
						"1.0833": {
							"post": [-2, 0, 0],
							"lerp_mode": "catmullrom"
						},
						"1.5": {
							"post": [0, 0, 0],
							"lerp_mode": "catmullrom"
						}
					},
					"position": {
						"0.0": {
							"post": [0, 0, 0],
							"lerp_mode": "catmullrom"
						},
						"0.2917": [0, 0, 0],
						"0.75": {
							"pre": [0, -4.25, -0.75],
							"post": [0, -4.25, -0.75],
							"lerp_mode": "catmullrom"
						}
					}
				},
				"head": {
					"rotation": {
						"0.0": {
							"post": [0, 0, 0],
							"lerp_mode": "catmullrom"
						},
						"0.0417": {
							"post": [11, 0, 0],
							"lerp_mode": "catmullrom"
						},
						"0.1667": {
							"post": [-9.58, 0, 0],
							"lerp_mode": "catmullrom"
						},
						"0.375": {
							"post": [-7, 0, 0],
							"lerp_mode": "catmullrom"
						},
						"0.5833": {
							"post": [-3.3, 0, 0],
							"lerp_mode": "catmullrom"
						},
						"0.75": {
							"post": [-26.5, 0, 0],
							"lerp_mode": "catmullrom"
						}
					},
					"position": {
						"0.0": {
							"post": [0, 0, 0],
							"lerp_mode": "catmullrom"
						},
						"0.75": {
							"post": [0, 0, -0.15],
							"lerp_mode": "catmullrom"
						}
					}
				},
				"body": {
					"rotation": {
						"0.0": {
							"post": [0, 0, 0],
							"lerp_mode": "catmullrom"
						},
						"0.2917": [0, 0, 0]
					},
					"position": {
						"0.0": {
							"post": [0, 0, 0],
							"lerp_mode": "catmullrom"
						},
						"0.2917": [0, 0, 0],
						"0.75": {
							"pre": [0, -8, 0],
							"post": [0, -8, 0],
							"lerp_mode": "catmullrom"
						}
					}
				},
				"neck": {
					"rotation": {
						"0.0": {
							"post": [0, 0, 0],
							"lerp_mode": "catmullrom"
						},
						"0.2917": [0, 0, 0],
						"0.75": {
							"pre": [50, 0, 0],
							"post": [50, 0, 0],
							"lerp_mode": "catmullrom"
						}
					},
					"position": {
						"0.0": {
							"post": [0, 0, 0],
							"lerp_mode": "catmullrom"
						},
						"0.2917": [0, 0, 0],
						"0.75": {
							"pre": [0, 2.75, 5.5],
							"post": [0, 2.75, 5.5],
							"lerp_mode": "catmullrom"
						}
					}
				},
				"neck2": {
					"rotation": {
						"0.0": {
							"post": [0, 0, 0],
							"lerp_mode": "catmullrom"
						},
						"0.2917": [0, 0, 0],
						"0.75": {
							"pre": [-42.5, 0, 0],
							"post": [-42.5, 0, 0],
							"lerp_mode": "catmullrom"
						}
					},
					"position": {
						"0.0": {
							"post": [0, 0, 0],
							"lerp_mode": "catmullrom"
						},
						"0.2917": [0, 0, 0]
					}
				},
				"tail": {
					"rotation": {
						"0.0": {
							"post": [0, 0, 0],
							"lerp_mode": "catmullrom"
						},
						"0.2917": [0, 0, 0],
						"0.75": {
							"pre": [-35, 0, 0],
							"post": [-35, 0, 0],
							"lerp_mode": "catmullrom"
						}
					},
					"position": {
						"0.0": {
							"post": [0, 0, 0],
							"lerp_mode": "catmullrom"
						},
						"0.2917": [0, 0, 0],
						"0.75": {
							"pre": [0, 0.75, -7],
							"post": [0, 0.75, -7],
							"lerp_mode": "catmullrom"
						}
					}
				},
				"tail2": {
					"rotation": {
						"0.0": {
							"post": [0, 0, 0],
							"lerp_mode": "catmullrom"
						},
						"0.2917": [0, 0, 0],
						"0.75": {
							"pre": [-7.5, 0, 0],
							"post": [-7.5, 0, 0],
							"lerp_mode": "catmullrom"
						}
					},
					"position": {
						"0.0": {
							"post": [0, 0, 0],
							"lerp_mode": "catmullrom"
						},
						"0.2917": [0, 0, 0],
						"0.75": {
							"pre": [0, -1.75, -1],
							"post": [0, -1.75, -1],
							"lerp_mode": "catmullrom"
						}
					}
				},
				"tail3": {
					"rotation": {
						"0.0": {
							"post": [0, 0, 0],
							"lerp_mode": "catmullrom"
						},
						"0.2917": [0, 0, 0],
						"0.75": {
							"pre": [30, 0, 0],
							"post": [30, 0, 0],
							"lerp_mode": "catmullrom"
						}
					},
					"position": {
						"0.0": {
							"post": [0, 0, 0],
							"lerp_mode": "catmullrom"
						},
						"0.2917": [0, 0, 0],
						"0.75": {
							"pre": [0, -0.75, 0],
							"post": [0, -0.75, 0],
							"lerp_mode": "catmullrom"
						}
					}
				},
				"arm_left": {
					"rotation": {
						"0.0": {
							"post": [0, 0, 0],
							"lerp_mode": "catmullrom"
						},
						"0.2917": [0, 0, 0],
						"0.75": {
							"pre": [8.21088, -13.8345, -5.8546],
							"post": [8.21088, -13.8345, -5.8546],
							"lerp_mode": "catmullrom"
						}
					},
					"position": {
						"0.0": {
							"post": [0, 0, 0],
							"lerp_mode": "catmullrom"
						},
						"0.2917": [0, 0, 0],
						"0.75": {
							"pre": [0.25, 0.75, -1.5],
							"post": [0.25, 0.75, -1.5],
							"lerp_mode": "catmullrom"
						}
					}
				},
				"arm_left2": {
					"rotation": {
						"0.0": {
							"post": [0, 0, 0],
							"lerp_mode": "catmullrom"
						},
						"0.2917": [0, 0, 0],
						"0.75": {
							"pre": [-68, 0, 0],
							"post": [-68, 0, 0],
							"lerp_mode": "catmullrom"
						}
					},
					"position": {
						"0.0": {
							"post": [0, 0, 0],
							"lerp_mode": "catmullrom"
						},
						"0.2917": [0, 0, 0]
					}
				},
				"hoof_left": {
					"rotation": {
						"0.0": {
							"post": [0, 0, 0],
							"lerp_mode": "catmullrom"
						},
						"0.2917": [0, 0, 0],
						"0.75": {
							"pre": [55, 0, 0],
							"post": [55, 0, 0],
							"lerp_mode": "catmullrom"
						}
					},
					"position": {
						"0.0": {
							"post": [0, 0, 0],
							"lerp_mode": "catmullrom"
						},
						"0.2917": [0, 0, 0]
					}
				},
				"arm_right": {
					"rotation": {
						"0.0": {
							"post": [0, 0, 0],
							"lerp_mode": "catmullrom"
						},
						"0.2917": [0, 0, 0],
						"0.75": {
							"pre": [8.21088, 13.83447, 5.85463],
							"post": [8.21088, 13.83447, 5.85463],
							"lerp_mode": "catmullrom"
						}
					},
					"position": {
						"0.0": {
							"post": [0, 0, 0],
							"lerp_mode": "catmullrom"
						},
						"0.2917": [0, 0, 0],
						"0.75": {
							"pre": [-0.25, 0.75, -1.25],
							"post": [-0.25, 0.75, -1.25],
							"lerp_mode": "catmullrom"
						}
					}
				},
				"arm_right2": {
					"rotation": {
						"0.0": {
							"post": [0, 0, 0],
							"lerp_mode": "catmullrom"
						},
						"0.2917": [0, 0, 0],
						"0.75": {
							"pre": [-68, 0, 0],
							"post": [-68, 0, 0],
							"lerp_mode": "catmullrom"
						}
					},
					"position": {
						"0.0": {
							"post": [0, 0, 0],
							"lerp_mode": "catmullrom"
						},
						"0.2917": [0, 0, 0]
					}
				},
				"hoof_right": {
					"rotation": {
						"0.0": {
							"post": [0, 0, 0],
							"lerp_mode": "catmullrom"
						},
						"0.2917": [0, 0, 0],
						"0.75": {
							"pre": [55, 0, 0],
							"post": [55, 0, 0],
							"lerp_mode": "catmullrom"
						}
					},
					"position": {
						"0.0": {
							"post": [0, 0, 0],
							"lerp_mode": "catmullrom"
						},
						"0.2917": [0, 0, 0]
					}
				},
				"leg_right": {
					"rotation": {
						"0.0": {
							"post": [0, 0, 0],
							"lerp_mode": "catmullrom"
						},
						"0.2917": [0, 0, 0],
						"0.75": {
							"pre": [-46.98467, 4.4073, 4.1048],
							"post": [-46.98467, 4.4073, 4.1048],
							"lerp_mode": "catmullrom"
						}
					},
					"position": {
						"0.0": {
							"post": [0, 0, 0],
							"lerp_mode": "catmullrom"
						},
						"0.2917": [0, 0, 0],
						"0.75": {
							"pre": [0, 2, 0],
							"post": [0, 2, 0],
							"lerp_mode": "catmullrom"
						}
					}
				},
				"leg_right2": {
					"rotation": {
						"0.0": {
							"post": [0, 0, 0],
							"lerp_mode": "catmullrom"
						},
						"0.2917": [0, 0, 0],
						"0.75": {
							"pre": [17.5, 0, 0],
							"post": [17.5, 0, 0],
							"lerp_mode": "catmullrom"
						}
					},
					"position": {
						"0.0": {
							"post": [0, 0, 0],
							"lerp_mode": "catmullrom"
						},
						"0.2917": [0, 0, 0]
					}
				},
				"leg_right3": {
					"rotation": {
						"0.0": {
							"post": [0, 0, 0],
							"lerp_mode": "catmullrom"
						},
						"0.2917": [0, 0, 0],
						"0.75": {
							"pre": [-32.5, 0, 0],
							"post": [-32.5, 0, 0],
							"lerp_mode": "catmullrom"
						}
					},
					"position": {
						"0.0": {
							"post": [0, 0, 0],
							"lerp_mode": "catmullrom"
						},
						"0.2917": [0, 0, 0]
					}
				},
				"foot_right": {
					"rotation": {
						"0.0": {
							"post": [0, 0, 0],
							"lerp_mode": "catmullrom"
						},
						"0.2917": [0, 0, 0],
						"0.75": {
							"pre": [-10, 0, 0],
							"post": [-10, 0, 0],
							"lerp_mode": "catmullrom"
						}
					},
					"position": {
						"0.0": {
							"post": [0, 0, 0],
							"lerp_mode": "catmullrom"
						},
						"0.2917": [0, 0, 0]
					}
				},
				"leg_left": {
					"rotation": {
						"0.0": {
							"post": [0, 0, 0],
							"lerp_mode": "catmullrom"
						},
						"0.2917": [0, 0, 0],
						"0.75": {
							"pre": [-46.98467, -4.40729, -4.1048],
							"post": [-46.98467, -4.40729, -4.1048],
							"lerp_mode": "catmullrom"
						}
					},
					"position": {
						"0.0": {
							"post": [0, 0, 0],
							"lerp_mode": "catmullrom"
						},
						"0.2917": [0, 0, 0],
						"0.75": {
							"pre": [0, 2, 0],
							"post": [0, 2, 0],
							"lerp_mode": "catmullrom"
						}
					}
				},
				"leg_left2": {
					"rotation": {
						"0.0": {
							"post": [0, 0, 0],
							"lerp_mode": "catmullrom"
						},
						"0.2917": [0, 0, 0],
						"0.75": {
							"pre": [17.5, 0, 0],
							"post": [17.5, 0, 0],
							"lerp_mode": "catmullrom"
						}
					},
					"position": {
						"0.0": {
							"post": [0, 0, 0],
							"lerp_mode": "catmullrom"
						},
						"0.2917": [0, 0, 0]
					}
				},
				"leg_left3": {
					"rotation": {
						"0.0": {
							"post": [0, 0, 0],
							"lerp_mode": "catmullrom"
						},
						"0.2917": [0, 0, 0],
						"0.75": {
							"pre": [-32.5, 0, 0],
							"post": [-32.5, 0, 0],
							"lerp_mode": "catmullrom"
						}
					},
					"position": {
						"0.0": {
							"post": [0, 0, 0],
							"lerp_mode": "catmullrom"
						},
						"0.2917": [0, 0, 0]
					}
				},
				"foot_left": {
					"rotation": {
						"0.0": {
							"post": [0, 0, 0],
							"lerp_mode": "catmullrom"
						},
						"0.2917": [0, 0, 0],
						"0.75": {
							"pre": [-10, 0, 0],
							"post": [-10, 0, 0],
							"lerp_mode": "catmullrom"
						}
					},
					"position": {
						"0.0": {
							"post": [0, 0, 0],
							"lerp_mode": "catmullrom"
						},
						"0.2917": [0, 0, 0]
					}
				}
			}
		},
		"animation.calciopi.quirk1": {
			"loop": true,
			"sound_effects": {
				"0.0": {
					"effect": "pokemon.calciopi.quirk1"
				}
			},
			"particle_effects": {
				"0.0": [
					{
						"effect": "whistle",
						"locator": "quirk1_right"
					},
					{
						"effect": "whistle",
						"locator": "quirk1_left"
					}
				]
			}
		},
		"animation.calciopi.quirk2": {
			"loop": true,
			"sound_effects": {
				"0.0": {
					"effect": "pokemon.calciopi.quirk2"
				}
			},
			"particle_effects": {
				"0.0": [
					{
						"effect": "whistle",
						"locator": "quirk2_right"
					},
					{
						"effect": "whistle",
						"locator": "quirk2_left"
					}
				]
			}
		},
		"animation.calciopi.quirk3": {
			"loop": true,
			"sound_effects": {
				"0.0": {
					"effect": "pokemon.calciopi.quirk3"
				}
			},
			"particle_effects": {
				"0.0": [
					{
						"effect": "whistle",
						"locator": "quirk3_right"
					},
					{
						"effect": "whistle",
						"locator": "quirk3_left"
					}
				]
			}
		},
		"animation.calciopi.quirk4": {
			"loop": true,
			"sound_effects": {
				"0.0": {
					"effect": "pokemon.calciopi.quirk4"
				}
			},
			"particle_effects": {
				"0.0": [
					{
						"effect": "whistle",
						"locator": "quirk4_right"
					},
					{
						"effect": "whistle",
						"locator": "quirk4_left"
					}
				]
			}
		},
		"animation.calciopi.quirk5": {
			"loop": true,
			"sound_effects": {
				"0.0": {
					"effect": "pokemon.calciopi.quirk5"
				}
			},
			"particle_effects": {
				"0.0": [
					{
						"effect": "whistle",
						"locator": "quirk5_right"
					},
					{
						"effect": "whistle",
						"locator": "quirk5_left"
					}
				]
			}
		},
		"animation.calciopi.quirk6": {
			"loop": true,
			"sound_effects": {
				"0.0": {
					"effect": "pokemon.calciopi.quirk6"
				}
			},
			"particle_effects": {
				"0.0": [
					{
						"effect": "whistle",
						"locator": "quirk6_right"
					},
					{
						"effect": "whistle",
						"locator": "quirk6_left"
					}
				]
			}
		},
		"animation.calciopi.quirk7": {
			"loop": true,
			"sound_effects": {
				"0.0": {
					"effect": "pokemon.calciopi.quirk7"
				}
			},
			"particle_effects": {
				"0.0": [
					{
						"effect": "whistle",
						"locator": "quirk7_right"
					},
					{
						"effect": "whistle",
						"locator": "quirk7_left"
					}
				]
			}
		}
	}
}