{
	"format_version": "1.12.0",
	"minecraft:geometry": [
		{
			"description": {
				"identifier": "geometry.xenoster",
				"texture_width": 128,
				"texture_height": 128,
				"visible_bounds_width": 5,
				"visible_bounds_height": 5.5,
				"visible_bounds_offset": [0, 2.25, 0]
			},
			"bones": [
				{
					"name": "xenoster",
					"pivot": [0, 0, 0]
				},
				{
					"name": "body",
					"parent": "xenoster",
					"pivot": [0, 0, 0]
				},
				{
					"name": "torso",
					"parent": "body",
					"pivot": [0, 0, 0]
				},
				{
					"name": "shell",
					"parent": "torso",
					"pivot": [0, 0, 0],
					"cubes": [
						{"origin": [-11, 16.25, -11.5], "size": [22, 7, 22], "uv": [0, 0]},
						{"origin": [-9, 22.75, -9.5], "size": [18, 2, 18], "inflate": 0.1, "uv": [0, 49]},
						{"origin": [-5, 24.5, -5.5], "size": [10, 3, 10], "inflate": 0.1, "uv": [54, 29]},
						{"origin": [-9, 14.75, -9.5], "size": [18, 2, 18], "inflate": 0.1, "uv": [0, 29]}
					]
				},
				{
					"name": "eye_little8",
					"parent": "shell",
					"pivot": [-0.5, 19, -10.75],
					"rotation": [0, 90, 0],
					"cubes": [
						{"origin": [-37, -12.25, -22.75], "size": [3, 2, 2], "inflate": 0.01, "pivot": [-5.5, -11, -10.25], "rotation": [0, 0, 90], "uv": [9, 14]},
						{"origin": [-7.25, 18, -22.75], "size": [3, 2, 2], "inflate": 0.02, "uv": [12, 0]},
						{"origin": [-7.75, 17, -22.75], "size": [4, 4, 2], "uv": [73, 79]}
					]
				},
				{
					"name": "eye_little7",
					"parent": "shell",
					"pivot": [-0.5, 19, -0.75],
					"rotation": [0, 90, 0],
					"cubes": [
						{"origin": [-37, -12.25, -12.75], "size": [3, 2, 2], "inflate": 0.01, "pivot": [-5.5, -11, -0.25], "rotation": [0, 0, 90], "uv": [54, 33]},
						{"origin": [-7.25, 18, -12.75], "size": [3, 2, 2], "inflate": 0.02, "uv": [54, 29]},
						{"origin": [-7.75, 17, -12.75], "size": [4, 4, 2], "uv": [32, 78]}
					]
				},
				{
					"name": "eye_little6",
					"parent": "shell",
					"pivot": [-10.25, 19, 0],
					"rotation": [0, 180, 0],
					"cubes": [
						{"origin": [-46.75, -12.25, -12], "size": [3, 2, 2], "inflate": 0.01, "pivot": [-15.25, -11, 0.5], "rotation": [0, 0, 90], "uv": [80, 65]},
						{"origin": [-17, 18, -12], "size": [3, 2, 2], "inflate": 0.02, "uv": [47, 69]},
						{"origin": [-17.5, 17, -12], "size": [4, 4, 2], "uv": [0, 83]}
					]
				},
				{
					"name": "eye_little5",
					"parent": "shell",
					"pivot": [-0.25, 19, 0],
					"rotation": [0, 180, 0],
					"cubes": [
						{"origin": [-36.75, -12.25, -12], "size": [3, 2, 2], "inflate": 0.01, "pivot": [-5.25, -11, 0.5], "rotation": [0, 0, 90], "uv": [82, 18]},
						{"origin": [-7, 18, -12], "size": [3, 2, 2], "inflate": 0.02, "uv": [81, 42]},
						{"origin": [-7.5, 17, -12], "size": [4, 4, 2], "uv": [12, 83]}
					]
				},
				{
					"name": "eye_little4",
					"parent": "shell",
					"pivot": [0.5, 19, 9.75],
					"rotation": [0, -90, 0],
					"cubes": [
						{"origin": [-36, -12.25, -2.25], "size": [3, 2, 2], "inflate": 0.01, "pivot": [-4.5, -11, 10.25], "rotation": [0, 0, 90], "uv": [84, 29]},
						{"origin": [-6.25, 18, -2.25], "size": [3, 2, 2], "inflate": 0.02, "uv": [83, 77]},
						{"origin": [-6.75, 17, -2.25], "size": [4, 4, 2], "uv": [42, 83]}
					]
				},
				{
					"name": "eye_little3",
					"parent": "shell",
					"pivot": [0.5, 19, -0.25],
					"rotation": [0, -90, 0],
					"cubes": [
						{"origin": [-36, -12.25, -12.25], "size": [3, 2, 2], "inflate": 0.01, "pivot": [-4.5, -11, 0.25], "rotation": [0, 0, 90], "uv": [84, 69]},
						{"origin": [-6.25, 18, -12.25], "size": [3, 2, 2], "inflate": 0.02, "uv": [84, 33]},
						{"origin": [-6.75, 17, -12.25], "size": [4, 4, 2], "uv": [83, 83]}
					]
				},
				{
					"name": "eye_little2",
					"parent": "shell",
					"pivot": [10.25, 19, -1],
					"cubes": [
						{"origin": [-26.25, -12.25, -13], "size": [3, 2, 2], "inflate": 0.01, "pivot": [5.25, -11, -0.5], "rotation": [0, 0, 90], "uv": [64, 85]},
						{"origin": [3.5, 18, -13], "size": [3, 2, 2], "inflate": 0.02, "uv": [86, 57]},
						{"origin": [3, 17, -13], "size": [4, 4, 2], "uv": [24, 84]}
					]
				},
				{
					"name": "eye_little1",
					"parent": "shell",
					"pivot": [0.25, 19, -1],
					"cubes": [
						{"origin": [-7, 17, -13], "size": [4, 4, 2], "uv": [61, 79]},
						{"origin": [-36.25, -12.25, -13], "size": [3, 2, 2], "inflate": 0.01, "pivot": [-4.75, -11, -0.5], "rotation": [0, 0, 90], "uv": [84, 73]},
						{"origin": [-6.5, 18, -13], "size": [3, 2, 2], "inflate": 0.02, "uv": [54, 85]}
					]
				},
				{
					"name": "stalk_front1",
					"parent": "torso",
					"pivot": [0, 27, 0],
					"cubes": [
						{"origin": [-2, 27, -0.25], "size": [4, 10, 4], "inflate": 0.02, "pivot": [0, 24, 3], "rotation": [35, 0, 0], "uv": [16, 69]}
					]
				},
				{
					"name": "stalk_front2",
					"parent": "stalk_front1",
					"pivot": [0, -1, 0],
					"cubes": [
						{"origin": [-2, 34.75, -5], "size": [4, 10, 4], "inflate": 0.01, "pivot": [0, 24, 3], "rotation": [12.5, 0, 0], "uv": [68, 65]}
					]
				},
				{
					"name": "stalk_front3",
					"parent": "stalk_front2",
					"pivot": [0, -1, 0],
					"cubes": [
						{"origin": [-2, 39.45, -13], "size": [4, 10, 4], "pivot": [0, 24, 3], "rotation": [-12.5, 0, 0], "uv": [0, 69]}
					]
				},
				{
					"name": "eye_main_front",
					"parent": "stalk_front3",
					"pivot": [0, 54.7375, -7.75],
					"cubes": [
						{"origin": [-4, 50.7, -9.5], "size": [8, 8, 8], "uv": [54, 49]},
						{"origin": [-3, 52.5, -9.5], "size": [6, 2, 2], "inflate": 0.02, "uv": [78, 49]},
						{"origin": [-3, 55, -9.5], "size": [6, 2, 2], "inflate": 0.02, "uv": [78, 53]},
						{"origin": [-33, 23.75, -9.5], "size": [6, 2, 2], "inflate": 0.01, "pivot": [0, 24.75, 3], "rotation": [0, 0, 90], "uv": [66, 18]}
					]
				},
				{
					"name": "stalk_back1",
					"parent": "torso",
					"pivot": [0, 27, 0],
					"cubes": [
						{"origin": [-2, 27, -6.5], "size": [4, 10, 4], "inflate": 0.03, "pivot": [0, 24, -3.25], "rotation": [-145, 0, 180], "uv": [0, 0]}
					]
				},
				{
					"name": "stalk_back2",
					"parent": "stalk_back1",
					"pivot": [0, -1, 0],
					"cubes": [
						{"origin": [-2, 34.75, -11.25], "size": [4, 10, 4], "inflate": 0.02, "pivot": [0, 24, -3.25], "rotation": [-167.5, 0, 180], "uv": [0, 29]}
					]
				},
				{
					"name": "stalk_back3",
					"parent": "stalk_back2",
					"pivot": [0, -1, 0],
					"cubes": [
						{"origin": [-2, 39.45, -19.25], "size": [4, 10, 4], "inflate": 0.01, "pivot": [0, 24, -3.25], "rotation": [167.5, 0, -180], "uv": [0, 49]}
					]
				},
				{
					"name": "eye_main_back",
					"parent": "stalk_back3",
					"pivot": [0, 54.675, 7.5],
					"cubes": [
						{"origin": [-4, 50.7, -15.75], "size": [8, 8, 8], "pivot": [0, 24, -3.25], "rotation": [-180, 0, 180], "uv": [54, 49]},
						{"origin": [-33, 23.75, -15.75], "size": [6, 2, 2], "inflate": 0.01, "pivot": [0, 24.75, -3.25], "rotation": [-180, 0, 90], "uv": [0, 63]},
						{"origin": [-3, 52.25, -15.75], "size": [6, 2, 2], "inflate": 0.02, "pivot": [0, 24.75, -3.25], "rotation": [-180, 0, 180], "uv": [54, 42]},
						{"origin": [-3, 55, -15.75], "size": [6, 2, 2], "inflate": 0.02, "pivot": [0, 24.75, -3.25], "rotation": [-180, 0, 180], "uv": [0, 43]}
					]
				},
				{
					"name": "stalk_back7",
					"parent": "torso",
					"pivot": [-0.05, 27, 0],
					"rotation": [0, -90, -10],
					"cubes": [
						{"origin": [-2.05, 26.6787, -5.87252], "size": [4, 10, 4], "inflate": 0.03, "pivot": [-0.05, 23.6787, -2.62252], "rotation": [-145, 0, 180], "uv": [0, 0]}
					]
				},
				{
					"name": "stalk_back8",
					"parent": "stalk_back7",
					"pivot": [-0.05, -1.3213, 0.62748],
					"cubes": [
						{"origin": [-2.05, 34.4287, -10.62252], "size": [4, 10, 4], "inflate": 0.02, "pivot": [-0.05, 23.6787, -2.62252], "rotation": [-167.5, 0, 180], "uv": [0, 29]}
					]
				},
				{
					"name": "stalk_back9",
					"parent": "stalk_back8",
					"pivot": [-0.05, -1.3213, 0.62748],
					"cubes": [
						{"origin": [-2.05, 39.1287, -18.62252], "size": [4, 10, 4], "inflate": 0.01, "pivot": [-0.05, 23.6787, -2.62252], "rotation": [167.5, 0, -180], "uv": [0, 49]}
					]
				},
				{
					"name": "eye_main_back3",
					"parent": "stalk_back9",
					"pivot": [-0.05, 54.3537, 8.12748],
					"cubes": [
						{"origin": [-4.05, 50.3787, -15.12252], "size": [8, 8, 8], "pivot": [-0.05, 23.6787, -2.62252], "rotation": [-180, 0, 180], "uv": [54, 49]},
						{"origin": [-33.05, 23.4287, -15.12252], "size": [6, 2, 2], "inflate": 0.01, "pivot": [-0.05, 24.4287, -2.62252], "rotation": [-180, 0, 90], "uv": [0, 63]},
						{"origin": [-3.05, 51.9287, -15.12252], "size": [6, 2, 2], "inflate": 0.02, "pivot": [-0.05, 24.4287, -2.62252], "rotation": [-180, 0, 180], "uv": [54, 42]},
						{"origin": [-3.05, 54.6787, -15.12252], "size": [6, 2, 2], "inflate": 0.02, "pivot": [-0.05, 24.4287, -2.62252], "rotation": [-180, 0, 180], "uv": [0, 43]}
					]
				},
				{
					"name": "stalk_back4",
					"parent": "torso",
					"pivot": [-0.15, 27, 0],
					"rotation": [0, 90, 10],
					"cubes": [
						{"origin": [-1.8184, 26.59014, -4.17353], "size": [4, 10, 4], "inflate": 0.03, "pivot": [0.1816, 23.59014, -0.92353], "rotation": [-145, 0, 180], "uv": [0, 0]}
					]
				},
				{
					"name": "stalk_back5",
					"parent": "stalk_back4",
					"pivot": [0.1816, -1.40986, 2.32647],
					"cubes": [
						{"origin": [-1.8184, 34.34014, -8.92353], "size": [4, 10, 4], "inflate": 0.02, "pivot": [0.1816, 23.59014, -0.92353], "rotation": [-167.5, 0, 180], "uv": [0, 29]}
					]
				},
				{
					"name": "stalk_back6",
					"parent": "stalk_back5",
					"pivot": [0.1816, -1.40986, 2.32647],
					"cubes": [
						{"origin": [-1.8184, 39.04014, -16.92353], "size": [4, 10, 4], "inflate": 0.01, "pivot": [0.1816, 23.59014, -0.92353], "rotation": [167.5, 0, -180], "uv": [0, 49]}
					]
				},
				{
					"name": "eye_main_back2",
					"parent": "stalk_back6",
					"pivot": [0.1816, 54.26514, 9.82647],
					"cubes": [
						{"origin": [-3.8184, 50.29014, -13.42353], "size": [8, 8, 8], "pivot": [0.1816, 23.59014, -0.92353], "rotation": [-180, 0, 180], "uv": [54, 49]},
						{"origin": [-32.8184, 23.34014, -13.42353], "size": [6, 2, 2], "inflate": 0.01, "pivot": [0.1816, 24.34014, -0.92353], "rotation": [-180, 0, 90], "uv": [0, 63]},
						{"origin": [-2.8184, 51.84014, -13.42353], "size": [6, 2, 2], "inflate": 0.02, "pivot": [0.1816, 24.34014, -0.92353], "rotation": [-180, 0, 180], "uv": [54, 42]},
						{"origin": [-2.8184, 54.59014, -13.42353], "size": [6, 2, 2], "inflate": 0.02, "pivot": [0.1816, 24.34014, -0.92353], "rotation": [-180, 0, 180], "uv": [0, 43]}
					]
				},
				{
					"name": "legs",
					"parent": "body",
					"pivot": [0, 0, 0]
				},
				{
					"name": "leg8",
					"parent": "legs",
					"pivot": [1.5, 19.5, -2],
					"rotation": [0, -127, 0],
					"cubes": [
						{"origin": [-12.65, 18, -5.4], "size": [9, 3, 3], "inflate": 0.2, "uv": [66, 12]},
						{"origin": [-17.9, 29.9, -5.4], "size": [12, 3, 3], "inflate": 0.1, "pivot": [3.35, 19.5, -4.4], "rotation": [0, 0, -50], "uv": [66, 6]},
						{"origin": [-12, 41.5, -5.4], "size": [12, 3, 3], "pivot": [3.35, 19.5, -4.4], "rotation": [0, 0, -100], "uv": [66, 0]},
						{"origin": [-20.4, 0, -6.4], "size": [5, 4, 5], "uv": [32, 69]},
						{"origin": [-18.9, 1.75, -11.4], "size": [2, 2, 5], "pivot": [-17.9, 2.75, -3.9], "rotation": [12.5, 0, 0], "uv": [47, 76]},
						{"origin": [-18.9, 1.75, -11.4], "size": [2, 2, 5], "pivot": [-17.9, 2.75, -3.9], "rotation": [0, 90, -12.5], "uv": [72, 42]},
						{"origin": [-18.9, 1.75, -1.4], "size": [2, 2, 5], "pivot": [-17.9, 2.75, -3.9], "rotation": [-12.5, 0, 0], "uv": [52, 69]},
						{"origin": [-18.9, 1.75, -1.4], "size": [2, 2, 5], "pivot": [-17.9, 2.75, -3.9], "rotation": [0, 90, 12.5], "uv": [0, 14]}
					]
				},
				{
					"name": "leg7",
					"parent": "legs",
					"pivot": [1, 19.5, 0.75],
					"rotation": [0, 137.5, 0],
					"cubes": [
						{"origin": [-13.85, 18, -1.25], "size": [9, 3, 3], "inflate": 0.2, "uv": [66, 12]},
						{"origin": [-19.1, 29.9, -1.25], "size": [12, 3, 3], "inflate": 0.1, "pivot": [2.15, 19.5, -0.25], "rotation": [0, 0, -50], "uv": [66, 6]},
						{"origin": [-13.2, 41.5, -1.25], "size": [12, 3, 3], "pivot": [2.15, 19.5, -0.25], "rotation": [0, 0, -100], "uv": [66, 0]},
						{"origin": [-21.6, 0, -2.25], "size": [5, 4, 5], "uv": [32, 69]},
						{"origin": [-20.1, 1.75, -7.25], "size": [2, 2, 5], "pivot": [-19.1, 2.75, 0.25], "rotation": [12.5, 0, 0], "uv": [47, 76]},
						{"origin": [-20.1, 1.75, -7.25], "size": [2, 2, 5], "pivot": [-19.1, 2.75, 0.25], "rotation": [0, 90, -12.5], "uv": [72, 42]},
						{"origin": [-20.1, 1.75, 2.75], "size": [2, 2, 5], "pivot": [-19.1, 2.75, 0.25], "rotation": [-12.5, 0, 0], "uv": [52, 69]},
						{"origin": [-20.1, 1.75, 2.75], "size": [2, 2, 5], "pivot": [-19.1, 2.75, 0.25], "rotation": [0, 90, 12.5], "uv": [0, 14]}
					]
				},
				{
					"name": "leg5",
					"parent": "legs",
					"pivot": [0, 19.5, 0],
					"rotation": [0, -46.5, 0],
					"cubes": [
						{"origin": [-17.4, 18, -1.5], "size": [9, 3, 3], "inflate": 0.2, "uv": [66, 12]},
						{"origin": [-22.65, 29.9, -1.5], "size": [12, 3, 3], "inflate": 0.1, "pivot": [-1.4, 19.5, -0.5], "rotation": [0, 0, -50], "uv": [66, 6]},
						{"origin": [-16.75, 41.5, -1.5], "size": [12, 3, 3], "pivot": [-1.4, 19.5, -0.5], "rotation": [0, 0, -100], "uv": [66, 0]},
						{"origin": [-25.15, 0, -2.5], "size": [5, 4, 5], "uv": [32, 69]},
						{"origin": [-23.65, 1.75, -7.5], "size": [2, 2, 5], "pivot": [-22.65, 2.75, 0], "rotation": [12.5, 0, 0], "uv": [47, 76]},
						{"origin": [-23.65, 1.75, -7.5], "size": [2, 2, 5], "pivot": [-22.65, 2.75, 0], "rotation": [0, 90, -12.5], "uv": [72, 42]},
						{"origin": [-23.65, 1.75, 2.5], "size": [2, 2, 5], "pivot": [-22.65, 2.75, 0], "rotation": [-12.5, 0, 0], "uv": [52, 69]},
						{"origin": [-23.65, 1.75, 2.5], "size": [2, 2, 5], "pivot": [-22.65, 2.75, 0], "rotation": [0, 90, 12.5], "uv": [0, 14]}
					]
				},
				{
					"name": "leg3",
					"parent": "legs",
					"pivot": [0, 19.5, 0],
					"rotation": [0, 180, 0],
					"cubes": [
						{"origin": [-16, 18, -1], "size": [9, 3, 3], "inflate": 0.2, "uv": [66, 12]},
						{"origin": [-21.25, 29.9, -1], "size": [12, 3, 3], "inflate": 0.1, "pivot": [0, 19.5, 0], "rotation": [0, 0, -50], "uv": [66, 6]},
						{"origin": [-15.35, 41.5, -1], "size": [12, 3, 3], "pivot": [0, 19.5, 0], "rotation": [0, 0, -100], "uv": [66, 0]},
						{"origin": [-23.75, 0, -2], "size": [5, 4, 5], "uv": [32, 69]},
						{"origin": [-22.25, 1.75, -7], "size": [2, 2, 5], "pivot": [-21.25, 2.75, 0.5], "rotation": [12.5, 0, 0], "uv": [47, 76]},
						{"origin": [-22.25, 1.75, -7], "size": [2, 2, 5], "pivot": [-21.25, 2.75, 0.5], "rotation": [0, 90, -12.5], "uv": [72, 42]},
						{"origin": [-22.25, 1.75, 3], "size": [2, 2, 5], "pivot": [-21.25, 2.75, 0.5], "rotation": [-12.5, 0, 0], "uv": [52, 69]},
						{"origin": [-22.25, 1.75, 3], "size": [2, 2, 5], "pivot": [-21.25, 2.75, 0.5], "rotation": [0, 90, 12.5], "uv": [0, 14]}
					]
				},
				{
					"name": "leg2",
					"parent": "legs",
					"pivot": [0, 19.5, 0],
					"rotation": [0, 90, 0],
					"cubes": [
						{"origin": [-16, 18, -1.5], "size": [9, 3, 3], "inflate": 0.2, "uv": [66, 12]},
						{"origin": [-21.25, 29.9, -1.5], "size": [12, 3, 3], "inflate": 0.1, "pivot": [0, 19.5, -0.5], "rotation": [0, 0, -50], "uv": [66, 6]},
						{"origin": [-15.35, 41.5, -1.5], "size": [12, 3, 3], "pivot": [0, 19.5, -0.5], "rotation": [0, 0, -100], "uv": [66, 0]},
						{"origin": [-23.75, 0, -2.5], "size": [5, 4, 5], "uv": [32, 69]},
						{"origin": [-22.25, 1.75, -7.5], "size": [2, 2, 5], "pivot": [-21.25, 2.75, 0], "rotation": [12.5, 0, 0], "uv": [47, 76]},
						{"origin": [-22.25, 1.75, -7.5], "size": [2, 2, 5], "pivot": [-21.25, 2.75, 0], "rotation": [0, 90, -12.5], "uv": [72, 42]},
						{"origin": [-22.25, 1.75, 2.5], "size": [2, 2, 5], "pivot": [-21.25, 2.75, 0], "rotation": [-12.5, 0, 0], "uv": [52, 69]},
						{"origin": [-22.25, 1.75, 2.5], "size": [2, 2, 5], "pivot": [-21.25, 2.75, 0], "rotation": [0, 90, 12.5], "uv": [0, 14]}
					]
				},
				{
					"name": "leg4",
					"parent": "legs",
					"pivot": [0.5, 19.5, 0],
					"rotation": [0, -90, 0],
					"cubes": [
						{"origin": [-15.5, 18, -1], "size": [9, 3, 3], "inflate": 0.2, "uv": [66, 12]},
						{"origin": [-20.75, 29.9, -1], "size": [12, 3, 3], "inflate": 0.1, "pivot": [0.5, 19.5, 0], "rotation": [0, 0, -50], "uv": [66, 6]},
						{"origin": [-14.85, 41.5, -1], "size": [12, 3, 3], "pivot": [0.5, 19.5, 0], "rotation": [0, 0, -100], "uv": [66, 0]},
						{"origin": [-23.25, 0, -2], "size": [5, 4, 5], "uv": [32, 69]},
						{"origin": [-21.75, 1.75, -7], "size": [2, 2, 5], "pivot": [-20.75, 2.75, 0.5], "rotation": [12.5, 0, 0], "uv": [47, 76]},
						{"origin": [-21.75, 1.75, -7], "size": [2, 2, 5], "pivot": [-20.75, 2.75, 0.5], "rotation": [0, 90, -12.5], "uv": [72, 42]},
						{"origin": [-21.75, 1.75, 3], "size": [2, 2, 5], "pivot": [-20.75, 2.75, 0.5], "rotation": [-12.5, 0, 0], "uv": [52, 69]},
						{"origin": [-21.75, 1.75, 3], "size": [2, 2, 5], "pivot": [-20.75, 2.75, 0.5], "rotation": [0, 90, 12.5], "uv": [0, 14]}
					]
				},
				{
					"name": "leg1",
					"parent": "legs",
					"pivot": [0, 19.5, 0],
					"cubes": [
						{"origin": [-16, 18, -2], "size": [9, 3, 3], "inflate": 0.2, "uv": [66, 12]},
						{"origin": [-21.25, 29.9, -2], "size": [12, 3, 3], "inflate": 0.1, "pivot": [0, 19.5, -1], "rotation": [0, 0, -50], "uv": [66, 6]},
						{"origin": [-15.35, 41.5, -2], "size": [12, 3, 3], "pivot": [0, 19.5, -1], "rotation": [0, 0, -100], "uv": [66, 0]},
						{"origin": [-23.75, 0, -3], "size": [5, 4, 5], "uv": [32, 69]},
						{"origin": [-22.25, 1.75, -8], "size": [2, 2, 5], "pivot": [-21.25, 2.75, -0.5], "rotation": [12.5, 0, 0], "uv": [47, 76]},
						{"origin": [-22.25, 1.75, -8], "size": [2, 2, 5], "pivot": [-21.25, 2.75, -0.5], "rotation": [0, 90, -12.5], "uv": [72, 42]},
						{"origin": [-22.25, 1.75, 2], "size": [2, 2, 5], "pivot": [-21.25, 2.75, -0.5], "rotation": [-12.5, 0, 0], "uv": [52, 69]},
						{"origin": [-22.25, 1.75, 2], "size": [2, 2, 5], "pivot": [-21.25, 2.75, -0.5], "rotation": [0, 90, 12.5], "uv": [0, 14]}
					]
				},
				{
					"name": "leg6",
					"parent": "legs",
					"pivot": [0, 19.5, 0],
					"rotation": [0, 48.5, 0],
					"cubes": [
						{"origin": [-16.65, 18, -2.9], "size": [9, 3, 3], "inflate": 0.2, "uv": [66, 12]},
						{"origin": [-21.9, 29.9, -2.9], "size": [12, 3, 3], "inflate": 0.1, "pivot": [-0.65, 19.5, -1.9], "rotation": [0, 0, -50], "uv": [66, 6]},
						{"origin": [-16, 41.5, -2.9], "size": [12, 3, 3], "pivot": [-0.65, 19.5, -1.9], "rotation": [0, 0, -100], "uv": [66, 0]},
						{"origin": [-24.4, 0, -3.9], "size": [5, 4, 5], "uv": [32, 69]},
						{"origin": [-22.9, 1.75, -8.9], "size": [2, 2, 5], "pivot": [-21.9, 2.75, -1.4], "rotation": [12.5, 0, 0], "uv": [47, 76]},
						{"origin": [-22.9, 1.75, -8.9], "size": [2, 2, 5], "pivot": [-21.9, 2.75, -1.4], "rotation": [0, 90, -12.5], "uv": [72, 42]},
						{"origin": [-22.9, 1.75, 1.1], "size": [2, 2, 5], "pivot": [-21.9, 2.75, -1.4], "rotation": [-12.5, 0, 0], "uv": [52, 69]},
						{"origin": [-22.9, 1.75, 1.1], "size": [2, 2, 5], "pivot": [-21.9, 2.75, -1.4], "rotation": [0, 90, 12.5], "uv": [0, 14]}
					]
				}
			]
		}
	]
}