{
	"format_version": "1.12.0",
	"minecraft:geometry": [
		{
			"description": {
				"identifier": "geometry.unknown",
				"texture_width": 64,
				"texture_height": 64,
				"visible_bounds_width": 2,
				"visible_bounds_height": 2.5,
				"visible_bounds_offset": [0, 0.75, 0]
			},
			"bones": [
				{
					"name": "EntireModel",
					"pivot": [0, 0, 0]
				},
				{
					"name": "FullBody",
					"parent": "EntireModel",
					"pivot": [0, 0, 0]
				},
				{
					"name": "LeftWing",
					"parent": "FullBody",
					"pivot": [0, 6, 0],
					"cubes": [
						{"origin": [2, 5.25, -0.25], "size": [2, 1, 1], "uv": [20, 0]},
						{"origin": [-6, 5.75, -3.35], "size": [4, 0, 6], "pivot": [0, 8, 4.75], "rotation": [0, -90, 0], "uv": [0, 0]}
					]
				},
				{
					"name": "RightWing",
					"parent": "FullBody",
					"pivot": [0, 6, 0],
					"cubes": [
						{"origin": [-6, 5.75, 6.35], "size": [4, 0, 6], "pivot": [0, 8, 4.75], "rotation": [0, -90, 0], "uv": [0, 6]},
						{"origin": [-4, 5.25, -0.25], "size": [2, 1, 1], "uv": [18, 23]}
					]
				},
				{
					"name": "head",
					"parent": "FullBody",
					"pivot": [0, 5.75, -3.5]
				},
				{
					"name": "MainHead",
					"parent": "head",
					"pivot": [0, 5.75, 0.25],
					"cubes": [
						{"origin": [-2, 3.75, -5.5], "size": [4, 4, 4], "inflate": 0.11, "uv": [16, 15]}
					]
				},
				{
					"name": "Eyes",
					"parent": "head",
					"pivot": [0, -1.75, 0.25],
					"cubes": [
						{"origin": [-2, 4.75, -4.5], "size": [4, 2, 2], "inflate": 0.2, "uv": [18, 3]}
					]
				},
				{
					"name": "BigHeadSpike",
					"parent": "head",
					"pivot": [0, -1.75, 0.25],
					"cubes": [
						{"origin": [-1, 7.5, -5.25], "size": [2, 2, 2], "uv": [0, 10]}
					]
				},
				{
					"name": "LittleHeadSpike",
					"parent": "head",
					"pivot": [0, -1.75, 0.25],
					"cubes": [
						{"origin": [-0.5, 6.75, -2.75], "size": [1, 2, 1], "uv": [0, 14]}
					]
				},
				{
					"name": "BackHeadSpike",
					"parent": "head",
					"pivot": [0, -1.75, 0.25],
					"cubes": [
						{"origin": [-0.5, 6.25, -2.5], "size": [1, 1, 2], "uv": [0, 0]}
					]
				},
				{
					"name": "TopBeak",
					"parent": "head",
					"pivot": [0, 5.75, -6.25],
					"cubes": [
						{"origin": [-1.5, 4.75, -7.75], "size": [3, 1, 3], "inflate": 0.05, "uv": [22, 7]},
						{"origin": [-0.5, 5.25, -7.25], "size": [1, 1, 2], "pivot": [0, 5.75, -6.25], "rotation": [25, 0, 0], "uv": [0, 6]}
					]
				},
				{
					"name": "BottomBeak",
					"parent": "head",
					"pivot": [0.5, 4.25, -6.5],
					"cubes": [
						{"origin": [-1.5, 3.75, -7.5], "size": [3, 1, 3], "pivot": [0.5, 4.25, -6.5], "rotation": [12.5, 0, 0], "uv": [0, 23]}
					]
				},
				{
					"name": "Neck",
					"parent": "FullBody",
					"pivot": [0, 6, 1],
					"cubes": [
						{"origin": [-1.5, 1.4, -0.75], "size": [3, 3, 3], "inflate": 0.02, "pivot": [0, 6, 1], "rotation": [-45, 0, 0], "uv": [13, 9]}
					]
				},
				{
					"name": "RightTailFeather",
					"parent": "FullBody",
					"pivot": [-2, 6, 2.85],
					"cubes": [
						{"origin": [-3, 6, 2.85], "size": [2, 0, 4], "pivot": [-2, 6, 2.85], "rotation": [-55, -35, 0], "uv": [8, 15]}
					]
				},
				{
					"name": "LeftTailFeather",
					"parent": "FullBody",
					"pivot": [2, 6, 2.85],
					"cubes": [
						{"origin": [1.1, 6, 2.85], "size": [2, 0, 4], "pivot": [2.1, 6, 2.85], "rotation": [-55, 35, 0], "uv": [12, 15]}
					]
				},
				{
					"name": "BigTailFeather",
					"parent": "FullBody",
					"pivot": [0, 6, 2],
					"cubes": [
						{"origin": [-0.5, 4.75, 5.75], "size": [1, 1, 2], "pivot": [0, 8, 4.75], "rotation": [-42.5, 0, 0], "uv": [0, 6]},
						{"origin": [-1.5, 5.25, 4.65], "size": [3, 0, 5], "pivot": [0, 8, 4.75], "rotation": [-42.5, 0, 0], "uv": [9, 0]}
					]
				},
				{
					"name": "Body",
					"parent": "FullBody",
					"pivot": [0, 0, 0],
					"cubes": [
						{"origin": [-1, 5.75, -0.25], "size": [2, 2, 2], "uv": [0, 10]},
						{"origin": [-2, 2, -1.25], "size": [4, 4, 4], "inflate": 0.1, "uv": [0, 15]}
					]
				},
				{
					"name": "LeftLeg",
					"parent": "EntireModel",
					"pivot": [0, 2, 1]
				},
				{
					"name": "LeftFoot",
					"parent": "LeftLeg",
					"pivot": [1, 0, 0.75],
					"cubes": [
						{"origin": [0.5, 0, -0.25], "size": [1, 0, 1], "uv": [3, 1]}
					]
				},
				{
					"name": "LeftThigh",
					"parent": "LeftLeg",
					"pivot": [1, 0, 0.75],
					"cubes": [
						{"origin": [0.5, 0, 0.75], "size": [1, 1, 0], "uv": [0, 3]}
					]
				},
				{
					"name": "LeftAnkle",
					"parent": "LeftLeg",
					"pivot": [1, 2, 0.75],
					"cubes": [
						{"origin": [0.5, 1, 0.75], "size": [1, 2, 0], "uv": [0, 0]}
					]
				},
				{
					"name": "RightLeg",
					"parent": "EntireModel",
					"pivot": [0, 2, 1]
				},
				{
					"name": "RightFoot",
					"parent": "RightLeg",
					"pivot": [-1, 0, 0.75],
					"cubes": [
						{"origin": [-1.5, 0, -0.25], "size": [1, 0, 1], "uv": [3, 0]}
					]
				},
				{
					"name": "RightThigh",
					"parent": "RightLeg",
					"pivot": [-1, 0, 0.75],
					"cubes": [
						{"origin": [-1.5, 0, 0.75], "size": [1, 1, 0], "uv": [0, 4]}
					]
				},
				{
					"name": "RightAnkle",
					"parent": "RightLeg",
					"pivot": [-1, 2, 0.75],
					"cubes": [
						{"origin": [-1.5, 1, 0.75], "size": [1, 2, 0], "uv": [0, 1]}
					]
				}
			]
		}
	]
}