{
	"format_version": "1.12.0",
	"minecraft:geometry": [
		{
			"description": {
				"identifier": "geometry.voltite",
				"texture_width": 64,
				"texture_height": 64,
				"visible_bounds_width": 3,
				"visible_bounds_height": 3.5,
				"visible_bounds_offset": [0, 1.25, 0]
			},
			"bones": [
				{
					"name": "voltite",
					"pivot": [0, 0, 0]
				},
				{
					"name": "body",
					"parent": "voltite",
					"pivot": [0, 0, 0]
				},
				{
					"name": "torso",
					"parent": "body",
					"pivot": [0, 0, 0],
					"cubes": [
						{"origin": [-2, 5, -3], "size": [5, 5, 6], "uv": [0, 0]}
					]
				},
				{
					"name": "neck_left",
					"parent": "torso",
					"pivot": [0.5, 11, -2],
					"cubes": [
						{"origin": [-0.5, 10, -2.5], "size": [2, 4, 2], "uv": [12, 21]}
					]
				},
				{
					"name": "neck_left2",
					"parent": "neck_left",
					"pivot": [0.5, 14, -2.5],
					"cubes": [
						{"origin": [-0.5, 14, -2.5], "size": [2, 4, 2], "inflate": 0.001, "uv": [20, 21]}
					]
				},
				{
					"name": "head",
					"parent": "neck_left2",
					"pivot": [0.5, 17, -2],
					"cubes": [
						{"origin": [-2, 17, -4.5], "size": [5, 5, 5], "uv": [0, 11]},
						{"origin": [-0.5, 18.5, -8.5], "size": [2, 1, 4], "uv": [0, 21]}
					]
				},
				{
					"name": "jaw",
					"parent": "head",
					"pivot": [0.5, 19, -4.5],
					"cubes": [
						{"origin": [0, 18, -7.5], "size": [1, 1, 3], "inflate": 0.1, "uv": [25, 24]}
					]
				},
				{
					"name": "eye_left",
					"parent": "head",
					"pivot": [2.5, 18.5, -4.01],
					"cubes": [
						{"origin": [2.01, 18, -3.5], "size": [1, 2, 2], "uv": [8, 26]}
					]
				},
				{
					"name": "eyelid_left",
					"parent": "eye_left",
					"pivot": [2.5, 20, -3.91]
				},
				{
					"name": "eye_right",
					"parent": "head",
					"pivot": [-0.5, 18.5, -3.01],
					"cubes": [
						{"origin": [-2.01, 18, -3.5], "size": [1, 2, 2], "uv": [0, 0]}
					]
				},
				{
					"name": "eyelid_right",
					"parent": "eye_right",
					"pivot": [-0.5, 18.5, -2.91],
					"cubes": [
						{"origin": [-1.76, 18, -3.5], "size": [1, 2, 1], "inflate": 0.011, "uv": [0, 21]}
					]
				},
				{
					"name": "thingy",
					"parent": "head",
					"pivot": [0.5, 20.5, -3],
					"rotation": [10, 0, 0],
					"cubes": [
						{"origin": [-0.5, 24.36107, -0.16256], "size": [2, 2, 0], "inflate": 0.01, "pivot": [0.5, 24.36107, -1.16256], "rotation": [-137.5, 0, 0], "uv": [22, 9]},
						{"origin": [-0.5, 21.2653, -5.08593], "size": [2, 2, 0], "inflate": 0.01, "pivot": [0.46398, 5.31183, -1.10432], "rotation": [-10, 0, 0], "uv": [18, 21]},
						{"origin": [-0.5, 24.86107, 1.63747], "size": [2, 2, 0], "inflate": 0.01, "pivot": [0.5, 24.86107, 0.58744], "rotation": [-137.5, 0, 0], "uv": [8, 21]},
						{"origin": [-0.5, 21.7253, -3.36193], "size": [2, 2, 0], "inflate": 0.01, "pivot": [0.46398, 5.81183, 0.64568], "rotation": [-10, 0, 0], "uv": [0, 4]}
					]
				},
				{
					"name": "wing_right",
					"parent": "torso",
					"pivot": [0, 0, -3],
					"cubes": [
						{"origin": [-6, 8, -2], "size": [4, 0, 3], "uv": [17, 18]}
					]
				},
				{
					"name": "wing_left",
					"parent": "torso",
					"pivot": [0, 0, -3],
					"cubes": [
						{"origin": [3, 8, -2], "size": [4, 0, 3], "uv": [19, 6]}
					]
				},
				{
					"name": "tail",
					"parent": "torso",
					"pivot": [0.5, 2, 0],
					"cubes": [
						{"origin": [-1.5, 5, 5], "size": [4, 0, 7], "pivot": [0.5, 1, 0], "rotation": [27.5, 0, 0], "uv": [13, 11]},
						{"origin": [-3.5, 4.75, 3.25], "size": [4, 0, 6], "pivot": [0.5, 1, 0], "rotation": [30.40773, 24.1782, 13.51584], "uv": [18, 0]},
						{"origin": [0.5, 4.76, 3.25], "size": [4, 0, 6], "pivot": [0.5, 1, 0], "rotation": [30.40773, -24.172, -13.5158], "uv": [10, 0]}
					]
				},
				{
					"name": "leg_left",
					"parent": "body",
					"pivot": [2, 8, 0.25],
					"rotation": [0, 0, 0],
					"cubes": [
						{"origin": [1.5, 4, -0.25], "size": [1, 4, 1], "inflate": 0.001, "uv": [28, 9]}
					]
				},
				{
					"name": "leg_left2",
					"parent": "leg_left",
					"pivot": [2, 4, 0.75],
					"cubes": [
						{"origin": [1.5, 0, -0.25], "size": [1, 4, 1], "uv": [0, 29]}
					]
				},
				{
					"name": "foot_left",
					"parent": "leg_left2",
					"pivot": [2, 0.06031, 0.73298],
					"cubes": [
						{"origin": [1, 0, -1.25], "size": [2, 1, 2], "inflate": 0.001, "uv": [0, 26]}
					]
				},
				{
					"name": "toe_left",
					"parent": "foot_left",
					"pivot": [1.35, 1, -1],
					"cubes": [
						{"origin": [1.35, 0, -4], "size": [0, 1, 1], "uv": [4, 4]},
						{"origin": [0.85, 0, -3], "size": [1, 1, 2], "inflate": -0.001, "uv": [24, 28]}
					]
				},
				{
					"name": "toe_left2",
					"parent": "foot_left",
					"pivot": [1.25, 1, 0]
				},
				{
					"name": "toe_left3",
					"parent": "foot_left",
					"pivot": [2.75, 1, 0]
				},
				{
					"name": "toe_left4",
					"parent": "foot_left",
					"pivot": [2.65, 1, -1],
					"cubes": [
						{"origin": [2.65, 0, -4], "size": [0, 1, 1], "uv": [4, 3]},
						{"origin": [2.15, 0, -3], "size": [1, 1, 2], "inflate": -0.001, "uv": [28, 14]}
					]
				},
				{
					"name": "leg_right",
					"parent": "body",
					"pivot": [4, 8, 0.25],
					"rotation": [0, 0, 0],
					"cubes": [
						{"origin": [-1.5, 4, -0.25], "size": [1, 4, 1], "inflate": 0.001, "uv": [0, 11]}
					]
				},
				{
					"name": "leg_right2",
					"parent": "leg_right",
					"pivot": [4, 4, 0.75],
					"cubes": [
						{"origin": [-1.5, 0, -0.25], "size": [1, 4, 1], "uv": [15, 11]}
					]
				},
				{
					"name": "foot_right",
					"parent": "leg_right2",
					"pivot": [4, 0.06031, 0.73298],
					"cubes": [
						{"origin": [-2, 0, -1.25], "size": [2, 1, 2], "inflate": 0.001, "uv": [26, 19]}
					]
				},
				{
					"name": "toe_right",
					"parent": "foot_right",
					"pivot": [4.65, 1, -1],
					"cubes": [
						{"origin": [-0.35, 0, -4], "size": [0, 1, 1], "uv": [4, 0]},
						{"origin": [-0.85, 0, -3], "size": [1, 1, 2], "inflate": -0.001, "uv": [20, 27]}
					]
				},
				{
					"name": "toe_right2",
					"parent": "foot_right",
					"pivot": [4.75, 1, 0]
				},
				{
					"name": "toe_right3",
					"parent": "foot_right",
					"pivot": [3.25, 1, 0]
				},
				{
					"name": "toe_right4",
					"parent": "foot_right",
					"pivot": [3.35, 1, -1],
					"cubes": [
						{"origin": [-1.65, 0, -4], "size": [0, 1, 1], "uv": [0, 0]},
						{"origin": [-2.15, 0, -3], "size": [1, 1, 2], "inflate": -0.001, "uv": [14, 27]}
					]
				}
			]
		}
	]
}