{
	"format_version": "1.8.0",
	"animations": {
		"animation.moistery.air_idle": {
			"loop": true,
			"bones": {
				"body": {
					"rotation": ["-math.sin(q.anim_time*90*3.5-30)*4", "-math.sin(q.anim_time*180*1)*4", "-math.sin(q.anim_time*180*1)*4"],
					"position": ["-0.5+math.cos(q.anim_time*180*1.5)*0.6", "1+math.cos(q.anim_time*180*1)*0.6", "1+math.cos(q.anim_time*180*1)*0.6"]
				},
				"stalk1_right": {
					"rotation": ["-math.sin(q.anim_time*90*3.5)*3", 0, "5-math.sin(q.anim_time*90*3.5)*1"]
				},
				"stalk2_right": {
					"rotation": [0, 0, "-80-math.sin(q.anim_time*90*3.5-70)*8"]
				},
				"eye_right": {
					"rotation": ["-1.5-math.sin(q.anim_time*90*3.5-30)*3", 0, "76.5-math.sin(q.anim_time*90*3.5-30)*1"],
					"position": [-0.75, -0.5, 0]
				},
				"stalk1_left": {
					"rotation": ["-math.sin(q.anim_time*90*3.5)*3", 0, "5-math.sin(q.anim_time*90*3.5)*1"]
				},
				"stalk2_left": {
					"rotation": [0, 0, "-80+math.sin(q.anim_time*90*3.5-70)*8"]
				},
				"eye_left": {
					"rotation": ["1.5-math.sin(q.anim_time*90*3.5-30)*3", 0, "76.5-math.sin(q.anim_time*90*3.5-30)*1"],
					"position": [-0.75, -0.5, 0]
				},
				"top_shell": {
					"rotation": [0, 0, "35-math.sin(q.anim_time*90*3.5-30)*2"]
				},
				"torso": {
					"scale": "1+math.sin(q.anim_time*90*2.5-20)*0.01"
				},
				"arm_left": {
					"rotation": [90, 0, 0],
					"position": [0, 1, 0]
				},
				"arm_right": {
					"rotation": [-90, 0, 0],
					"position": [0, 1, 0]
				}
			}
		},
		"animation.moistery.air_fly": {
			"loop": true,
			"bones": {
				"body": {
					"rotation": ["-math.sin(q.anim_time*90*3.5-30)*4", "-math.sin(q.anim_time*180*1)*4", "-math.sin(q.anim_time*180*1)*4"],
					"position": ["-0.5+math.cos(q.anim_time*180*1.5)*0.2", "2+math.cos(q.anim_time*180*1)*1.5", "1+math.cos(q.anim_time*180*1)*1.3"]
				},
				"stalk1_right": {
					"rotation": ["-math.sin(q.anim_time*90*3.5)*3", 0, "5-math.sin(q.anim_time*90*3.5)*1"]
				},
				"stalk2_right": {
					"rotation": [0, 0, "-15-math.sin(q.anim_time*90*3.5-70)*8"]
				},
				"eye_right": {
					"rotation": ["-1.5-math.sin(q.anim_time*90*3.5-30)*3", 0, "4-math.sin(q.anim_time*90*3.5-30)*1"],
					"position": [-0.75, -0.25, 0]
				},
				"stalk1_left": {
					"rotation": ["-math.sin(q.anim_time*90*3.5)*3", 0, "5-math.sin(q.anim_time*90*3.5)*1"]
				},
				"stalk2_left": {
					"rotation": [0, 0, "-15+math.sin(q.anim_time*90*3.5-70)*8"]
				},
				"eye_left": {
					"rotation": ["1.5-math.sin(q.anim_time*90*3.5-30)*3", 0, "4-math.sin(q.anim_time*90*3.5-30)*1"],
					"position": [-0.75, -0.25, 0]
				},
				"top_shell": {
					"rotation": [0, 0, "35-math.sin(q.anim_time*90*3.5-30)*2"]
				},
				"torso": {
					"scale": "1+math.sin(q.anim_time*90*2.5-20)*0.01"
				},
				"arm_left": {
					"rotation": [90, 0, 0],
					"position": [0, 1, 0]
				},
				"arm_right": {
					"rotation": [-90, 0, 0],
					"position": [0, 1, 0]
				}
			}
		},
		"animation.moistery.ground_idle": {
			"loop": true,
			"bones": {
				"body": {
					"rotation": [0, 0, 0],
					"position": [0, 0, 0]
				},
				"stalk1_right": {
					"rotation": ["-math.sin(q.anim_time*90*3.5)*0.3", 0, "-75-math.sin(q.anim_time*90*3.5)*1"]
				},
				"stalk2_right": {
					"rotation": [0, 0, "-5-math.sin(q.anim_time*90*3.5-70)*1"]
				},
				"eye_right": {
					"rotation": ["-1.5+math.sin(q.anim_time*90*3.5-140)*3", 0, "90+math.sin(q.anim_time*90*3.5-140)*1"]
				},
				"stalk1_left": {
					"rotation": ["-math.sin(q.anim_time*90*3.5)*0.3", 0, "-75+math.sin(q.anim_time*90*3.5)*1"]
				},
				"stalk2_left": {
					"rotation": [0, 0, "-5+math.sin(q.anim_time*90*3.5-70)*1"]
				},
				"eye_left": {
					"rotation": ["-1.5-math.sin(q.anim_time*90*3.5-140)*3", 0, "90+math.sin(q.anim_time*90*3.5-140)*1"]
				},
				"top_shell": {
					"rotation": [0, 0, "math.sin(q.anim_time*90*1.5-30)*2*math.sin(q.anim_time*90*1.5/2)*2.5"]
				},
				"torso": {
					"scale": "1+math.sin(q.anim_time*90*2.5-20)*0.01*1+math.sin(q.anim_time*90*1)*0.0075"
				},
				"arm_left": {
					"rotation": ["-32.5+math.sin(q.anim_time*90*3.5-10)*5", 0, 0]
				},
				"arm_right": {
					"rotation": ["32.5-math.sin(q.anim_time*90*3.5-10)*5", 0, 0]
				}
			}
		},
		"animation.moistery.sleep": {
			"loop": true,
			"bones": {
				"stalk1_right": {
					"position": [-7.75, 0, 0]
				},
				"eye_right": {
					"position": [-2.5, -0.1, 0]
				},
				"stalk1_left": {
					"position": [-7.75, 0, 0]
				},
				"top_shell": {
					"rotation": [0, 0, "52.5+(math.sin(q.anim_time*360*0.2)*2) "]
				},
				"stalk2_right": {
					"position": [-0.75, 0, 0]
				},
				"stalk2_left": {
					"position": [-0.75, 0, 0]
				},
				"eye_left": {
					"position": [-2.5, -0.1, 0]
				}
			}
		},
		"animation.moistery.faint": {
			"animation_length": 10.3333,
			"bones": {
				"body": {
					"rotation": {
						"0.0": [0, 0, 0],
						"0.25": [-89.97171, -32.49998, -89.93407],
						"0.3333": [0, 0, 0],
						"0.6667": [0, -330, 0],
						"0.8333": [0, -427.08, 0],
						"1.5833": [0, -575, 0],
						"1.75": [0, -607.5, 0],
						"1.875": [0, -612.5, 0]
					},
					"position": {
						"0.0": [0, 0, 0],
						"0.25": [0, 3.25, -4.5],
						"0.3333": [0, 0, 0],
						"0.375": [9.16, 0, 1.81],
						"0.4167": [16.32, 0, 2.29],
						"0.4583": [21.47, 0, 8.77],
						"0.5": [25.63, 0, 18.25],
						"0.5417": [27.04, 0, 23.31],
						"0.5833": [23.11, 0, 27.71],
						"0.625": [19.18, 0, 31.11],
						"0.6667": [15.25, 0, 30.5]
					}
				},
				"stalk1_right": {
					"rotation": {
						"0.0": ["-1.1752-math.sin(q.anim_time*90*3.5-30)*0.3", 1.46448, "-77.4958-math.sin(q.anim_time*90*3.5-30)*1"],
						"0.3333": ["-1.9674-math.sin(q.anim_time*90*3.5-30)*0.3", 0.33682, "-124.9893-math.sin(q.anim_time*90*3.5-30)*1"]
					},
					"scale": {
						"0.0": [1, 1, 1],
						"0.6667": [0.3, 1, 1]
					}
				},
				"stalk2_right": {
					"rotation": {
						"0.0": [0, 0, "-5-math.sin(q.anim_time*90*3.5-30)*1"],
						"0.3333": [0, 0, "-32.5+math.sin(q.anim_time*90*3.5-30)*1"]
					}
				},
				"eye_right": {
					"rotation": ["-1.5-math.sin(q.anim_time*90*3.5-30)*3", 0, "91.5-math.sin(q.anim_time*90*3.5-30)*1"]
				},
				"stalk1_left": {
					"rotation": {
						"0.0": ["-1.1117-math.sin(q.anim_time*90*3.5-30)*0.3", 1.4489, "-74.9951+math.sin(q.anim_time*90*3.5-30)*1"],
						"0.3333": ["-1.8954-math.sin(q.anim_time*90*3.5-30)*0.3", 0.44351, "-119.9908+math.sin(q.anim_time*90*3.5-30)*1"]
					},
					"scale": {
						"0.0": [1, 1, 1],
						"0.6667": [0.3, 1, 1]
					}
				},
				"stalk2_left": {
					"rotation": {
						"0.0": [0, 0, "-5+math.sin(q.anim_time*90*3.5-30)*1"],
						"0.3333": [0, 0, "-32.5+math.sin(q.anim_time*90*3.5-30)*1"]
					}
				},
				"eye_left": {
					"rotation": ["-1.5-math.sin(q.anim_time*90*3.5-30)*3", 0, "91.5+math.sin(q.anim_time*90*3.5-30)*1"]
				},
				"top_shell": {
					"rotation": {
						"0.0": [0, 0, "math.sin(q.anim_time*90*3.5-30)*1"],
						"0.3333": [0, 0, "-65+math.sin(q.anim_time*90*3.5-30)*1"],
						"0.6667": [0, 0, "55+math.sin(q.anim_time*90*3.5-30)*0.1"]
					},
					"position": {
						"0.0": [0, 0, 0],
						"0.3333": [0.75, 0, 0]
					}
				},
				"torso": {
					"scale": {
						"0.0": ["1+math.sin(q.anim_time*90*2.5-20)*0.01", "1+math.sin(q.anim_time*90*2.5-20)*0.01", "1+math.sin(q.anim_time*90*2.5-20)*0.01"],
						"1.0": ["1+math.sin(q.anim_time*90*2.5-20)*0.01", "0.9+math.sin(q.anim_time*90*2.5-20)*0.01", "1+math.sin(q.anim_time*90*2.5-20)*0.01"]
					}
				},
				"arm_left": {
					"rotation": ["math.sin(q.anim_time*90*3.5-10)*1", 0, 0]
				},
				"arm_right": {
					"rotation": ["-math.sin(q.anim_time*90*3.5-10)*1", 0, 0]
				}
			}
		},
		"animation.moistery.cry": {
			"animation_length": 1.5,
			"bones": {
				"stalk2_right": {
					"rotation": {
						"0.0": {
							"post": [0, 0, 0],
							"lerp_mode": "catmullrom"
						},
						"0.4583": {
							"post": [0, 0, -5],
							"lerp_mode": "catmullrom"
						},
						"0.5417": {
							"post": [0, 0, -12.5],
							"lerp_mode": "catmullrom"
						},
						"0.625": {
							"post": [0, 0, -5],
							"lerp_mode": "catmullrom"
						},
						"0.7083": {
							"post": [0, 0, -12.5],
							"lerp_mode": "catmullrom"
						},
						"0.7917": {
							"post": [0, 0, -5],
							"lerp_mode": "catmullrom"
						},
						"0.875": {
							"post": [0, 0, -12.5],
							"lerp_mode": "catmullrom"
						},
						"0.9583": {
							"post": [0, 0, -5],
							"lerp_mode": "catmullrom"
						},
						"1.0833": {
							"post": [0, 0, -12.5],
							"lerp_mode": "catmullrom"
						},
						"1.1667": {
							"post": [0, 0, 0],
							"lerp_mode": "catmullrom"
						}
					}
				},
				"stalk2_left": {
					"rotation": {
						"0.0": {
							"post": [0, 0, 0],
							"lerp_mode": "catmullrom"
						},
						"0.4583": {
							"post": [0, 0, -5],
							"lerp_mode": "catmullrom"
						},
						"0.5417": {
							"post": [0, 0, -12.5],
							"lerp_mode": "catmullrom"
						},
						"0.625": {
							"post": [0, 0, -5],
							"lerp_mode": "catmullrom"
						},
						"0.7083": {
							"post": [0, 0, -12.5],
							"lerp_mode": "catmullrom"
						},
						"0.7917": {
							"post": [0, 0, -5],
							"lerp_mode": "catmullrom"
						},
						"0.875": {
							"post": [0, 0, -12.5],
							"lerp_mode": "catmullrom"
						},
						"0.9583": {
							"post": [0, 0, -5],
							"lerp_mode": "catmullrom"
						},
						"1.0833": {
							"post": [0, 0, -12.5],
							"lerp_mode": "catmullrom"
						},
						"1.1667": {
							"post": [0, 0, 0],
							"lerp_mode": "catmullrom"
						}
					}
				},
				"moistery": {
					"rotation": {
						"0.0": {
							"post": [0, 0, 0],
							"lerp_mode": "catmullrom"
						},
						"0.4583": {
							"post": [0, 0, 0],
							"lerp_mode": "catmullrom"
						},
						"0.6667": {
							"post": [-50, 0, 0],
							"lerp_mode": "catmullrom"
						},
						"0.875": {
							"post": [0, 0, 0],
							"lerp_mode": "catmullrom"
						},
						"1.0833": {
							"post": [17.5, 0, 0],
							"lerp_mode": "catmullrom"
						},
						"1.25": {
							"post": [0, 0, 0],
							"lerp_mode": "catmullrom"
						},
						"1.5": {
							"post": [0, 0, 0],
							"lerp_mode": "catmullrom"
						}
					},
					"position": {
						"0.0": {
							"post": [0, 0, 0],
							"lerp_mode": "catmullrom"
						},
						"0.4583": {
							"post": [0, 0, 0],
							"lerp_mode": "catmullrom"
						},
						"0.6667": {
							"post": [0, 6.5, 0],
							"lerp_mode": "catmullrom"
						},
						"0.875": {
							"post": [0, 0, 0],
							"lerp_mode": "catmullrom"
						},
						"1.0833": {
							"post": [0, 2.75, 0],
							"lerp_mode": "catmullrom"
						},
						"1.25": {
							"post": [0, 0, 0],
							"lerp_mode": "catmullrom"
						},
						"1.5": {
							"post": [0, 0, 0],
							"lerp_mode": "catmullrom"
						}
					}
				}
			},
			"sound_effects": {
				"0.4583": {
					"effect": "pokemon.moistery.cry"
				}
			}
		},
		"animation.moistery.recoil": {
			"animation_length": 0.75,
			"bones": {
				"stalk2_right": {
					"rotation": {
						"0.0": {
							"post": [0, 0, 0],
							"lerp_mode": "catmullrom"
						},
						"0.125": {
							"post": [0, 0, -70],
							"lerp_mode": "catmullrom"
						},
						"0.375": {
							"post": [0, 0, 0],
							"lerp_mode": "catmullrom"
						}
					}
				},
				"stalk2_left": {
					"rotation": {
						"0.0": {
							"post": [0, 0, 0],
							"lerp_mode": "catmullrom"
						},
						"0.125": {
							"post": [0, 0, -70],
							"lerp_mode": "catmullrom"
						},
						"0.375": {
							"post": [0, 0, 0],
							"lerp_mode": "catmullrom"
						}
					}
				},
				"moistery": {
					"rotation": {
						"0.0": {
							"post": [0, 0, 0],
							"lerp_mode": "catmullrom"
						},
						"0.125": {
							"post": [-50, 0, 0],
							"lerp_mode": "catmullrom"
						},
						"0.25": {
							"post": [0, 0, 0],
							"lerp_mode": "catmullrom"
						},
						"0.375": {
							"post": [17.5, 0, 0],
							"lerp_mode": "catmullrom"
						},
						"0.5": {
							"post": [0, 0, 0],
							"lerp_mode": "catmullrom"
						},
						"0.625": {
							"post": [0, 0, 0],
							"lerp_mode": "catmullrom"
						}
					},
					"position": {
						"0.0": {
							"post": [0, 0, 0],
							"lerp_mode": "catmullrom"
						},
						"0.125": {
							"post": [0, 6.5, 0],
							"lerp_mode": "catmullrom"
						},
						"0.25": {
							"post": [0, 0, 0],
							"lerp_mode": "catmullrom"
						},
						"0.375": {
							"post": [0, 2.75, 0],
							"lerp_mode": "catmullrom"
						},
						"0.5": {
							"post": [0, 0, 0],
							"lerp_mode": "catmullrom"
						},
						"0.625": {
							"post": [0, 0, 0],
							"lerp_mode": "catmullrom"
						}
					}
				},
				"eye_right": {
					"rotation": {
						"0.0": {
							"post": [0, 0, 0],
							"lerp_mode": "catmullrom"
						},
						"0.125": {
							"post": [90, 0, 0],
							"lerp_mode": "catmullrom"
						},
						"0.375": {
							"post": [0, 0, 0],
							"lerp_mode": "catmullrom"
						}
					}
				},
				"eye_left": {
					"rotation": {
						"0.0": {
							"post": [0, 0, 0],
							"lerp_mode": "catmullrom"
						},
						"0.125": {
							"post": [90, 0, 0],
							"lerp_mode": "catmullrom"
						},
						"0.375": {
							"post": [0, 0, 0],
							"lerp_mode": "catmullrom"
						}
					}
				}
			}
		},
		"animation.moistery.blink1": {
			"animation_length": 0.1667,
			"bones": {
				"eye_right": {
					"scale": {
						"0.0": [1, 1, 1],
						"0.0833": [1, 0, 1],
						"0.1667": [1, 1, 1]
					}
				}
			}
		},
		"animation.moistery.blink2": {
			"animation_length": 0.1667,
			"bones": {
				"eye_left": {
					"scale": {
						"0.0": [1, 1, 1],
						"0.0833": [1, 0, 1],
						"0.1667": [1, 1, 1]
					}
				}
			}
		}
	}
}