{
    "portraitScale": 1.3,
    "portraitTranslation": [ -0.2, -0.35, 0 ],
    "profileScale": 0.6,
    "profileTranslation": [ -0.2, 0.8, 0 ],
    "animations": {
    "cry": "q.bedrock_stateful('anglerine', 'cry')",
    "faint": "q.bedrock_primary('anglerine', 'faint', q.curve('one'))"
  },
    "poses": {
    "standing": {
        "poseName": "standing",
        "transformTicks": 10,
        "poseTypes": [
        "STAND",
        "NONE",
        "PORTRAIT",
        "PROFILE"
        ],
        "animations": [
        "bedrock(anglerine, ground_idle)"
        
        ],
        "quirks": [
            {
              "name": "blink",
              "loopTimes": 1,
              "minSecondsBetweenOccurrences": 8,
              "maxSecondsBetweenOccurrences": 20,
              "animations": ["bedrock(anglerine, blink)"]
            },
            {
                "name": "angler_blink",
                "loopTimes": 1,
                "minSecondsBetweenOccurrences": 8,
                "maxSecondsBetweenOccurrences": 20,
                "animations": ["bedrock(anglerine, angler_blink)"]
              }
          ]
    },
    "walking": {
        "poseName": "walking",
        "transformTicks": 10,
        "poseTypes": [ "WALK" ],
        "animations": [ "bedrock(anglerine, ground_walk)" ],
        "quirks": [
            {
              "name": "blink",
              "loopTimes": 1,
              "minSecondsBetweenOccurrences": 8,
              "maxSecondsBetweenOccurrences": 20,
              "animations": ["bedrock(anglerine, blink)"]
            },
            {
                "name": "angler_blink",
                "loopTimes": 1,
                "minSecondsBetweenOccurrences": 8,
                "maxSecondsBetweenOccurrences": 20,
                "animations": ["bedrock(anglerine, angler_blink)"]
              }
          ]
    },
    "floating": {
        "poseName": "floating",
        "transformTicks": 10,
        "poseTypes": [ "FLOAT" ],
        "animations": [ "bedrock(anglerine, water_idle)" ],
        "quirks": [
            {
              "name": "blink",
              "loopTimes": 1,
              "minSecondsBetweenOccurrences": 8,
              "maxSecondsBetweenOccurrences": 20,
              "animations": ["bedrock(anglerine, blink)"]
            },
            {
                "name": "angler_blink",
                "loopTimes": 1,
                "minSecondsBetweenOccurrences": 8,
                "maxSecondsBetweenOccurrences": 20,
                "animations": ["bedrock(anglerine, angler_blink)"]
              }
          ]
    },
    "swimming": {
        "poseName": "swimming",
        "transformTicks": 10,
        "poseTypes": [ "SWIM" ],
        "animations": [ "bedrock(anglerine, water_swim)" ],
        "quirks": [
            {
              "name": "blink",
              "loopTimes": 1,
              "minSecondsBetweenOccurrences": 8,
              "maxSecondsBetweenOccurrences": 20,
              "animations": ["bedrock(anglerine, blink)"]
            },
            {
                "name": "angler_blink",
                "loopTimes": 1,
                "minSecondsBetweenOccurrences": 8,
                "maxSecondsBetweenOccurrences": 20,
                "animations": ["bedrock(anglerine, angler_blink)"]
              }
          ]
        },
	
    "sleeping": {
        "poseName": "sleeping",
        "transformTicks": 10,
        "poseTypes": [ "SLEEP" ],
        "animations": [ "bedrock(anglerine, sleep)" ]
    }
  }
}