{
    "head": "head",
      "portraitScale": 2.1,
      "portraitTranslation": [-2, 2.8, 0],
      "profileScale": 0.45,
      "profileTranslation": [0, 1.1, 0],
    "animations": {
      "cry": "q.bedrock_stateful('calciopi', 'cry')",
      "faint": "q.bedrock_primary('calciopi', 'faint', q.curve('one'))",
      "recoil": "q.bedrock_stateful('calciopi', 'recoil')"
    },
    "poses": {
      "battle-idle": {
          "poseName": "battle-idle",
          "transformTicks": 10,
          "poseTypes": ["STAND", "PORTRAIT"],
          "isBattle": true,
          "isTouchingWater": false,
          "animations": [
            "bedrock(calciopi, battle_idle)"],
            "quirks": [
              {
                "name": "quirk1",
                "loopTimes": 1,
                "minSecondsBetweenOccurrences": 8,
                "maxSecondsBetweenOccurrences": 20,
                "animations": ["bedrock(calciopi, quirk1)"]
              },
              {
                "name": "quirk2",
                "loopTimes": 1,
                "minSecondsBetweenOccurrences": 8,
                "maxSecondsBetweenOccurrences": 20,
                "animations": ["bedrock(calciopi, quirk2)"]
              },
              {
                  "name": "quirk3",
                  "loopTimes": 1,
                  "minSecondsBetweenOccurrences": 8,
                  "maxSecondsBetweenOccurrences": 20,
                  "animations": ["bedrock(calciopi, quirk3)"]
                },
                {
                    "name": "quirk4",
                    "loopTimes": 1,
                    "minSecondsBetweenOccurrences": 8,
                    "maxSecondsBetweenOccurrences": 20,
                    "animations": ["bedrock(calciopi, quirk4)"]
                  },
                  {
                      "name": "quirk5",
                      "loopTimes": 1,
                      "minSecondsBetweenOccurrences": 8,
                      "maxSecondsBetweenOccurrences": 20,
                      "animations": ["bedrock(calciopi, quirk5)"]
                    },
                    {
                        "name": "quirk6",
                        "loopTimes": 1,
                        "minSecondsBetweenOccurrences": 8,
                        "maxSecondsBetweenOccurrences": 20,
                        "animations": ["bedrock(calciopi, quirk6)"]
                      },
                      {
                          "name": "quirk7",
                          "loopTimes": 1,
                          "minSecondsBetweenOccurrences": 8,
                          "maxSecondsBetweenOccurrences": 20,
                          "animations": ["bedrock(calciopi, quirk7)"]
                        }
            ]
          },
    "standing": {
        "poseName": "standing",
        "transformTicks": 10,
        "isBattle": false,
        "poseTypes": [
        "STAND",
        "NONE",
        "PROFILE"
        ],
        "animations": [
        "bedrock(calciopi, ground_idle)"
        ],
        "quirks": [
          {
            "name": "quirk1",
            "loopTimes": 1,
            "minSecondsBetweenOccurrences": 8,
            "maxSecondsBetweenOccurrences": 20,
            "animations": ["bedrock(calciopi, quirk1)"]
          },
          {
            "name": "quirk2",
            "loopTimes": 1,
            "minSecondsBetweenOccurrences": 8,
            "maxSecondsBetweenOccurrences": 20,
            "animations": ["bedrock(calciopi, quirk2)"]
          },
          {
              "name": "quirk3",
              "loopTimes": 1,
              "minSecondsBetweenOccurrences": 8,
              "maxSecondsBetweenOccurrences": 20,
                  "animations": ["bedrock(calciopi, quirk3)"]
                },
                {
                    "name": "quirk4",
                    "loopTimes": 1,
                    "minSecondsBetweenOccurrences": 8,
                    "maxSecondsBetweenOccurrences": 20,
                    "animations": ["bedrock(calciopi, quirk4)"]
                  },
                  {
                      "name": "quirk5",
                      "loopTimes": 1,
                      "minSecondsBetweenOccurrences": 8,
                      "maxSecondsBetweenOccurrences": 20,
                      "animations": ["bedrock(calciopi, quirk5)"]
                    },
                    {
                        "name": "quirk6",
                        "loopTimes": 1,
                        "minSecondsBetweenOccurrences": 8,
                        "maxSecondsBetweenOccurrences": 20,
                        "animations": ["bedrock(calciopi, quirk6)"]
                      },
                      {
                          "name": "quirk7",
                          "loopTimes": 1,
                          "minSecondsBetweenOccurrences": 8,
                          "maxSecondsBetweenOccurrences": 20,
                          "animations": ["bedrock(calciopi, quirk7)"]
                        }
            
        ]
      },
    "walking": {
        "poseName": "walking",
        "transformTicks": 10,
        "poseTypes": [ "WALK" ],
        "animations": [
        "bedrock(calciopi, ground_walk)" ]

          },
    "sleeping": {
        "poseName": "sleeping",
        "transformTicks": 10,
        "poseTypes": [ "SLEEP" ],
        "animations": [ "bedrock(calciopi, sleep)"]
    }
  }
}