{
  "head": "head",
	"portraitScale": 1.5,
	"portraitTranslation": [ 0.1, 0.55, 0 ],
	"profileScale": 0.8,
	"profileTranslation": [ 0, 0.8, 0 ],
    "animations": {
      "cry": "q.bedrock_stateful('cyclopod', 'cry')",
      "faint": "q.bedrock_primary('cyclopod', 'faint', q.curve('one'))",
      "recoil": "q.bedrock_stateful('cyclopod', 'recoil')"
    },
    "poses":{
      "battle-idle": {
        "poseName": "battle-idle",
        "transformTicks": 10,
        "poseTypes": ["STAND"],
        "isBattle": true,
        "animations": [
          "look",
          "bedrock(cyclopod, battle_idle)"],
        "quirks": [
          {
            "name": "blink",
            "loopTimes": 1,
            "minSecondsBetweenOccurrences": 8,
            "maxSecondsBetweenOccurrences": 20,
            "animations": ["bedrock(cyclopod, blink)"]
          },
          {
              "name": "quirk",
              "loopTimes": 1,
              "minSecondsBetweenOccurrences": 8,
              "maxSecondsBetweenOccurrences": 20,
              "animations": ["bedrock(cyclopod, quirk)"]
            }
        ]
      },

      "battle-walk": {
        "poseName": "battle-walk",
        "transformTicks": 10,
        "poseTypes": ["WALK"],
        "isBattle": true,
        "animations": [
          "look",
          "bedrock(cyclopod, battle_walk)"],
        "quirks": [
          {
            "name": "blink",
            "loopTimes": 1,
            "minSecondsBetweenOccurrences": 8,
            "maxSecondsBetweenOccurrences": 20,
            "animations": ["bedrock(cyclopod, blink)"]
          },
          {
              "name": "quirk",
              "loopTimes": 1,
              "minSecondsBetweenOccurrences": 8,
              "maxSecondsBetweenOccurrences": 20,
              "animations": ["bedrock(cyclopod, quirk)"]
            }
        ]
      },

      "floating": {
          "poseName": "floating",
          "transformTicks": 10,
          "poseTypes": ["FLOAT"],
          "isSubmergedInWater": true,
          "isBattle": false,
          "animations": [
            "look",
            "bedrock(cyclopod, water_idle)"],
          "quirks": [
            {
                "name": "blink",
                "loopTimes": 1,
                "minSecondsBetweenOccurrences": 8,
                "maxSecondsBetweenOccurrences": 20,
                "animations": ["bedrock(cyclopod, blink)"]
              },
              {
                  "name": "quirk",
                  "loopTimes": 1,
                  "minSecondsBetweenOccurrences": 8,
                  "maxSecondsBetweenOccurrences": 20,
                  "animations": ["bedrock(cyclopod, quirk)"]
                }
          ]
        },
        "hovering": {
          "poseName": "hovering",
          "transformTicks": 10,
          "poseTypes": ["HOVER"],
          "isBattle": false,
          "animations": [
            "look",
            "bedrock(cyclopod, water_idle)"],
          "quirks": [
            {
                "name": "blink",
                "loopTimes": 1,
                "minSecondsBetweenOccurrences": 8,
                "maxSecondsBetweenOccurrences": 20,
                "animations": ["bedrock(cyclopod, blink)"]
              },
              {
                  "name": "quirk",
                  "loopTimes": 1,
                  "minSecondsBetweenOccurrences": 8,
                  "maxSecondsBetweenOccurrences": 20,
                  "animations": ["bedrock(cyclopod, quirk)"]
                }
          ]
        },
        "flying": {
          "poseName": "flying",
          "transformTicks": 10,
          "poseTypes": ["FLY"],
          "isBattle": false,
          "animations": [
            "look",
            "bedrock(cyclopod, water_swim)"],
          "quirks": []
        },
      "standing": {
          "poseName": "standing",
          "transformTicks": 10,
          "isSubmergedInWater": false,
          "poseTypes": [
          "STAND",
          "NONE",
          "PORTRAIT",
          "PROFILE"
          ],
          "animations": [
            "look",
          "bedrock(cyclopod, ground_idle)"
          ],
          "quirks": [
            {
              "name": "blink",
              "loopTimes": 1,
              "minSecondsBetweenOccurrences": 8,
              "maxSecondsBetweenOccurrences": 20,
              "animations": ["bedrock(cyclopod, blink)"]
            },
            {
              "name": "quirk",
              "loopTimes": 1,
              "minSecondsBetweenOccurrences": 8,
              "maxSecondsBetweenOccurrences": 20,
              "animations": ["bedrock(cyclopod, quirk)"]
            }
                ]
      },
      "walking": {
          "poseName": "walking",
          "transformTicks": 10,
          "poseTypes": [ "WALK" ],
          "isBattle": false,
          "animations": [
            "look",
             "bedrock(cyclopod, ground_walk)" ],
             "quirks":[
             ]
      },
      
      "water-swim": {
          "poseName": "water-swim",
          "transformTicks": 10,
          "isSubmergedInWater": true,
          "isBattle": false,
          "poseTypes": [ "SWIM" ],
          "animations": [
             "look",
             "bedrock(cyclopod, water_swim)" ],
             "quirks":[]
      },

      "sleeping": {
          "poseName": "sleeping",
          "transformTicks": 10,
          "poseTypes": [ "SLEEP" ],
          "animations": [
            "bedrock(cyclopod, sleep)"]
      }
    }
  }