{
    "head": "head",
    "portraitScale": 2.45,
    "portraitTranslation": [0, 0.1, 0],
    "profileScale": 0.44,
    "profileTranslation": [0, 1, 0],
      "animations": {
        "cry": "q.bedrock_stateful('ectomancer', 'cry')",
        "faint": "q.bedrock_primary('ectomancer', 'faint', q.curve('one'))",
        "recoil": "q.bedrock_stateful('ectomancer', 'recoil')"
      },
      "poses":{
        "battle-idle": {
          "poseName": "battle-idle",
          "transformTicks": 10,
          "poseTypes": [
          "STAND"
        ],
          "isBattle": true,
          "isTouchingWater": false,
          "animations": [
            "look",
            "bedrock(ectomancer, battle_idle)"],
          "quirks": [
            {
              "name": "blink",
              "loopTimes": 1,
              "minSecondsBetweenOccurrences": 8,
              "maxSecondsBetweenOccurrences": 20,
              "animations": ["bedrock(ectomancer, blink)"]
            }
          ]
        },
        "standing": {
            "poseName": "standing",
            "transformTicks": 10,
            "poseTypes": [
            "STAND",
            "PORTRAIT",
            "PROFILE",
            "NONE"
            ],
            "animations": [
              "look",
            "bedrock(ectomancer, ground_idle)"
            ],
            "quirks": [
              {
                "name": "blink",
                "loopTimes": 1,
                "minSecondsBetweenOccurrences": 8,
                "maxSecondsBetweenOccurrences": 20,
                "animations": ["bedrock(ectomancer, blink)"]
              }
                  ]
        },
        "walking": {
            "poseName": "walking",
            "transformTicks": 10,
            "poseTypes": [ "WALK" ],
            "animations": [
              "look",
               "bedrock(ectomancer, ground_walk)" ]
        },
        "sleeping": {
            "poseName": "sleeping",
            "transformTicks": 10,
            "poseTypes": [ "SLEEP" ],
            "animations": [
              "bedrock(ectomancer, sleep)"]
        }
      }
    }