{
    "head": "head",
    "portraitScale": 1.1,
    "portraitTranslation": [ -0.2, 0, 0],
    "profileScale": 0.9,
    "profileTranslation": [ -0.2, 0.4, 0.3 ],
      "cry": "bedrock(folly, cry)",
      "faint": "bedrock(folly, faint, true)",
      "poses": {
        "battle-idle": {
            "poseName": "battle-idle",
            "transformTicks": 10,
            "poseTypes": ["STAND"],
            "isBattle": true,
            "isTouchingWater": false,
            "animations": [
              "look",
              "bedrock(folly, battle_idle)"],
            "quirks": [
              {
                "name": "blink1",
                "loopTimes": 1,
                "minSecondsBetweenOccurrences": 8,
                "maxSecondsBetweenOccurrences": 20,
                "animations": ["bedrock(folly, blink1)"]
              },
              {
                "name": "blink2",
                "loopTimes": 1,
                "minSecondsBetweenOccurrences": 8,
                "maxSecondsBetweenOccurrences": 20,
                "animations": ["bedrock(folly, blink2)"]
              }
            ]
          },
      "standing": {
          "poseName": "standing",
          "transformTicks": 10,
          "poseTypes": [
          "STAND",
          "NONE",
          "PORTRAIT",
          "PROFILE"
          ],
          "isBattle": false,
          "animations": [
            "look",
          "bedrock(folly, ground_idle)"
          ],
          "quirks": [
              {
                "name": "blink2",
                "loopTimes": 1,
                "minSecondsBetweenOccurrences": 8,
                "maxSecondsBetweenOccurrences": 20,
                "animations": ["bedrock(folly, blink2)"]
              },
              {
                "name": "blink1",
                "loopTimes": 1,
                "minSecondsBetweenOccurrences": 8,
                "maxSecondsBetweenOccurrences": 20,
                "animations": ["bedrock(folly, blink1)"]
              }
      ]
      },
      "walking": {
          "poseName": "walking",
          "transformTicks": 10,
          "poseTypes": [ "WALK" ],
          "animations": [ "bedrock(folly, ground_walk)" ]
      },
      
      "sleeping": {
          "poseName": "sleeping",
          "transformTicks": 10,
          "poseTypes": [ "SLEEP" ],
          "animations": [ "bedrock(folly, sleep)"]
      }
    }
  }