{
    "head": "head",
      "portraitScale": 1.75,
      "portraitTranslation": [ -0.31, -0.85, 0],
      "profileScale": 1.0,
      "profileTranslation": [ 0, 0.275, 0 ],
      "cry": "bedrock(fossoil, cry)",
      "faint": "bedrock(fossoil, faint, true)",
      "poses":{
      "standing": {
          "poseName": "standing",
          "transformTicks": 10,
          "poseTypes": [
          "STAND",
          "NONE",
          "PORTRAIT",
          "PROFILE"
          ],
          "animations": [
            "look",
          "bedrock(fossoil, ground_idle)"
          ],
          "quirks": [
            {
              "name": "shifty",
              "loopTimes": 1,
              "minSecondsBetweenOccurrences": 8,
              "maxSecondsBetweenOccurrences": 20,
              "animations": ["bedrock(fossoil, shifty)"]
            }
                ]
      },
      "walking": {
          "poseName": "walking",
          "transformTicks": 10,
          "poseTypes": [ "WALK" ],
          "animations": [
            "look",
             "bedrock(fossoil, ground_walk)" ]
      },
      "floating": {
		"poseName": "floating",
		"transformTicks": 10,
		"poseTypes": [ "FLOAT" ],
		"animations": [ 
      "look",  
    "bedrock(fossoil, ground_idle)" ],
        "quirks": [
            {
              "name": "shifty",
              "loopTimes": 1,
              "minSecondsBetweenOccurrences": 8,
              "maxSecondsBetweenOccurrences": 20,
              "animations": ["bedrock(fossoil, shifty)"]
            }
                ]
	},
	"swimming": {
		"poseName": "swimming",
		"transformTicks": 10,
		"poseTypes": [ "SWIM" ],
		"animations": [
      "look",
      "bedrock(fossoil, ground_walk)" ]
		},
      
      "sleeping": {
          "poseName": "sleeping",
          "transformTicks": 10,
          "poseTypes": [ "SLEEP" ],
          "animations": [
            "bedrock(fossoil, sleep)"]
      }
    }
  }
  
  