{
    "head": "head",
    "portraitScale": 3,
    "portraitTranslation": [ -0.18, -2.4, 0],
    "profileScale": 1.5,
    "profileTranslation": [ 0, -0.4, 0 ],
    "cry": "bedrock(frostnatch, cry)",
    "faint": "bedrock(frostnatch, faint)",
    "poses": {
    "standing": {
        "poseName": "standing",
        "transformTicks": 10,
        "poseTypes": [
        "STAND",
        "NONE",
        "PORTRAIT",
        "PROFILE"
        ],
        "animations": [
        "look",
        "bedrock(frostnatch, ground_idle)"
        ]
    },
    "walking": {
        "poseName": "walking",
        "transformTicks": 10,
        "poseTypes": [ "WALK" ],
        "animations": [ "bedrock(frostnatch, ground_walk)" ]
    },
    "floating": {
        "poseName": "floating",
        "transformTicks": 10,
        "poseTypes": [ "FLOAT" ],
        "animations": [ "bedrock(frostnatch, water_idle)" ]
    },
    "swimming": {
        "poseName": "swimming",
        "transformTicks": 10,
        "poseTypes": [ "SWIM" ],
        "animations": [ "bedrock(frostnatch, water_swim)" ]
        },
	
    "sleeping": {
        "poseName": "sleeping",
        "transformTicks": 10,
        "poseTypes": [ "SLEEP" ],
        "animations": [ "bedrock(frostnatch, sleep)"]
    }
  }
}