{
      "portraitScale": 0.7,
      "portraitTranslation": [-0.3, 0.8, 0],
      "profileScale": 0.38,
      "profileTranslation": [0, 1.2, -1],
      "animations": {
        "cry": "q.bedrock_stateful('fungalith', 'cry')",
        "faint": "q.bedrock_primary('fungalith', 'faint', q.curve('one'))",
        "recoil": "q.bedrock_stateful('fungalith', 'recoil')"
      },
      "poses":{
        "battle-idle": {
          "poseName": "battle-idle",
          "transformTicks": 10,
          "poseTypes": ["STAND"],
          "isBattle": true,
          "animations": [
            "look",
            "bedrock(fungalith, battle_idle)"],
          "quirks": [
            {
              "name": "blink",
              "loopTimes": 1,
              "minSecondsBetweenOccurrences": 8,
              "maxSecondsBetweenOccurrences": 20,
              "animations": ["bedrock(fungalith, blink)"]
            },
            {
                "name": "brow_raise_quirk",
                "loopTimes": 1,
                "minSecondsBetweenOccurrences": 8,
                "maxSecondsBetweenOccurrences": 20,
                "animations": ["bedrock(fungalith, brow_raise_quirk)"]
              }
          ]
        },
        "sand-idle": {
            "poseName": "sand-idle",
            "transformTicks": 10,
            "poseTypes": ["STAND"],
            "isStandingOnSand": true,
            "isBattle": false,
            "animations": [
              "look",
              "bedrock(fungalith, sand_idle)"],
            "quirks": []
          },
        "standing": {
            "poseName": "standing",
            "transformTicks": 10,
            "isStandingOnSand": false,
            "poseTypes": [
            "STAND",
            "NONE",
            "PORTRAIT",
            "PROFILE"
            ],
            "animations": [
              "look",
            "bedrock(fungalith, ground_idle)"
            ],
            "quirks": [
              {
                "name": "blink",
                "loopTimes": 1,
                "minSecondsBetweenOccurrences": 8,
                "maxSecondsBetweenOccurrences": 20,
                "animations": ["bedrock(fungalith, blink)"]
              },
              {
                "name": "brow_raise_quirk",
                "loopTimes": 1,
                "minSecondsBetweenOccurrences": 8,
                "maxSecondsBetweenOccurrences": 20,
                "animations": ["bedrock(fungalith, brow_raise_quirk)"]
              }
                  ]
        },
        "walking": {
            "poseName": "walking",
            "transformTicks": 10,
            "isStandingOnSand": false,
            "poseTypes": [ "WALK" ],
            "animations": [
              "look",
               "bedrock(fungalith, ground_walk)" ],
               "quirks":[
               ]
        },

        "sand-battle-walking": {
          "poseName": "sand-battle-walking",
          "transformTicks": 10,
          "isBattle": true,
          "isStandingOnSand": true,
          "poseTypes": [ "WALK" ],
          "animations": [
            "look",
             "bedrock(fungalith, ground_walk)" ],
             "quirks":[
             ]
      },
        
        "sand-swim": {
            "poseName": "sand-swim",
            "transformTicks": 10,
            "isStandingOnSand": true,
            "isBattle": false,
            "poseTypes": [ "WALK" ],
            "animations": [
               "look",
               "bedrock(fungalith, sand_swim)" ],
               "quirks":[]
        },

        "sleeping": {
            "poseName": "sleeping",
            "transformTicks": 10,
            "isStandingOnSand": false,
            "poseTypes": [ "SLEEP" ],
            "animations": [
              "bedrock(fungalith, sleep)"]
        },

        "sand-sleeping": {
            "poseName": "sand-sleeping",
            "transformTicks": 10,
            "isStandingOnSand": true,
            "poseTypes": [ "SLEEP" ],
            "animations": [
              "bedrock(fungalith, sand_sleep)"]
        }
      }
    }