{
    "portraitScale": 1.54,
    "portraitTranslation": [-0.4, -0.5, 0],
    "profileScale": 0.8,
    "profileTranslation": [0, 0.5, 0],
      "animations": {
        "faint": "q.bedrock_primary('heracrosspaldea', 'faint', q.curve('one'))",
        "recoil": "q.bedrock_stateful('heracrosspaldea', 'recoil')",
        "cry":  "q.bedrock_stateful('heracrosspaldea', 'cry')"
    },
      "poses":{
        "battle-idle": {
          "poseName": "battle-idle",
          "transformTicks": 10,
          "poseTypes": ["STAND"],
          "isBattle": true,
          "isTouchingWater": false,
          "animations": [
            "bedrock(heracrosspaldea, battle_idle)"],
          "quirks": [
            {
              "name": "blink",
              "loopTimes": 1,
              "minSecondsBetweenOccurrences": 8,
              "maxSecondsBetweenOccurrences": 20,
              "animations": ["bedrock(heracrosspaldea, blink)"]
            }
          ]
        },
        "standing": {
            "poseName": "standing",
            "transformTicks": 10,
            "poseTypes": [
            "STAND",
            "NONE",
            "PORTRAIT",
            "PROFILE"
            ],
            "animations": [

            "bedrock(heracrosspaldea, ground_idle)"
            ],
            "quirks": [
              {
                "name": "blink",
                "loopTimes": 1,
                "minSecondsBetweenOccurrences": 8,
                "maxSecondsBetweenOccurrences": 20,
                "animations": ["bedrock(heracrosspaldea, blink)"]
              }
                  ]
        },
        "walking": {
            "poseName": "walking",
            "transformTicks": 10,
            "poseTypes": [ "WALK" ],
            "animations": [

               "bedrock(heracrosspaldea, ground_walk)" ]
        },
        
        "sleeping": {
            "poseName": "sleeping",
            "transformTicks": 10,
            "poseTypes": [ "SLEEP" ],
            "animations": [
              "bedrock(heracrosspaldea, sleep)"]
        }
      }
    }