{
    "head": "head",
      "portraitScale": 1.5,
      "portraitTranslation": [ 0, -0.65, 0],
      "profileScale": 1,
      "profileTranslation": [ -0.1, 0.25, 0 ],
      "cry": "bedrock(krillcracker, cry)",
      "faint": "bedrock(krillcracker, faint, true)",
      "poses": {
      "standing": {
          "poseName": "standing",
          "transformTicks": 10,
          "poseTypes": [
          "STAND",
          "NONE",
          "PORTRAIT",
          "PROFILE"
          ],
          "animations": [
            "look",
          "bedrock(krillcracker, ground_idle)"
          ],
          "quirks": [
              {
                "name": "blink",
                "loopTimes": 1,
                "minSecondsBetweenOccurrences": 8,
                "maxSecondsBetweenOccurrences": 20,
                "animations": ["bedrock(krillcracker, blink)"]
              },
              {
                  "name": "cry",
                  "loopTimes": 1,
                  "minSecondsBetweenOccurrences": 15,
                  "maxSecondsBetweenOccurrences": 25,
                  "animations": ["bedrock(krillcracker, cry)"]
                }
      ]
      },
      "walking": {
          "poseName": "walking",
          "transformTicks": 10,
          "poseTypes": [ "WALK" ],
          "animations": [ "bedrock(krillcracker, ground_walk)",
          "look"        ]
      },
      
      "sleeping": {
          "poseName": "sleeping",
          "transformTicks": 10,
          "poseTypes": [ "SLEEP" ],
          "animations": [ "bedrock(krillcracker, sleep)"]
      }
    }
  }
  