{
      "portraitScale": 2,
      "portraitTranslation": [ 0, -0.4, 0],
      "profileScale": 0.65,
      "profileTranslation": [ 0, 0.8, 0 ],
      "animations": {
        "cry": "q.bedrock_stateful('moistery', 'cry')",
        "faint": "q.bedrock_primary('moistery', 'faint', q.curve('one'))",
        "recoil": "q.bedrock_stateful('moistery', 'recoil')"
      },
      "poses": {
        "battle-idle": {
            "poseName": "battle-idle",
            "transformTicks": 10,
            "poseTypes": ["STAND"],
            "isBattle": true,
            "isTouchingWater": false,
            "animations": [
              "bedrock(moistery, air_idle)"],
              "quirks": [
                {
                  "name": "blink1",
                  "loopTimes": 1,
                  "minSecondsBetweenOccurrences": 8,
                  "maxSecondsBetweenOccurrences": 20,
                  "animations": ["bedrock(moistery, blink1)"]
                },
                {
                  "name": "blink2",
                  "loopTimes": 1,
                  "minSecondsBetweenOccurrences": 8,
                  "maxSecondsBetweenOccurrences": 20,
                  "animations": ["bedrock(moistery, blink2)"]
                }
              ]
            },

      "standing": {
          "poseName": "standing",
          "transformTicks": 10,
          "isBattle": false,
          "poseTypes": [
          "STAND",
          "NONE",
          "PORTRAIT",
          "PROFILE"
          ],
          "animations": [
          "bedrock(moistery, ground_idle)"
          ],
          "quirks": [
            {
              "name": "blink1",
              "loopTimes": 1,
              "minSecondsBetweenOccurrences": 8,
              "maxSecondsBetweenOccurrences": 20,
              "animations": ["bedrock(moistery, blink1)"]
            },
            {
              "name": "blink2",
              "loopTimes": 1,
              "minSecondsBetweenOccurrences": 8,
              "maxSecondsBetweenOccurrences": 20,
              "animations": ["bedrock(moistery, blink2)"]
            }
          ]
        },
      "walking": {
          "poseName": "walking",
          "transformTicks": 10,
          "poseTypes": [ "WALK" ],
          "animations": [ "bedrock(moistery, air_fly)" ],

          "quirks": [
            {
              "name": "blink1",
              "loopTimes": 1,
              "minSecondsBetweenOccurrences": 8,
              "maxSecondsBetweenOccurrences": 20,
              "animations": ["bedrock(moistery, blink1)"]
            },
            {
              "name": "blink2",
              "loopTimes": 1,
              "minSecondsBetweenOccurrences": 8,
              "maxSecondsBetweenOccurrences": 20,
              "animations": ["bedrock(moistery, blink2)"]
            }
          ]
        },
    "floating": {
        "poseName": "floating",
        "transformTicks": 10,
        "poseTypes": [ "FLOAT" ],
        "animations": [ "bedrock(moistery, air_idle)" ],

        "quirks": [
          {
            "name": "blink1",
            "loopTimes": 1,
            "minSecondsBetweenOccurrences": 8,
            "maxSecondsBetweenOccurrences": 20,
            "animations": ["bedrock(moistery, blink1)"]
          },
          {
            "name": "blink2",
            "loopTimes": 1,
            "minSecondsBetweenOccurrences": 8,
            "maxSecondsBetweenOccurrences": 20,
            "animations": ["bedrock(moistery, blink2)"]
          }
        ]
      },
    "swimming": {
        "poseName": "swimming",
        "transformTicks": 10,
        "poseTypes": [ "SWIM" ],
        "animations": [ "bedrock(moistery, air_fly)" ],

        "quirks": [
          {
            "name": "blink1",
            "loopTimes": 1,
            "minSecondsBetweenOccurrences": 8,
            "maxSecondsBetweenOccurrences": 20,
            "animations": ["bedrock(moistery, blink1)"]
          },
          {
            "name": "blink2",
            "loopTimes": 1,
            "minSecondsBetweenOccurrences": 8,
            "maxSecondsBetweenOccurrences": 20,
            "animations": ["bedrock(moistery, blink2)"]
          }
  ]
},
        "hovering": {
            "poseName": "hovering",
            "transformTicks": 10,
            "poseTypes": [ "HOVER" ],
            "animations": [ "bedrock(moistery, air_idle)" ],

            "quirks": [
              {
                "name": "blink1",
                "loopTimes": 1,
                "minSecondsBetweenOccurrences": 8,
                "maxSecondsBetweenOccurrences": 20,
                "animations": ["bedrock(moistery, blink1)"]
              },
              {
                "name": "blink2",
                "loopTimes": 1,
                "minSecondsBetweenOccurrences": 8,
                "maxSecondsBetweenOccurrences": 20,
                "animations": ["bedrock(moistery, blink2)"]
              }
      ]
    },
        "flying": {
            "poseName": "flying",
            "transformTicks": 10,
            "poseTypes": [ "FLY" ],
            "animations": [ "bedrock(moistery, air_fly)" ],

            "quirks": [
              {
                "name": "blink1",
                "loopTimes": 1,
                "minSecondsBetweenOccurrences": 8,
                "maxSecondsBetweenOccurrences": 20,
                "animations": ["bedrock(moistery, blink1)"]
              },
              {
                "name": "blink2",
                "loopTimes": 1,
                "minSecondsBetweenOccurrences": 8,
                "maxSecondsBetweenOccurrences": 20,
                "animations": ["bedrock(moistery, blink2)"]
              }
      ]
            },
      "sleeping": {
          "poseName": "sleeping",
          "transformTicks": 10,
          "poseTypes": [ "SLEEP" ],
          "animations": [ "bedrock(moistery, sleep)"]
      }
    }
  }
  