{
    "portraitScale": 1.7,
    "portraitTranslation": [-0.32, 0.65, 0],
    "profileScale": 0.6,
    "profileTranslation": [-0.2, 0.9, 0],
      "animations": {
        "cry": "q.bedrock_stateful('pillosinge', 'cry')",
        "faint": "q.bedrock_primary('pillosinge', 'faint', q.curve('one'))",
        "recoil": "q.bedrock_stateful('pillosinge', 'recoil')",
        "physical": "q.bedrock_primary('pillosinge', 'physical', q.curve('symmetrical_wide'))",
        "special": "q.bedrock_primary('pillosinge', 'special', q.curve('symmetrical_wide'))",
        "status": "q.bedrock_primary('pillosinge', 'status', q.curve('symmetrical_wide'))"
      },
      "poses":{
        "battle-idle": {
          "poseName": "battle-idle",
          "transformTicks": 10,
          "poseTypes": ["STAND"],
          "isBattle": true,
          "isTouchingWater": false,
          "animations": [
            "bedrock(pillosinge, battle_idle)"],
          "quirks": [
            {
              "name": "blink",
              "loopTimes": 1,
              "minSecondsBetweenOccurrences": 8,
              "maxSecondsBetweenOccurrences": 20,
              "animations": ["bedrock(pillosinge, blink)"]
            },
            {
                "name": "quirk",
                "loopTimes": 1,
                "minSecondsBetweenOccurrences": 20,
                "maxSecondsBetweenOccurrences": 40,
                "animations": ["bedrock(pillosinge, quirk)"]
              }
          ]
        },
        "standing": {
            "poseName": "standing",
            "transformTicks": 10,
            "poseTypes": [
            "STAND",
            "NONE",
            "PORTRAIT",
            "PROFILE"
            ],
            "animations": [

            "bedrock(pillosinge, ground_idle)"
            ],
            "quirks": [
              {
                "name": "blink",
                "loopTimes": 1,
                "minSecondsBetweenOccurrences": 8,
                "maxSecondsBetweenOccurrences": 20,
                "animations": ["bedrock(pillosinge, blink)"]
              },
              {
                "name": "quirk",
                "loopTimes": 1,
                "minSecondsBetweenOccurrences": 20,
                "maxSecondsBetweenOccurrences": 40,
                "animations": ["bedrock(pillosinge, quirk)"]
              }
                  ]
        },
        "walking": {
            "poseName": "walking",
            "transformTicks": 10,
            "poseTypes": [ "WALK" ],
            "animations": [

               "bedrock(pillosinge, ground_walk)" ]
        },
        
        "sleeping": {
            "poseName": "sleeping",
            "transformTicks": 10,
            "poseTypes": [ "SLEEP" ],
            "animations": [
              "bedrock(pillosinge, sleep)"]
        }
      }
    }