{
    "head": "head",
      "portraitScale": 2,
      "portraitTranslation": [-0.8, -1.1, 0],
      "profileScale": 0.7,
      "profileTranslation": [0, 0.75, 0],
      "animations": {
        "cry": "q.bedrock_stateful('polporos', 'cry')",
        "faint": "q.bedrock_primary('polporos', 'faint', q.curve('one'))",
        "recoil": "q.bedrock_stateful('polporos', 'recoil')"
      },
      "poses":{

        "shoulder_left": {
          "poseTypes": ["SHOULDER_LEFT"],
          "animations": [
            "q.look('head')",
            "q.bedrock('polporos', 'shoulder_left')"
          ],
          "quirks": ["q.bedrock_quirk('polporos', 'blink')"]
        },
        "shoulder_right": {
          "poseTypes": ["SHOULDER_RIGHT"],
          "animations": [
            "q.look('head')",
            "q.bedrock('polporos', 'shoulder_right')"
          ]     
        },

        "battle-idle": {
          "poseName": "battle-idle",
          "transformTicks": 10,
          "poseTypes": [
          "STAND",
          "PORTRAIT",
          "PROFILE"
        ],
          "isBattle": true,
          "isTouchingWater": false,
          "animations": [
            "look",
            "bedrock(polporos, battle_idle)"],
          "quirks": [
            {
              "name": "blink",
              "loopTimes": 1,
              "minSecondsBetweenOccurrences": 8,
              "maxSecondsBetweenOccurrences": 20,
              "animations": ["bedrock(polporos, blink)"]
            },
            {
                "name": "quirk",
                "loopTimes": 1,
                "minSecondsBetweenOccurrences": 17,
                "maxSecondsBetweenOccurrences": 37,
                "animations": ["bedrock(polporos, quirk)"]
              }
          ]
        },
        "standing": {
            "poseName": "standing",
            "transformTicks": 10,
            "poseTypes": [
            "STAND",
            "NONE"
            ],
            "animations": [
              "look",
            "bedrock(polporos, ground_idle)"
            ],
            "quirks": [
              {
                "name": "blink",
                "loopTimes": 1,
                "minSecondsBetweenOccurrences": 8,
                "maxSecondsBetweenOccurrences": 20,
                "animations": ["bedrock(polporos, blink)"]
              },
              {
                "name": "quirk",
                "loopTimes": 1,
                "minSecondsBetweenOccurrences": 17,
                "maxSecondsBetweenOccurrences": 37,
                "animations": ["bedrock(polporos, quirk)"]
              }
                  ]
        },
        "walking": {
            "poseName": "walking",
            "transformTicks": 10,
            "poseTypes": [ "WALK" ],
            "animations": [
              "look",
               "bedrock(polporos, ground_walk)" ]
        },
        "sleeping": {
            "poseName": "sleeping",
            "transformTicks": 10,
            "poseTypes": [ "SLEEP" ],
            "animations": [
              "bedrock(polporos, sleep)"]
        }
      }
    }