{
  "head": "head",
  "portraitScale": 1.81,
  "portraitTranslation": [-0.65, -0.85, 0],
  "profileScale": 0.8,
  "profileTranslation": [0, 0.6, 0],
    "animations": {
      "cry":"q.bedrock_stateful('potdary', 'cry')",
      "faint": "q.bedrock_primary('potdary', 'faint', q.curve('one'))",
      "recoil": "q.bedrock_stateful('potdary', 'recoil')",
      "physical": "q.bedrock_primary('potdary', 'physical', q.curve('symmetrical_wide'))",
      "special": "q.bedrock_primary('potdary', 'special', q.curve('symmetrical_wide'))",
      "status": "q.bedrock_primary('potdary', 'status', q.curve('symmetrical_wide'))"
    },
    "poses":{
      "battle-idle": {
        "poseName": "battle-idle",
        "transformTicks": 10,
        "poseTypes": ["STAND"],
        "isBattle": true,
        "isTouchingWater": false,
        "animations": [
          "look",
          "bedrock(potdary, battle_idle)"],
        "quirks": [
          {
            "name": "blink",
            "loopTimes": 1,
            "minSecondsBetweenOccurrences": 8,
            "maxSecondsBetweenOccurrences": 20,
            "animations": ["bedrock(potdary, blink)"]
          },
          {
              "name": "sneeze",
              "loopTimes": 1,
              "minSecondsBetweenOccurrences": 20,
              "maxSecondsBetweenOccurrences": 40,
              "animations": ["bedrock(potdary, sneeze)"]
            }
        ]
      },
      "standing": {
          "poseName": "standing",
          "transformTicks": 10,
          "poseTypes": [
          "STAND",
          "NONE",
          "PORTRAIT",
          "PROFILE"
          ],
          "animations": [
            "look",
          "bedrock(potdary, ground_idle)"
          ],
          "quirks": [
            {
              "name": "blink",
              "loopTimes": 1,
              "minSecondsBetweenOccurrences": 8,
              "maxSecondsBetweenOccurrences": 20,
              "animations": ["bedrock(potdary, blink)"]
            },
            {
              "name": "sneeze",
              "loopTimes": 1,
              "minSecondsBetweenOccurrences": 20,
              "maxSecondsBetweenOccurrences": 40,
              "animations": ["bedrock(potdary, sneeze)"]
            }
                ]
      },
      "walking": {
          "poseName": "walking",
          "transformTicks": 10,
          "poseTypes": [ "WALK" ],
          "animations": [
            "look",
             "bedrock(potdary, ground_walk)" ]
      },
      "floating": {
		"poseName": "floating",
		"transformTicks": 10,
		"poseTypes": [ "FLOAT" ],
		"animations": [ 
      "look",  
    "bedrock(potdary, water_idle)" ],
        "quirks": [
            {
              "name": "blink",
              "loopTimes": 1,
              "minSecondsBetweenOccurrences": 8,
              "maxSecondsBetweenOccurrences": 20,
              "animations": ["bedrock(potdary, blink)"]
            },
            {
              "name": "sneeze",
              "loopTimes": 1,
              "minSecondsBetweenOccurrences": 20,
              "maxSecondsBetweenOccurrences": 40,
              "animations": ["bedrock(potdary, sneeze)"]
            }
                ]
	},
	"swimming": {
		"poseName": "swimming",
		"transformTicks": 10,
		"poseTypes": [ "SWIM" ],
		"animations": [
      "look",
      "bedrock(potdary, water_swim)" ]
		},
      
      "sleeping": {
          "poseName": "sleeping",
          "transformTicks": 10,
          "poseTypes": [ "SLEEP" ],
          "animations": [
            "bedrock(potdary, sleep)"]
      }
    }
  }