{
	"head": "head",
	"portraitScale": 1.85,
	"portraitTranslation": [ 0.1, -0.75, 0 ],
	"profileScale": 1,
	"profileTranslation": [ 0, 0.3, 0 ],
	"cry": "bedrock(seibat, cry)",
	"faint": "bedrock(seibat, faint)",
	"poses": {
	"standing": {
		"poseName": "standing",
		"transformTicks": 10,
		"poseTypes": [
		"STAND",
		"NONE",
		"PORTRAIT",
		"PROFILE"
		],
		"animations": [
		"bedrock(seibat, ground_idle)"
		]
	},
	"walking": {
		"poseName": "walking",
		"transformTicks": 10,
		"poseTypes": [ "WALK" ],
		"animations": [ "bedrock(seibat, air_fly)" ]
	},
	"hovering": {
		"poseName": "hovering",
		"transformTicks": 10,
		"poseTypes": [ "HOVER" ],
		"animations": [ "bedrock(seibat, air_idle)" ]
	},
	"flying": {
		"poseName": "flying",
		"transformTicks": 10,
		"poseTypes": [ "FLY" ],
		"animations": [ "bedrock(seibat, air_fly)" ]
		},
	
	"sleeping": {
		"poseName": "sleeping",
		"transformTicks": 10,
		"poseTypes": [ "SLEEP" ],
		"animations": [ "bedrock(seibat, sleep)" ]
	 }
	}
  }