{
    "head": "head",
    "portraitScale": 1.25,
    "portraitTranslation": [ -0.85, 0.2, 0],
      "profileScale": 0.6,
      "profileTranslation": [ -0.125, 0.65, 0 ],
      "cry": "bedrock(shiboom, cry)",
      "faint": "bedrock(shiboom, faint, true)",
      "poses": {
      "standing": {
          "poseName": "standing",
          "transformTicks": 10,
          "poseTypes": [
          "STAND",
          "NONE",
          "PORTRAIT",
          "PROFILE"
          ],
          "animations": [
          "bedrock(shiboom, air_idle)"
          ],
          "quirks": [
              {
                "name": "blink",
                "loopTimes": 1,
                "minSecondsBetweenOccurrences": 8,
                "maxSecondsBetweenOccurrences": 20,
                "animations": ["bedrock(shiboom, blink)"]
              },
              {
                  "name": "twinkle",
                  "loopTimes": 1,
                  "minSecondsBetweenOccurrences": 8,
                  "maxSecondsBetweenOccurrences": 15,
                  "animations": ["bedrock(shiboom, twinkle)"]
                }
      ]
      },
      "walking": {
          "poseName": "walking",
          "transformTicks": 10,
          "poseTypes": [ "WALK" ],
          "animations": [ "bedrock(shiboom, air_fly)"]
      },
    "hovering": {
      "poseName": "hovering",
      "transformTicks": 10,
      "poseTypes": [ "HOVER" ],
      "animations": [ "bedrock(shiboom, air_idle)"]
    },
    "flying": {
      "poseName": "flying",
      "transformTicks": 10,
      "poseTypes": [ "FLY" ],
      "animations": [ "bedrock(shiboom, air_fly)"]
      },   
      
      "sleeping": {
          "poseName": "sleeping",
          "transformTicks": 10,
          "poseTypes": [ "SLEEP" ],
          "animations": [ "bedrock(shiboom, sleep)"]
      }
    }
  }
  