{
    "portraitScale": 1,
    "portraitTranslation": [-0.4, 1.2, 0],
    "profileScale": 0.35,
    "profileTranslation": [0.05, 1.25, 0],
      "animations": {
        "cry": "q.bedrock_stateful('slacho', 'cry')",
        "faint": "q.bedrock_primary('slacho', 'faint', q.curve('one'))",
        "recoil": "q.bedrock_stateful('slacho', 'recoil')"
      },
      "poses":{
        "battle-idle": {
          "poseName": "battle-idle",
          "transformTicks": 10,
          "poseTypes": ["STAND"],
          "isBattle": true,
          "isTouchingWater": false,
          "animations": [
            "bedrock(slacho, battle_idle)"],
          "quirks": [
            {
              "name": "blink",
              "loopTimes": 1,
              "minSecondsBetweenOccurrences": 8,
              "maxSecondsBetweenOccurrences": 20,
              "animations": ["bedrock(slacho, blink)"]
            }
          ]
        },
        "standing": {
            "poseName": "standing",
            "transformTicks": 10,
            "poseTypes": [
            "STAND",
            "NONE",
            "PORTRAIT",
            "PROFILE"
            ],
            "animations": [

            "bedrock(slacho, ground_idle)"
            ],
            "quirks": [
              {
                "name": "blink",
                "loopTimes": 1,
                "minSecondsBetweenOccurrences": 8,
                "maxSecondsBetweenOccurrences": 20,
                "animations": ["bedrock(slacho, blink)"]
              }
                  ]
        },
        "walking": {
            "poseName": "walking",
            "transformTicks": 10,
            "poseTypes": [ "WALK" ],
            "animations": [

               "bedrock(slacho, ground_walk)" ]
        },
        
        "sleeping": {
            "poseName": "sleeping",
            "transformTicks": 10,
            "poseTypes": [ "SLEEP" ],
            "animations": [
              "bedrock(slacho, sleep)"]
        }
      }
    }