{
    "head": "head",
      "portraitScale": 1.2,
      "portraitTranslation": [ -0.15, 0.6, 0],
      "profileScale": 0.8,
      "profileTranslation": [ 0, 0.6, 0 ],
      "cry": "bedrock(wailevi, cry)",
      "faint": "bedrock(wailevi, faint, true)",
      "poses": {
        "battle-idle": {
            "poseName": "battle-idle",
            "transformTicks": 10,
            "poseTypes": ["STAND"],
            "isBattle": true,
            "isTouchingWater": false,
            "animations": ["bedrock(wailevi, battle_idle)"],
            "quirks": [
              {
                "name": "blink",
                "loopTimes": 1,
                "minSecondsBetweenOccurrences": 8,
                "maxSecondsBetweenOccurrences": 20,
                "animations": ["bedrock(wailevi, blink)"]
              },
              {
                  "name": "brow_raise",
                  "loopTimes": 1,
                  "minSecondsBetweenOccurrences": 12,
                  "maxSecondsBetweenOccurrences": 25,
                  "animations": ["bedrock(wailevi, brow_raise)"]
                }
            ]
          },
      "standing": {
          "poseName": "standing",
          "transformTicks": 10,
          "poseTypes": [
          "STAND",
          "NONE",
          "PORTRAIT",
          "PROFILE"
          ],
          "isBattle": false,
          "animations": [
          "bedrock(wailevi, air_idle)"
          ],
          "quirks": [
              {
                "name": "blink",
                "loopTimes": 1,
                "minSecondsBetweenOccurrences": 8,
                "maxSecondsBetweenOccurrences": 20,
                "animations": ["bedrock(wailevi, blink)"]
              },
              {
                  "name": "brow_raise",
                  "loopTimes": 1,
                  "minSecondsBetweenOccurrences": 20,
                  "maxSecondsBetweenOccurrences": 30,
                  "animations": ["bedrock(wailevi, brow_raise)"]
                }
      ]
      },
      "walking": {
          "poseName": "walking",
          "transformTicks": 10,
          "poseTypes": [ "WALK" ],
          "animations": [ "bedrock(wailevi, air_fly)" ]
      },
      "hovering": {
		"poseName": "hovering",
		"transformTicks": 10,
		"poseTypes": [ "HOVER" ],
		"animations": [ "bedrock(wailevi, air_idle)" ],
    "quirks": [
      {
        "name": "blink",
        "loopTimes": 1,
        "minSecondsBetweenOccurrences": 8,
        "maxSecondsBetweenOccurrences": 20,
        "animations": ["bedrock(wailevi, blink)"]
      },
      {
          "name": "brow_raise",
          "loopTimes": 1,
          "minSecondsBetweenOccurrences": 20,
          "maxSecondsBetweenOccurrences": 30,
          "animations": ["bedrock(wailevi, brow_raise)"]
        }
]
	},
	"flying": {
		"poseName": "flying",
		"transformTicks": 10,
		"poseTypes": [ "FLY" ],
		"animations": [ "bedrock(wailevi, air_fly)" ]
		},
      
      "sleeping": {
          "poseName": "sleeping",
          "transformTicks": 10,
          "poseTypes": [ "SLEEP" ],
          "animations": [ "bedrock(wailevi, sleep)"]
      }
    }
  }
  