{
    "portraitScale": 0.7,
    "portraitTranslation": [ 0, 2.2, 0],
    "profileScale": 0.375,
    "profileTranslation": [ 0, 1.2, 0 ],
    "animations": {
      "cry": "q.bedrock_stateful('xenoster', 'cry')",
      "faint": "q.bedrock_primary('xenoster', 'faint', q.curve('one'))",
      "recoil": "q.bedrock_stateful('xenoster', 'recoil')"
    },
    "poses": {
      "battle-idle": {
          "poseName": "battle-idle",
          "transformTicks": 10,
          "poseTypes": ["STAND"],
          "isBattle": true,
          "isTouchingWater": false,
          "animations": [
            "bedrock(xenoster, air_idle)"],
            "quirks": [
              {
                "name": "blink1",
                "loopTimes": 1,
                "minSecondsBetweenOccurrences": 8,
                "maxSecondsBetweenOccurrences": 20,
                "animations": ["bedrock(xenoster, blink1)"]
              },
              {
                "name": "blink2",
                "loopTimes": 1,
                "minSecondsBetweenOccurrences": 8,
                "maxSecondsBetweenOccurrences": 20,
                "animations": ["bedrock(xenoster, blink2)"]
              },
              {
                  "name": "blink3",
                  "loopTimes": 1,
                  "minSecondsBetweenOccurrences": 8,
                  "maxSecondsBetweenOccurrences": 20,
                  "animations": ["bedrock(xenoster, blink3)"]
                },
                {
                    "name": "blink4",
                    "loopTimes": 1,
                    "minSecondsBetweenOccurrences": 8,
                    "maxSecondsBetweenOccurrences": 20,
                    "animations": ["bedrock(xenoster, blink4)"]
                  },
                  {
                      "name": "blink5",
                      "loopTimes": 1,
                      "minSecondsBetweenOccurrences": 8,
                      "maxSecondsBetweenOccurrences": 20,
                      "animations": ["bedrock(xenoster, blink5)"]
                    },
                    {
                        "name": "blink6",
                        "loopTimes": 1,
                        "minSecondsBetweenOccurrences": 8,
                        "maxSecondsBetweenOccurrences": 20,
                        "animations": ["bedrock(xenoster, blink6)"]
                      },
                      {
                          "name": "blink7",
                          "loopTimes": 1,
                          "minSecondsBetweenOccurrences": 8,
                          "maxSecondsBetweenOccurrences": 20,
                          "animations": ["bedrock(xenoster, blink7)"]
                        },
                        {
                            "name": "blink8",
                            "loopTimes": 1,
                            "minSecondsBetweenOccurrences": 8,
                            "maxSecondsBetweenOccurrences": 20,
                            "animations": ["bedrock(xenoster, blink8)"]
                          },
                          {
                              "name": "blink9",
                              "loopTimes": 1,
                              "minSecondsBetweenOccurrences": 8,
                              "maxSecondsBetweenOccurrences": 20,
                              "animations": ["bedrock(xenoster, blink9)"]
                            },
                            {
                                "name": "blink10",
                                "loopTimes": 1,
                                "minSecondsBetweenOccurrences": 8,
                                "maxSecondsBetweenOccurrences": 20,
                                "animations": ["bedrock(xenoster, blink10)"]
                              },
                              {
                                  "name": "blink11",
                                  "loopTimes": 1,
                                  "minSecondsBetweenOccurrences": 8,
                                  "maxSecondsBetweenOccurrences": 20,
                                  "animations": ["bedrock(xenoster, blink11)"]
                                },
                                {
                                    "name": "blink12",
                                    "loopTimes": 1,
                                    "minSecondsBetweenOccurrences": 8,
                                    "maxSecondsBetweenOccurrences": 20,
                                    "animations": ["bedrock(xenoster, blink12)"]
                                  }
            ]
          },
    "standing": {
        "poseName": "standing",
        "transformTicks": 10,
        "isBattle": false,
        "poseTypes": [
        "STAND",
        "NONE",
        "PORTRAIT",
        "PROFILE"
        ],
        "animations": [
        "bedrock(xenoster, ground_idle)"
        ],
        "quirks": [
          {
            "name": "blink1",
            "loopTimes": 1,
            "minSecondsBetweenOccurrences": 8,
            "maxSecondsBetweenOccurrences": 20,
            "animations": ["bedrock(xenoster, blink1)"]
          },
          {
            "name": "blink2",
            "loopTimes": 1,
            "minSecondsBetweenOccurrences": 8,
            "maxSecondsBetweenOccurrences": 20,
            "animations": ["bedrock(xenoster, blink2)"]
          },
          {
              "name": "blink3",
              "loopTimes": 1,
              "minSecondsBetweenOccurrences": 8,
              "maxSecondsBetweenOccurrences": 20,
                  "animations": ["bedrock(xenoster, blink3)"]
                },
                {
                    "name": "blink4",
                    "loopTimes": 1,
                    "minSecondsBetweenOccurrences": 8,
                    "maxSecondsBetweenOccurrences": 20,
                    "animations": ["bedrock(xenoster, blink4)"]
                  },
                  {
                      "name": "blink5",
                      "loopTimes": 1,
                      "minSecondsBetweenOccurrences": 8,
                      "maxSecondsBetweenOccurrences": 20,
                      "animations": ["bedrock(xenoster, blink5)"]
                    },
                    {
                        "name": "blink6",
                        "loopTimes": 1,
                        "minSecondsBetweenOccurrences": 8,
                        "maxSecondsBetweenOccurrences": 20,
                        "animations": ["bedrock(xenoster, blink6)"]
                      },
                      {
                          "name": "blink7",
                          "loopTimes": 1,
                          "minSecondsBetweenOccurrences": 8,
                          "maxSecondsBetweenOccurrences": 20,
                          "animations": ["bedrock(xenoster, blink7)"]
                        },
                        {
                            "name": "blink8",
                            "loopTimes": 1,
                            "minSecondsBetweenOccurrences": 8,
                            "maxSecondsBetweenOccurrences": 20,
                            "animations": ["bedrock(xenoster, blink8)"]
                          },
                          {
                              "name": "blink9",
                              "loopTimes": 1,
                              "minSecondsBetweenOccurrences": 8,
                              "maxSecondsBetweenOccurrences": 20,
                              "animations": ["bedrock(xenoster, blink9)"]
                            },
                            {
                                "name": "blink10",
                                "loopTimes": 1,
                                "minSecondsBetweenOccurrences": 8,
                                "maxSecondsBetweenOccurrences": 20,
                                "animations": ["bedrock(xenoster, blink10)"]
                              },
                              {
                                  "name": "blink11",
                                  "loopTimes": 1,
                                  "minSecondsBetweenOccurrences": 8,
                                  "maxSecondsBetweenOccurrences": 20,
                                  "animations": ["bedrock(xenoster, blink11)"]
                                },
                                {
                                    "name": "blink12",
                                    "loopTimes": 1,
                                    "minSecondsBetweenOccurrences": 8,
                                    "maxSecondsBetweenOccurrences": 20,
                                    "animations": ["bedrock(xenoster, blink12)"]
                                  }
            
        ]
      },
    "walking": {
        "poseName": "walking",
        "transformTicks": 10,
        "poseTypes": [ "WALK" ],
        "animations": [ "bedrock(xenoster, air_fly)" ],

        "quirks": [
          {
            "name": "blink1",
            "loopTimes": 1,
            "minSecondsBetweenOccurrences": 8,
            "maxSecondsBetweenOccurrences": 20,
            "animations": ["bedrock(xenoster, blink1)"]
          },
          {
            "name": "blink2",
            "loopTimes": 1,
            "minSecondsBetweenOccurrences": 8,
            "maxSecondsBetweenOccurrences": 20,
            "animations": ["bedrock(xenoster, blink2)"]
          },
          {
              "name": "blink3",
              "loopTimes": 1,
              "minSecondsBetweenOccurrences": 8,
              "maxSecondsBetweenOccurrences": 20,
                  "animations": ["bedrock(xenoster, blink3)"]
                },
                {
                    "name": "blink4",
                    "loopTimes": 1,
                    "minSecondsBetweenOccurrences": 8,
                    "maxSecondsBetweenOccurrences": 20,
                    "animations": ["bedrock(xenoster, blink4)"]
                  },
                  {
                      "name": "blink5",
                      "loopTimes": 1,
                      "minSecondsBetweenOccurrences": 8,
                      "maxSecondsBetweenOccurrences": 20,
                      "animations": ["bedrock(xenoster, blink5)"]
                    },
                    {
                        "name": "blink6",
                        "loopTimes": 1,
                        "minSecondsBetweenOccurrences": 8,
                        "maxSecondsBetweenOccurrences": 20,
                        "animations": ["bedrock(xenoster, blink6)"]
                      },
                      {
                          "name": "blink7",
                          "loopTimes": 1,
                          "minSecondsBetweenOccurrences": 8,
                          "maxSecondsBetweenOccurrences": 20,
                          "animations": ["bedrock(xenoster, blink7)"]
                        },
                        {
                            "name": "blink8",
                            "loopTimes": 1,
                            "minSecondsBetweenOccurrences": 8,
                            "maxSecondsBetweenOccurrences": 20,
                            "animations": ["bedrock(xenoster, blink8)"]
                          },
                          {
                              "name": "blink9",
                              "loopTimes": 1,
                              "minSecondsBetweenOccurrences": 8,
                              "maxSecondsBetweenOccurrences": 20,
                              "animations": ["bedrock(xenoster, blink9)"]
                            },
                            {
                                "name": "blink10",
                                "loopTimes": 1,
                                "minSecondsBetweenOccurrences": 8,
                                "maxSecondsBetweenOccurrences": 20,
                                "animations": ["bedrock(xenoster, blink10)"]
                              },
                              {
                                  "name": "blink11",
                                  "loopTimes": 1,
                                  "minSecondsBetweenOccurrences": 8,
                                  "maxSecondsBetweenOccurrences": 20,
                                  "animations": ["bedrock(xenoster, blink11)"]
                                },
                                {
                                    "name": "blink12",
                                    "loopTimes": 1,
                                    "minSecondsBetweenOccurrences": 8,
                                    "maxSecondsBetweenOccurrences": 20,
                                    "animations": ["bedrock(xenoster, blink12)"]
                                  }
            
  ]
    },
  "floating": {
      "poseName": "floating",
      "transformTicks": 10,
      "poseTypes": [ "FLOAT" ],
      "animations": [ "bedrock(xenoster, air_idle)" ],

      "quirks": [
        {
          "name": "blink1",
          "loopTimes": 1,
          "minSecondsBetweenOccurrences": 8,
          "maxSecondsBetweenOccurrences": 20,
          "animations": ["bedrock(xenoster, blink1)"]
        },
        {
          "name": "blink2",
          "loopTimes": 1,
          "minSecondsBetweenOccurrences": 8,
          "maxSecondsBetweenOccurrences": 20,
          "animations": ["bedrock(xenoster, blink2)"]
        },
        {
            "name": "blink3",
            "loopTimes": 1,
            "minSecondsBetweenOccurrences": 8,
            "maxSecondsBetweenOccurrences": 20,
            "animations": ["bedrock(xenoster, blink3)"]
          }
]
  },
  "swimming": {
      "poseName": "swimming",
      "transformTicks": 10,
      "poseTypes": [ "SWIM" ],
      "animations": [ "bedrock(xenoster, air_fly)" ],

      "quirks": [
        {
          "name": "blink1",
          "loopTimes": 1,
          "minSecondsBetweenOccurrences": 8,
          "maxSecondsBetweenOccurrences": 20,
          "animations": ["bedrock(xenoster, blink1)"]
        },
        {
          "name": "blink2",
          "loopTimes": 1,
          "minSecondsBetweenOccurrences": 8,
          "maxSecondsBetweenOccurrences": 20,
          "animations": ["bedrock(xenoster, blink2)"]
        },
        {
            "name": "blink3",
            "loopTimes": 1,
            "minSecondsBetweenOccurrences": 8,
            "maxSecondsBetweenOccurrences": 20,
            "animations": ["bedrock(xenoster, blink3)"]
          }
]
      },
      "hovering": {
          "poseName": "hovering",
          "transformTicks": 10,
          "poseTypes": [ "HOVER" ],
          "animations": [ "bedrock(xenoster, air_idle)" ],

          "quirks": [
            {
              "name": "blink1",
              "loopTimes": 1,
              "minSecondsBetweenOccurrences": 8,
              "maxSecondsBetweenOccurrences": 20,
              "animations": ["bedrock(xenoster, blink1)"]
            },
            {
              "name": "blink2",
              "loopTimes": 1,
              "minSecondsBetweenOccurrences": 8,
              "maxSecondsBetweenOccurrences": 20,
              "animations": ["bedrock(xenoster, blink2)"]
            },
            {
                "name": "blink3",
                "loopTimes": 1,
                "minSecondsBetweenOccurrences": 8,
                "maxSecondsBetweenOccurrences": 20,
                    "animations": ["bedrock(xenoster, blink3)"]
                },
                {
                    "name": "blink4",
                    "loopTimes": 1,
                    "minSecondsBetweenOccurrences": 8,
                    "maxSecondsBetweenOccurrences": 20,
                    "animations": ["bedrock(xenoster, blink4)"]
                  },
                  {
                      "name": "blink5",
                      "loopTimes": 1,
                      "minSecondsBetweenOccurrences": 8,
                      "maxSecondsBetweenOccurrences": 20,
                      "animations": ["bedrock(xenoster, blink5)"]
                    },
                    {
                        "name": "blink6",
                        "loopTimes": 1,
                        "minSecondsBetweenOccurrences": 8,
                        "maxSecondsBetweenOccurrences": 20,
                        "animations": ["bedrock(xenoster, blink6)"]
                      },
                      {
                          "name": "blink7",
                          "loopTimes": 1,
                          "minSecondsBetweenOccurrences": 8,
                          "maxSecondsBetweenOccurrences": 20,
                          "animations": ["bedrock(xenoster, blink7)"]
                        },
                        {
                            "name": "blink8",
                            "loopTimes": 1,
                            "minSecondsBetweenOccurrences": 8,
                            "maxSecondsBetweenOccurrences": 20,
                            "animations": ["bedrock(xenoster, blink8)"]
                          },
                          {
                              "name": "blink9",
                              "loopTimes": 1,
                              "minSecondsBetweenOccurrences": 8,
                              "maxSecondsBetweenOccurrences": 20,
                              "animations": ["bedrock(xenoster, blink9)"]
                            },
                            {
                                "name": "blink10",
                                "loopTimes": 1,
                                "minSecondsBetweenOccurrences": 8,
                                "maxSecondsBetweenOccurrences": 20,
                                "animations": ["bedrock(xenoster, blink10)"]
                              },
                              {
                                  "name": "blink11",
                                  "loopTimes": 1,
                                  "minSecondsBetweenOccurrences": 8,
                                  "maxSecondsBetweenOccurrences": 20,
                                  "animations": ["bedrock(xenoster, blink11)"]
                                },
                                {
                                    "name": "blink12",
                                    "loopTimes": 1,
                                    "minSecondsBetweenOccurrences": 8,
                                    "maxSecondsBetweenOccurrences": 20,
                                    "animations": ["bedrock(xenoster, blink12)"]
                                  }
              
    ]
      },
      "flying": {
          "poseName": "flying",
          "transformTicks": 10,
          "poseTypes": [ "FLY" ],
          "animations": [ "bedrock(xenoster, air_fly)" ],

          "quirks": [
            {
              "name": "blink1",
              "loopTimes": 1,
              "minSecondsBetweenOccurrences": 8,
              "maxSecondsBetweenOccurrences": 20,
              "animations": ["bedrock(xenoster, blink1)"]
            },
            {
              "name": "blink2",
              "loopTimes": 1,
              "minSecondsBetweenOccurrences": 8,
              "maxSecondsBetweenOccurrences": 20,
              "animations": ["bedrock(xenoster, blink2)"]
            },
            {
                "name": "blink3",
                "loopTimes": 1,
                "minSecondsBetweenOccurrences": 8,
                "maxSecondsBetweenOccurrences": 20,
                    "animations": ["bedrock(xenoster, blink3)"]
                },
                {
                    "name": "blink4",
                    "loopTimes": 1,
                    "minSecondsBetweenOccurrences": 8,
                    "maxSecondsBetweenOccurrences": 20,
                    "animations": ["bedrock(xenoster, blink4)"]
                  },
                  {
                      "name": "blink5",
                      "loopTimes": 1,
                      "minSecondsBetweenOccurrences": 8,
                      "maxSecondsBetweenOccurrences": 20,
                      "animations": ["bedrock(xenoster, blink5)"]
                    },
                    {
                        "name": "blink6",
                        "loopTimes": 1,
                        "minSecondsBetweenOccurrences": 8,
                        "maxSecondsBetweenOccurrences": 20,
                        "animations": ["bedrock(xenoster, blink6)"]
                      },
                      {
                          "name": "blink7",
                          "loopTimes": 1,
                          "minSecondsBetweenOccurrences": 8,
                          "maxSecondsBetweenOccurrences": 20,
                          "animations": ["bedrock(xenoster, blink7)"]
                        },
                        {
                            "name": "blink8",
                            "loopTimes": 1,
                            "minSecondsBetweenOccurrences": 8,
                            "maxSecondsBetweenOccurrences": 20,
                            "animations": ["bedrock(xenoster, blink8)"]
                          },
                          {
                              "name": "blink9",
                              "loopTimes": 1,
                              "minSecondsBetweenOccurrences": 8,
                              "maxSecondsBetweenOccurrences": 20,
                              "animations": ["bedrock(xenoster, blink9)"]
                            },
                            {
                                "name": "blink10",
                                "loopTimes": 1,
                                "minSecondsBetweenOccurrences": 8,
                                "maxSecondsBetweenOccurrences": 20,
                                "animations": ["bedrock(xenoster, blink10)"]
                              },
                              {
                                  "name": "blink11",
                                  "loopTimes": 1,
                                  "minSecondsBetweenOccurrences": 8,
                                  "maxSecondsBetweenOccurrences": 20,
                                  "animations": ["bedrock(xenoster, blink11)"]
                                },
                                {
                                    "name": "blink12",
                                    "loopTimes": 1,
                                    "minSecondsBetweenOccurrences": 8,
                                    "maxSecondsBetweenOccurrences": 20,
                                    "animations": ["bedrock(xenoster, blink12)"]
                                  }
              
    ]
          },
    "sleeping": {
        "poseName": "sleeping",
        "transformTicks": 10,
        "poseTypes": [ "SLEEP" ],
        "animations": [ "bedrock(xenoster, sleep)"]
    }
  }
}