{
	"format_version": "1.12.0",
	"minecraft:geometry": [
		{
			"description": {
				"identifier": "geometry.unknown",
				"texture_width": 64,
				"texture_height": 64,
				"visible_bounds_width": 4,
				"visible_bounds_height": 5,
				"visible_bounds_offset": [0, 1.5, 0]
			},
			"bones": [
				{
					"name": "blahaj",
					"pivot": [0, 0, 0]
				},
				{
					"name": "body",
					"parent": "blahaj",
					"pivot": [0, 3.60595, 1.45066],
					"rotation": [-175, 0, -180],
					"cubes": [
						{"origin": [-3, 0.10595, -3.04934], "size": [6, 7, 9], "uv": [0, 17]}
					]
				},
				{
					"name": "head_segment",
					"parent": "body",
					"pivot": [0, 3.85595, 3.20066],
					"cubes": [
						{"origin": [-4, 2.61642, 4.17787], "size": [8, 6, 11], "pivot": [0, 4.61642, 9.67787], "rotation": [12.5, 0, 0], "uv": [0, 0]}
					]
				},
				{
					"name": "tooth1",
					"parent": "head_segment",
					"pivot": [0.75, 3.60595, 14.70066],
					"rotation": [-10, 5, 0],
					"cubes": [
						{"origin": [0.25, 3.2, 14.70066], "size": [1, 1, 0], "pivot": [0.75, 3.60595, 14.70066], "rotation": [0, 0, 45], "uv": [0, 1]}
					]
				},
				{
					"name": "tooth2",
					"parent": "head_segment",
					"pivot": [-1, 3.60595, 14.70066],
					"rotation": [-10, -5, 0],
					"cubes": [
						{"origin": [-1.5, 3.2, 14.70066], "size": [1, 1, 0], "pivot": [-1, 3.60595, 14.70066], "rotation": [0, 0, 45], "uv": [0, 0]}
					]
				},
				{
					"name": "tooth3",
					"parent": "head_segment",
					"pivot": [-2.5, 3.60595, 14.20066],
					"rotation": [-10, -20, 0],
					"cubes": [
						{"origin": [-3, 3.10595, 14.20066], "size": [1, 1, 0], "pivot": [-2.5, 3.60595, 14.20066], "rotation": [0, 0, 45], "uv": [0, 0]}
					]
				},
				{
					"name": "tooth4",
					"parent": "head_segment",
					"pivot": [2.5, 3.60595, 14.20066],
					"rotation": [-10, 20, 0],
					"cubes": [
						{"origin": [2, 3.10595, 14.20066], "size": [1, 1, 0], "pivot": [2.5, 3.60595, 14.20066], "rotation": [0, 0, 45], "uv": [0, 1]}
					]
				},
				{
					"name": "jaw",
					"parent": "head_segment",
					"pivot": [0, 2.74203, 6.39032],
					"cubes": [
						{"origin": [-3, 0.11642, 5.17787], "size": [6, 2, 8], "pivot": [0, 0.11642, 6.17787], "rotation": [7.5, 0, 0], "uv": [22, 25]}
					]
				},
				{
					"name": "right_side_fin",
					"parent": "body",
					"pivot": [3, 1.6, 5],
					"cubes": [
						{"origin": [1.75, 0.10595, 0.20066], "size": [7, 2, 4], "pivot": [7.75, 0.10595, 3.20066], "rotation": [5, 25, 16], "uv": [0, 33]}
					]
				},
				{
					"name": "left_side_fin",
					"parent": "body",
					"pivot": [-3, 1.6, 5],
					"cubes": [
						{"origin": [-9, 1.10595, 1.70066], "size": [7, 2, 4], "pivot": [-4, 1.10595, 4.70066], "rotation": [5, -25, -16], "uv": [27, 0]}
					]
				},
				{
					"name": "top_fin",
					"parent": "body",
					"pivot": [-2, 7.85595, 3.70066],
					"cubes": [
						{"origin": [-1, 6.85595, 0.70066], "size": [2, 7, 5], "pivot": [0, 8.85595, 6.70066], "rotation": [20, 0, 0], "uv": [17, 35]}
					]
				},
				{
					"name": "tail_segment",
					"parent": "body",
					"pivot": [0, 4.60595, -3.29934],
					"rotation": [-5, 0, 0],
					"cubes": [
						{"origin": [-1, 5.10595, -4.29934], "size": [2, 3, 2], "pivot": [0, 6.10595, -3.29934], "rotation": [12, 0, 0], "uv": [0, 17]},
						{"origin": [-2, 1.60595, -8.29934], "size": [4, 5, 7], "pivot": [2, 4.60595, -4.29934], "rotation": [-5, 0, 0], "uv": [31, 10]}
					]
				},
				{
					"name": "tail_fin",
					"parent": "tail_segment",
					"pivot": [0, 5.85595, -7.29934],
					"cubes": [
						{"origin": [-1, 6.60595, -11.29934], "size": [2, 5, 3], "pivot": [-1, 7.60595, -9.29934], "rotation": [30, 0, 0], "uv": [21, 17]},
						{"origin": [-1, 4.85595, -10.29934], "size": [2, 6, 3], "pivot": [-1, 5.85595, -8.29934], "rotation": [120, 0, 0], "uv": [0, 0]}
					]
				}
			]
		}
	]
}