{
	"format_version": "1.8.0",
	"animations": {
		"animation.dollamb.ground_idle": {
			"loop": true,
			"bones": {
				"tail2": {
					"rotation": [
						"30 - (math.sin((q.anim_time - 0.5 + (math.sin((q.anim_time - 0.25) * 360 / 1 ) * 0.05)) * 360 / 1 ) * 3)",
						"(math.sin((q.anim_time - 0.5) * 360 / 2 ) * 3)",
						"(math.sin((q.anim_time - 0.6) * 360 / 2 ) * 2)"
					]
				},
				"tail3": {
					"rotation": [
						"25 - (math.sin((q.anim_time - 0.55 + (math.sin((q.anim_time - 0.3) * 360 / 1 ) * 0.05)) * 360 / 1 ) * 4)",
						"(math.sin((q.anim_time - 0.6) * 360 / 2 ) * 0)",
						"(math.sin((q.anim_time - 0.65) * 360 / 2 ) * 0)"
					]
				},
				"tail4": {
					"rotation": [
						"22.5 - (math.sin((q.anim_time - 0.675 + (math.sin((q.anim_time - 0.325) * 360 / 1 ) * 0.05)) * 360 / 1 ) * 5)",
						"(math.sin((q.anim_time - 0.65) * 360 / 2 ) * 9)",
						"(math.sin((q.anim_time - 0.675) * 360 / 2 ) * 5)"
					]
				},
				"leg_front_left": {
					"rotation": ["- 1 - (math.sin((q.anim_time - 0.3 + (math.sin((q.anim_time - 0.05) * 360 / 1 ) * 0.05)) * 360 / 1 ) * 1)  ", 0, 0],
					"position": [
						0,
						"- 0.01 - (math.sin((q.anim_time - 0.3 + (math.sin((q.anim_time - 0.05) * 360 / 1 ) * 0.05)) * 360 / 1 ) * 0.01) ",
						"0.06 + (math.sin((q.anim_time - 0.3 + (math.sin((q.anim_time - 0.05) * 360 / 1 ) * 0.05)) * 360 / 1 ) * 0.06) "
					]
				},
				"leg_front_left2": {
					"rotation": ["1 + (math.sin((q.anim_time - 0.3 + (math.sin((q.anim_time - 0.05) * 360 / 1 ) * 0.05)) * 360 / 1 ) * 1) ", 0, 0]
				},
				"leg_front_right": {
					"rotation": ["- 1 - (math.sin((q.anim_time - 0.3 + (math.sin((q.anim_time - 0.05) * 360 / 1 ) * 0.05)) * 360 / 1 ) * 1)  ", 0, 0],
					"position": [
						0,
						"- 0.01 - (math.sin((q.anim_time - 0.3 + (math.sin((q.anim_time - 0.05) * 360 / 1 ) * 0.05)) * 360 / 1 ) * 0.01) ",
						"0.06 + (math.sin((q.anim_time - 0.3 + (math.sin((q.anim_time - 0.05) * 360 / 1 ) * 0.05)) * 360 / 1 ) * 0.06) "
					]
				},
				"leg_front_right2": {
					"rotation": ["1 + (math.sin((q.anim_time - 0.3 + (math.sin((q.anim_time - 0.05) * 360 / 1 ) * 0.05)) * 360 / 1 ) * 1) ", 0, 0]
				},
				"torso": {
					"rotation": [
						"(math.sin((q.anim_time - 0.2 + (math.sin((q.anim_time - 0.2) * 360 / 1 ) * 0.05)) * 360 / 1 ) * 1)",
						0,
						"(math.sin((q.anim_time - 0) * 360 / 2 ) * 1)"
					],
					"position": [
						"(math.sin((q.anim_time - 0.2) * 360 / 2 ) * 0.1)",
						"0.1 - (math.sin((q.anim_time - 0.3 + (math.sin((q.anim_time - 0.05) * 360 / 1 ) * 0.05)) * 360 / 1 ) * 0.1)",
						0
					]
				},
				"head": {
					"rotation": ["(math.sin((q.anim_time - 0.3) * 360 / 1) * 2)", 0, 0]
				},
				"neck": {
					"rotation": ["(math.sin((q.anim_time - 0.2) * 360 / 1) * 1)", 0, 0]
				},
				"tail": {
					"rotation": [
						"10 - (math.sin((q.anim_time - 0.4 + (math.sin((q.anim_time - 0.15) * 360 / 1 ) * 0.05)) * 360 / 1 ) * 2)",
						"(math.sin((q.anim_time - 0.3) * 360 / 2 ) * 2)",
						"(math.sin((q.anim_time - 0.5) * 360 / 2 ) * 1)"
					],
					"position": [0, 0, -0.09375]
				},
				"goatee": {
					"rotation": ["math.sin(q.anim_time*90*4+30)*3", 0, 0],
					"position": [0, 0.25, 0]
				},
				"ear_left": {
					"rotation": [0, 0, "-math.sin(q.anim_time*90*4+30)*3"],
					"position": [0, -0.25, 0]
				},
				"ear_right": {
					"rotation": [0, 0, "math.sin(q.anim_time*90*4+30)*3"],
					"position": [0, -0.25, 0]
				}
			}
		},
		"animation.dollamb.battle_idle": {
			"loop": true,
			"bones": {
				"tail2": {
					"rotation": [
						"30 - (math.sin((q.anim_time - 0.5 + (math.sin((q.anim_time - 0.25) * 360 / 1 ) * 0.05)) * 360 / 1 ) * 3)",
						"(math.sin((q.anim_time - 0.5) * 360 / 2 ) * 3)",
						"(math.sin((q.anim_time - 0.6) * 360 / 2 ) * 2)"
					]
				},
				"tail3": {
					"rotation": [
						"25 - (math.sin((q.anim_time - 0.55 + (math.sin((q.anim_time - 0.3) * 360 / 1 ) * 0.05)) * 360 / 1 ) * 4)",
						"(math.sin((q.anim_time - 0.6) * 360 / 2 ) * 0)",
						"(math.sin((q.anim_time - 0.65) * 360 / 2 ) * 0)"
					]
				},
				"tail4": {
					"rotation": [
						"22.5 - (math.sin((q.anim_time - 0.675 + (math.sin((q.anim_time - 0.325) * 360 / 1 ) * 0.05)) * 360 / 1 ) * 5)",
						"(math.sin((q.anim_time - 0.65) * 360 / 2 ) * 9)",
						"(math.sin((q.anim_time - 0.675) * 360 / 2 ) * 5)"
					]
				},
				"leg_front_left": {
					"rotation": ["- 1 - (math.sin((q.anim_time - 0.3 + (math.sin((q.anim_time - 0.05) * 360 / 1 ) * 0.05)) * 360 / 1 ) * 1)  ", 0, 0],
					"position": [
						0,
						"- 0.01 - (math.sin((q.anim_time - 0.3 + (math.sin((q.anim_time - 0.05) * 360 / 1 ) * 0.05)) * 360 / 1 ) * 0.01) ",
						"0.06 + (math.sin((q.anim_time - 0.3 + (math.sin((q.anim_time - 0.05) * 360 / 1 ) * 0.05)) * 360 / 1 ) * 0.06) "
					]
				},
				"leg_front_left2": {
					"rotation": ["1 + (math.sin((q.anim_time - 0.3 + (math.sin((q.anim_time - 0.05) * 360 / 1 ) * 0.05)) * 360 / 1 ) * 1) ", 0, 0]
				},
				"leg_front_right": {
					"rotation": ["- 1 - (math.sin((q.anim_time - 0.3 + (math.sin((q.anim_time - 0.05) * 360 / 1 ) * 0.05)) * 360 / 1 ) * 1)  ", 0, 0],
					"position": [
						0,
						"- 0.01 - (math.sin((q.anim_time - 0.3 + (math.sin((q.anim_time - 0.05) * 360 / 1 ) * 0.05)) * 360 / 1 ) * 0.01) ",
						"0.06 + (math.sin((q.anim_time - 0.3 + (math.sin((q.anim_time - 0.05) * 360 / 1 ) * 0.05)) * 360 / 1 ) * 0.06) "
					]
				},
				"leg_front_right2": {
					"rotation": ["1 + (math.sin((q.anim_time - 0.3 + (math.sin((q.anim_time - 0.05) * 360 / 1 ) * 0.05)) * 360 / 1 ) * 1) ", 0, 0]
				},
				"torso": {
					"rotation": [
						"(math.sin((q.anim_time - 0.2 + (math.sin((q.anim_time - 0.2) * 360 / 1 ) * 0.05)) * 360 / 1 ) * 1)",
						0,
						"(math.sin((q.anim_time - 0) * 360 / 2 ) * 1)"
					],
					"position": [
						"(math.sin((q.anim_time - 0.2) * 360 / 2 ) * 0.1)",
						"0.1 - (math.sin((q.anim_time - 0.3 + (math.sin((q.anim_time - 0.05) * 360 / 1 ) * 0.05)) * 360 / 1 ) * 0.1)",
						0
					]
				},
				"head": {
					"rotation": ["15+(math.sin((q.anim_time - 0.3) * 360 / 1) * 2)", 0, 0],
					"position": [0, -1, 0]
				},
				"neck": {
					"rotation": ["-10+(math.sin((q.anim_time - 0.2) * 360 / 1) * 1)", 0, 0],
					"position": [0, 0, -1.5]
				},
				"tail": {
					"rotation": [
						"10 - (math.sin((q.anim_time - 0.4 + (math.sin((q.anim_time - 0.15) * 360 / 1 ) * 0.05)) * 360 / 1 ) * 2)",
						"(math.sin((q.anim_time - 0.3) * 360 / 2 ) * 2)",
						"(math.sin((q.anim_time - 0.5) * 360 / 2 ) * 1)"
					],
					"position": [0, 0, -0.09375]
				},
				"ear_left": {
					"rotation": [0, 0, "-math.sin(q.anim_time*90*4+30)*3"],
					"position": [0, -0.25, 0]
				},
				"ear_right": {
					"rotation": [0, 0, "math.sin(q.anim_time*90*4+30)*3"],
					"position": [0, -0.25, 0]
				},
				"eyes": {
					"rotation": [7.5, 0, 0],
					"scale": [1, 0.9, 1]
				},
				"jaw": {
					"rotation": [17.5, 0, 0],
					"position": [0, 5.25, 1.5]
				},
				"goatee": {
					"rotation": ["math.sin(q.anim_time*90*4+30)*3", 0, 0],
					"position": [0, 0.25, 0]
				}
			}
		},
		"animation.dollamb.blink": {
			"animation_length": 0.16667,
			"bones": {
				"eyes": {
					"scale": {
						"0.0": [1, 1, 1],
						"0.0833": [1, 0, 1],
						"0.1667": [1, 1, 1]
					}
				}
			}
		},
		"animation.dollamb.ground_walk": {
			"loop": true,
			"animation_length": 3,
			"bones": {
				"leg_front_left2": {
					"rotation": {
						"0.0": {
							"post": [0, 0, 0],
							"lerp_mode": "catmullrom"
						},
						"0.25": {
							"post": [15, 0, 0],
							"lerp_mode": "catmullrom"
						},
						"0.5": {
							"post": [0, 0, 0],
							"lerp_mode": "catmullrom"
						},
						"0.75": {
							"post": [0, 0, 0],
							"lerp_mode": "catmullrom"
						},
						"1.0": {
							"post": [15, 0, 0],
							"lerp_mode": "catmullrom"
						},
						"1.25": {
							"post": [0, 0, 0],
							"lerp_mode": "catmullrom"
						},
						"1.5": {
							"post": [0, 0, 0],
							"lerp_mode": "catmullrom"
						},
						"1.75": {
							"post": [15, 0, 0],
							"lerp_mode": "catmullrom"
						},
						"2.0": {
							"post": [0, 0, 0],
							"lerp_mode": "catmullrom"
						},
						"2.25": {
							"post": [0, 0, 0],
							"lerp_mode": "catmullrom"
						},
						"2.5": {
							"post": [15, 0, 0],
							"lerp_mode": "catmullrom"
						},
						"2.75": {
							"post": [0, 0, 0],
							"lerp_mode": "catmullrom"
						}
					}
				},
				"leg_front_left3": {
					"rotation": {
						"0.0": {
							"post": [0, 0, 0],
							"lerp_mode": "catmullrom"
						},
						"0.25": {
							"post": [45, 0, 0],
							"lerp_mode": "catmullrom"
						},
						"0.5": {
							"post": [0, 0, 0],
							"lerp_mode": "catmullrom"
						},
						"0.75": {
							"post": [0, 0, 0],
							"lerp_mode": "catmullrom"
						},
						"1.0": {
							"post": [45, 0, 0],
							"lerp_mode": "catmullrom"
						},
						"1.25": {
							"post": [0, 0, 0],
							"lerp_mode": "catmullrom"
						},
						"1.5": {
							"post": [0, 0, 0],
							"lerp_mode": "catmullrom"
						},
						"1.75": {
							"post": [45, 0, 0],
							"lerp_mode": "catmullrom"
						},
						"2.0": {
							"post": [0, 0, 0],
							"lerp_mode": "catmullrom"
						},
						"2.25": {
							"post": [0, 0, 0],
							"lerp_mode": "catmullrom"
						},
						"2.5": {
							"post": [45, 0, 0],
							"lerp_mode": "catmullrom"
						},
						"2.75": {
							"post": [0, 0, 0],
							"lerp_mode": "catmullrom"
						}
					}
				},
				"leg_back_left2": {
					"rotation": {
						"0.0": {
							"post": [0, 0, 0],
							"lerp_mode": "catmullrom"
						},
						"0.25": {
							"post": [15, 0, 0],
							"lerp_mode": "catmullrom"
						},
						"0.5": {
							"post": [0, 0, 0],
							"lerp_mode": "catmullrom"
						},
						"0.75": {
							"post": [0, 0, 0],
							"lerp_mode": "catmullrom"
						},
						"1.0": {
							"post": [15, 0, 0],
							"lerp_mode": "catmullrom"
						},
						"1.25": {
							"post": [0, 0, 0],
							"lerp_mode": "catmullrom"
						},
						"1.5": {
							"post": [0, 0, 0],
							"lerp_mode": "catmullrom"
						},
						"1.75": {
							"post": [15, 0, 0],
							"lerp_mode": "catmullrom"
						},
						"2.0": {
							"post": [0, 0, 0],
							"lerp_mode": "catmullrom"
						},
						"2.25": {
							"post": [0, 0, 0],
							"lerp_mode": "catmullrom"
						},
						"2.5": {
							"post": [15, 0, 0],
							"lerp_mode": "catmullrom"
						},
						"2.75": {
							"post": [0, 0, 0],
							"lerp_mode": "catmullrom"
						}
					}
				},
				"leg_back_left3": {
					"rotation": {
						"0.0": {
							"post": [0, 0, 0],
							"lerp_mode": "catmullrom"
						},
						"0.25": {
							"post": [45, 0, 0],
							"lerp_mode": "catmullrom"
						},
						"0.5": {
							"post": [0, 0, 0],
							"lerp_mode": "catmullrom"
						},
						"0.75": {
							"post": [0, 0, 0],
							"lerp_mode": "catmullrom"
						},
						"1.0": {
							"post": [45, 0, 0],
							"lerp_mode": "catmullrom"
						},
						"1.25": {
							"post": [0, 0, 0],
							"lerp_mode": "catmullrom"
						},
						"1.5": {
							"post": [0, 0, 0],
							"lerp_mode": "catmullrom"
						},
						"1.75": {
							"post": [45, 0, 0],
							"lerp_mode": "catmullrom"
						},
						"2.0": {
							"post": [0, 0, 0],
							"lerp_mode": "catmullrom"
						},
						"2.25": {
							"post": [0, 0, 0],
							"lerp_mode": "catmullrom"
						},
						"2.5": {
							"post": [45, 0, 0],
							"lerp_mode": "catmullrom"
						},
						"2.75": {
							"post": [0, 0, 0],
							"lerp_mode": "catmullrom"
						}
					}
				},
				"leg_front_right2": {
					"rotation": {
						"0.0": {
							"post": [0, 0, 0],
							"lerp_mode": "catmullrom"
						},
						"0.25": {
							"post": [15, 0, 0],
							"lerp_mode": "catmullrom"
						},
						"0.5": {
							"post": [0, 0, 0],
							"lerp_mode": "catmullrom"
						},
						"0.75": {
							"post": [0, 0, 0],
							"lerp_mode": "catmullrom"
						},
						"1.0": {
							"post": [15, 0, 0],
							"lerp_mode": "catmullrom"
						},
						"1.25": {
							"post": [0, 0, 0],
							"lerp_mode": "catmullrom"
						},
						"1.5": {
							"post": [0, 0, 0],
							"lerp_mode": "catmullrom"
						},
						"1.75": {
							"post": [15, 0, 0],
							"lerp_mode": "catmullrom"
						},
						"2.0": {
							"post": [0, 0, 0],
							"lerp_mode": "catmullrom"
						},
						"2.25": {
							"post": [0, 0, 0],
							"lerp_mode": "catmullrom"
						},
						"2.5": {
							"post": [15, 0, 0],
							"lerp_mode": "catmullrom"
						},
						"2.75": {
							"post": [0, 0, 0],
							"lerp_mode": "catmullrom"
						}
					}
				},
				"leg_front_right3": {
					"rotation": {
						"0.0": {
							"post": [0, 0, 0],
							"lerp_mode": "catmullrom"
						},
						"0.25": {
							"post": [45, 0, 0],
							"lerp_mode": "catmullrom"
						},
						"0.5": {
							"post": [0, 0, 0],
							"lerp_mode": "catmullrom"
						},
						"0.75": {
							"post": [0, 0, 0],
							"lerp_mode": "catmullrom"
						},
						"1.0": {
							"post": [45, 0, 0],
							"lerp_mode": "catmullrom"
						},
						"1.25": {
							"post": [0, 0, 0],
							"lerp_mode": "catmullrom"
						},
						"1.5": {
							"post": [0, 0, 0],
							"lerp_mode": "catmullrom"
						},
						"1.75": {
							"post": [45, 0, 0],
							"lerp_mode": "catmullrom"
						},
						"2.0": {
							"post": [0, 0, 0],
							"lerp_mode": "catmullrom"
						},
						"2.25": {
							"post": [0, 0, 0],
							"lerp_mode": "catmullrom"
						},
						"2.5": {
							"post": [45, 0, 0],
							"lerp_mode": "catmullrom"
						},
						"2.75": {
							"post": [0, 0, 0],
							"lerp_mode": "catmullrom"
						}
					}
				},
				"leg_back_right2": {
					"rotation": {
						"0.0": {
							"post": [0, 0, 0],
							"lerp_mode": "catmullrom"
						},
						"0.25": {
							"post": [15, 0, 0],
							"lerp_mode": "catmullrom"
						},
						"0.5": {
							"post": [0, 0, 0],
							"lerp_mode": "catmullrom"
						},
						"0.75": {
							"post": [0, 0, 0],
							"lerp_mode": "catmullrom"
						},
						"1.0": {
							"post": [15, 0, 0],
							"lerp_mode": "catmullrom"
						},
						"1.25": {
							"post": [0, 0, 0],
							"lerp_mode": "catmullrom"
						},
						"1.5": {
							"post": [0, 0, 0],
							"lerp_mode": "catmullrom"
						},
						"1.75": {
							"post": [15, 0, 0],
							"lerp_mode": "catmullrom"
						},
						"2.0": {
							"post": [0, 0, 0],
							"lerp_mode": "catmullrom"
						},
						"2.25": {
							"post": [0, 0, 0],
							"lerp_mode": "catmullrom"
						},
						"2.5": {
							"post": [15, 0, 0],
							"lerp_mode": "catmullrom"
						},
						"2.75": {
							"post": [0, 0, 0],
							"lerp_mode": "catmullrom"
						}
					}
				},
				"leg_back_right3": {
					"rotation": {
						"0.0": {
							"post": [0, 0, 0],
							"lerp_mode": "catmullrom"
						},
						"0.25": {
							"post": [45, 0, 0],
							"lerp_mode": "catmullrom"
						},
						"0.5": {
							"post": [0, 0, 0],
							"lerp_mode": "catmullrom"
						},
						"0.75": {
							"post": [0, 0, 0],
							"lerp_mode": "catmullrom"
						},
						"1.0": {
							"post": [45, 0, 0],
							"lerp_mode": "catmullrom"
						},
						"1.25": {
							"post": [0, 0, 0],
							"lerp_mode": "catmullrom"
						},
						"1.5": {
							"post": [0, 0, 0],
							"lerp_mode": "catmullrom"
						},
						"1.75": {
							"post": [45, 0, 0],
							"lerp_mode": "catmullrom"
						},
						"2.0": {
							"post": [0, 0, 0],
							"lerp_mode": "catmullrom"
						},
						"2.25": {
							"post": [0, 0, 0],
							"lerp_mode": "catmullrom"
						},
						"2.5": {
							"post": [45, 0, 0],
							"lerp_mode": "catmullrom"
						},
						"2.75": {
							"post": [0, 0, 0],
							"lerp_mode": "catmullrom"
						}
					}
				},
				"body": {
					"position": {
						"0.0": {
							"post": [0, 0, 0],
							"lerp_mode": "catmullrom"
						},
						"0.125": {
							"post": [0, 0, 0],
							"lerp_mode": "catmullrom"
						},
						"0.25": {
							"post": [0, 2, 0],
							"lerp_mode": "catmullrom"
						},
						"0.5": {
							"post": [0, 0, 0],
							"lerp_mode": "catmullrom"
						},
						"0.75": {
							"post": [0, 0, 0],
							"lerp_mode": "catmullrom"
						},
						"0.875": {
							"post": [0, 0, 0],
							"lerp_mode": "catmullrom"
						},
						"1.0": {
							"post": [0, 2, 0],
							"lerp_mode": "catmullrom"
						},
						"1.25": {
							"post": [0, 0, 0],
							"lerp_mode": "catmullrom"
						},
						"1.5": {
							"post": [0, 0, 0],
							"lerp_mode": "catmullrom"
						},
						"1.625": {
							"post": [0, 0, 0],
							"lerp_mode": "catmullrom"
						},
						"1.75": {
							"post": [0, 2, 0],
							"lerp_mode": "catmullrom"
						},
						"2.0": {
							"post": [0, 0, 0],
							"lerp_mode": "catmullrom"
						},
						"2.25": {
							"post": [0, 0, 0],
							"lerp_mode": "catmullrom"
						},
						"2.375": {
							"post": [0, 0, 0],
							"lerp_mode": "catmullrom"
						},
						"2.5": {
							"post": [0, 2, 0],
							"lerp_mode": "catmullrom"
						},
						"2.75": {
							"post": [0, 0, 0],
							"lerp_mode": "catmullrom"
						},
						"3.0": {
							"post": [0, 0, 0],
							"lerp_mode": "catmullrom"
						}
					}
				},
				"torso": {
					"position": {
						"0.0": {
							"post": [0, 0, 0],
							"lerp_mode": "catmullrom"
						},
						"0.125": {
							"post": [0, -1, 0],
							"lerp_mode": "catmullrom"
						},
						"0.5": {
							"post": [0, -1, 0],
							"lerp_mode": "catmullrom"
						},
						"0.75": {
							"post": [0, 0, 0],
							"lerp_mode": "catmullrom"
						},
						"0.875": {
							"post": [0, -1, 0],
							"lerp_mode": "catmullrom"
						},
						"1.25": {
							"post": [0, -1, 0],
							"lerp_mode": "catmullrom"
						},
						"1.5": {
							"post": [0, 0, 0],
							"lerp_mode": "catmullrom"
						},
						"1.625": {
							"post": [0, -1, 0],
							"lerp_mode": "catmullrom"
						},
						"2.0": {
							"post": [0, -1, 0],
							"lerp_mode": "catmullrom"
						},
						"2.25": {
							"post": [0, 0, 0],
							"lerp_mode": "catmullrom"
						},
						"2.375": {
							"post": [0, -1, 0],
							"lerp_mode": "catmullrom"
						},
						"2.75": {
							"post": [0, -1, 0],
							"lerp_mode": "catmullrom"
						},
						"3.0": {
							"post": [0, 0, 0],
							"lerp_mode": "catmullrom"
						}
					}
				},
				"head": {
					"rotation": [
						"-3.0313-(math.sin((q.anim_time - 1.55) * 360 / (3/4)) * 2)",
						"(math.sin((q.anim_time - 0.15) * 360 / (3/2)) * 0.5)",
						"(math.sin((q.anim_time - 0.1) * 360 / (3/2)) * 0.5)"
					]
				},
				"neck": {
					"rotation": ["-(math.sin((q.anim_time - 1.45) * 360 / (3/4)) * 1)", 0, 0]
				},
				"tail": {
					"rotation": [
						"12.5-(math.sin((q.anim_time - 1.55) * 360 / (3/4)) * 3)",
						"(math.sin((q.anim_time - 0.15) * 360 / (3/2)) * 3.35)",
						"(math.sin((q.anim_time - 0.3) * 360 / (3/2)) * 4)"
					],
					"position": [0, 0.21875, 0.65625]
				},
				"goatee": {
					"rotation": [47.5, 0, 0]
				}
			}
		},
		"animation.dollamb.sleep": {
			"loop": true,
			"bones": {
				"wool": {
					"rotation": ["(math.sin((q.anim_time - 0.2 - (math.sin((q.anim_time - 0.2) * 360 / 4  ) * 0.3)) * 360 / 4  ) * 1)", 0, 0],
					"position": [0, "1.7188 + (math.sin((q.anim_time - 0.2 - (math.sin((q.anim_time - 0.2) * 360 / 4  ) * 0.1)) * 360 / 4  ) * 0.1) + 0.1", 0]
				},
				"eyelid_left": {
					"position": [0.1, 0, 0]
				},
				"eyelid_right": {
					"position": [-0.1, 0, 0]
				},
				"tail2": {
					"rotation": [22.57734, "4.6185 - (math.sin((q.anim_time - 0.5) * 360 / 4 ) * 10) - 4", 1.9]
				},
				"tail3": {
					"rotation": [40, 0, 0]
				},
				"tail4": {
					"rotation": [35.29211, "1.2108 - (math.sin((q.anim_time - 1.2) * 360 / 4 ) * 10) - 10", 6.96258],
					"position": [0, 0, 0.09375]
				},
				"tail_end": {
					"rotation": [
						"18.8961 - (math.sin((q.anim_time - 0.6) * 360 / 4 ) * 2) - 2",
						"- 10 - (math.sin((q.anim_time - 1) * 360 / 4 ) * 7)",
						"5.4682 - (math.sin((q.anim_time - 0.6) * 360 / 4 ) * 10)"
					]
				},
				"leg_front_left": {
					"rotation": [-4.62111, -1.91134, -22.42287],
					"position": [0, -4.9375, -0.09375]
				},
				"leg_front_left2": {
					"rotation": [87.5, 0, 0]
				},
				"leg_front_left3": {
					"rotation": [7.5, 0, 0]
				},
				"leg_back_left": {
					"rotation": [9.73521, -7.28179, -16.46649],
					"position": [0, -4.28125, 0.96875]
				},
				"leg_back_left2": {
					"rotation": [-85, 0, 0],
					"position": [0, 0.25, 0]
				},
				"leg_back_left3": {
					"rotation": [72.5, 0, 0]
				},
				"leg_front_right": {
					"rotation": [-4.62111, 1.91134, 22.42287],
					"position": [0, -4.9375, -0.09375]
				},
				"leg_front_right2": {
					"rotation": [87.5, 0, 0]
				},
				"leg_front_right3": {
					"rotation": [7.5, 0, 0]
				},
				"leg_back_right": {
					"rotation": [9.73521, 7.28179, 16.46649],
					"position": [0, -4.28125, 0.96875]
				},
				"leg_back_right2": {
					"rotation": [-85, 0, 0],
					"position": [0, 0.25, 0]
				},
				"leg_back_right3": {
					"rotation": [72.5, 0, 0]
				},
				"torso": {
					"rotation": ["-(math.sin((q.anim_time - 0.2 - (math.sin((q.anim_time - 0.2) * 360 / 4  ) * 0.3)) * 360 / 4  ) * 1)", 0, 0],
					"position": [0, "-4.7813 + (math.sin((q.anim_time - 0 - (math.sin((q.anim_time - 0) * 360 / 4  ) * 0.3)) * 360 / 4  ) * 0.1) + 0.1", 0]
				},
				"head": {
					"rotation": ["-15 + (math.sin((q.anim_time - 0.2 - (math.sin((q.anim_time - 0.2) * 360 / 4  ) * 0.1)) * 360 / 4  ) * 2) - 2", 0, 0],
					"position": [0, 1.5, 1]
				},
				"neck": {
					"rotation": ["15 + (math.sin((q.anim_time - 0.1 - (math.sin((q.anim_time - 0.1) * 360 / 4  ) * 0.1)) * 360 / 4  ) * 1) + 1", 0, 0],
					"position": [0, 0.96875, 1.75]
				},
				"tail": {
					"rotation": [84.0173, "29.3932 + (math.sin((q.anim_time - 0) * 360 / 4 ) * 5) + 5", "106.9574 - (math.sin((q.anim_time - 0) * 360 / 4 ) * 10) - 10"],
					"position": [0, 0, 0.34375]
				},
				"eyes": {
					"position": [0, 0, 0],
					"scale": [0.6, 0, 1]
				},
				"goatee": {
					"rotation": [87.5, 0, 0]
				}
			}
		},
		"animation.dollamb.faint": {
			"animation_length": 15.29167,
			"bones": {
				"torso": {
					"rotation": {
						"0.0": [
							"(math.sin((q.anim_time - 0.2 + (math.sin((q.anim_time - 0.2) * 360 / 1 ) * 0.05)) * 360 / 1 ) * 1)",
							0,
							"(math.sin((q.anim_time - 0) * 360 / 2 ) * 1)"
						],
						"1.0": ["-(math.sin((q.anim_time - 0.2 - (math.sin((q.anim_time - 0.2) * 360 / 4  ) * 0.3)) * 360 / 4  ) * 1)", 0, 0]
					},
					"position": {
						"0.0": [
							"(math.sin((q.anim_time - 0.2) * 360 / 2 ) * 0.1)",
							"0.1 - (math.sin((q.anim_time - 0.3 + (math.sin((q.anim_time - 0.05) * 360 / 1 ) * 0.05)) * 360 / 1 ) * 0.1)",
							0
						],
						"1.0": [0, "-4.7813 + (math.sin((q.anim_time - 0 - (math.sin((q.anim_time - 0) * 360 / 4  ) * 0.3)) * 360 / 4  ) * 0.1) + 0.1", 0]
					}
				},
				"neck": {
					"rotation": {
						"0.0": ["(math.sin((q.anim_time - 0.2) * 360 / 1) * 1)", 0, 0],
						"0.25": [-24.25, 0, 0],
						"1.0": ["15 + (math.sin((q.anim_time - 0.1 - (math.sin((q.anim_time - 0.1) * 360 / 4  ) * 0.1)) * 360 / 4  ) * 1) + 1", 0, 0]
					},
					"position": {
						"0.0": [0, 0.97, -0.25],
						"0.25": [0, -0.28, -4],
						"1.0": [0, 0.96875, 1.75]
					}
				},
				"head": {
					"rotation": {
						"0.0": ["(math.sin((q.anim_time - 0.3) * 360 / 1) * 2)", 0, 0],
						"1.0": ["-15 + (math.sin((q.anim_time - 0.2 - (math.sin((q.anim_time - 0.2) * 360 / 4  ) * 0.1)) * 360 / 4  ) * 2) - 2", 0, 0]
					},
					"position": {
						"0.0": [0, -0.5, 0],
						"1.0": [0, 1.5, 1]
					}
				},
				"eyes": {
					"scale": {
						"0.0": [1, 1, 1],
						"0.25": [1, 1, 1],
						"1.0": [0.6, 0, 1]
					}
				},
				"jaw": {
					"rotation": {
						"0.0": [0, 0, 0],
						"0.25": [37.5, 0, 0],
						"1.0": [0, 0, 0]
					},
					"position": {
						"0.0": [0, 0, 0],
						"0.0417": [0, 1.88, 0.67],
						"0.0833": [0, 3.75, 1.24],
						"0.125": [0, 5.63, 1.68],
						"0.25": [0, 11.25, 1],
						"0.5833": [0, 6.25, 1.56],
						"0.75": [0, 3.75, 1.44],
						"1.0": [0, 0, 0]
					}
				},
				"goatee": {
					"rotation": {
						"0.0": ["math.sin(q.anim_time*90*4+30)*3", 0, 0],
						"1.0": [87.5, 0, 0]
					},
					"position": [0, 0.25, 0]
				},
				"tail": {
					"rotation": {
						"0.0": [
							"10 - (math.sin((q.anim_time - 0.4 + (math.sin((q.anim_time - 0.15) * 360 / 1 ) * 0.05)) * 360 / 1 ) * 2)",
							"(math.sin((q.anim_time - 0.3) * 360 / 2 ) * 2)",
							"(math.sin((q.anim_time - 0.5) * 360 / 2 ) * 1)"
						],
						"1.0": [84.0173, "29.3932 + (math.sin((q.anim_time - 0) * 360 / 4 ) * 5) + 5", "106.9574 - (math.sin((q.anim_time - 0) * 360 / 4 ) * 10) - 10"]
					},
					"position": {
						"0.0": [0, 0, -0.09375],
						"1.0": [0, 0, 0.34375]
					}
				},
				"leg_front_left": {
					"rotation": {
						"0.0": ["- 1 - (math.sin((q.anim_time - 0.3 + (math.sin((q.anim_time - 0.05) * 360 / 1 ) * 0.05)) * 360 / 1 ) * 1)  ", 0, 0],
						"1.0": [-4.62111, -1.91134, -22.42287]
					},
					"position": {
						"0.0": [
							0,
							"- 0.01 - (math.sin((q.anim_time - 0.3 + (math.sin((q.anim_time - 0.05) * 360 / 1 ) * 0.05)) * 360 / 1 ) * 0.01) ",
							"0.06 + (math.sin((q.anim_time - 0.3 + (math.sin((q.anim_time - 0.05) * 360 / 1 ) * 0.05)) * 360 / 1 ) * 0.06) "
						],
						"1.0": [0, -4.9375, -0.09375]
					}
				},
				"leg_front_left2": {
					"rotation": {
						"0.0": ["1 + (math.sin((q.anim_time - 0.3 + (math.sin((q.anim_time - 0.05) * 360 / 1 ) * 0.05)) * 360 / 1 ) * 1) ", 0, 0],
						"1.0": [87.5, 0, 0]
					}
				},
				"leg_front_left3": {
					"rotation": [7.5, 0, 0]
				},
				"leg_back_left": {
					"rotation": [9.73521, -7.28179, -16.46649],
					"position": [0, -4.28125, 0.96875]
				},
				"leg_back_left2": {
					"rotation": {
						"0.0": [-6.85641, 8.31536, 16.47757],
						"1.0": [-85, 0, 0]
					},
					"position": {
						"0.0": [0, 4.5, 0],
						"1.0": [0, 0.25, 0]
					}
				},
				"leg_back_left3": {
					"rotation": {
						"0.0": [0, 0, 0],
						"1.0": [72.5, 0, 0]
					},
					"position": [0, 0, 0]
				},
				"leg_front_right": {
					"rotation": {
						"0.0": ["- 1 - (math.sin((q.anim_time - 0.3 + (math.sin((q.anim_time - 0.05) * 360 / 1 ) * 0.05)) * 360 / 1 ) * 1)  ", 0, 0],
						"1.0": [-4.62111, 1.91134, 22.42287]
					},
					"position": {
						"0.0": [
							0,
							"- 0.01 - (math.sin((q.anim_time - 0.3 + (math.sin((q.anim_time - 0.05) * 360 / 1 ) * 0.05)) * 360 / 1 ) * 0.01) ",
							"0.06 + (math.sin((q.anim_time - 0.3 + (math.sin((q.anim_time - 0.05) * 360 / 1 ) * 0.05)) * 360 / 1 ) * 0.06) "
						],
						"1.0": [0, -4.9375, -0.09375]
					}
				},
				"leg_front_right2": {
					"rotation": {
						"0.0": ["1 + (math.sin((q.anim_time - 0.3 + (math.sin((q.anim_time - 0.05) * 360 / 1 ) * 0.05)) * 360 / 1 ) * 1) ", 0, 0],
						"1.0": [87.5, 0, 0]
					}
				},
				"leg_front_right3": {
					"rotation": {
						"0.0": [0, 0, 0],
						"1.0": [7.5, 0, 0]
					},
					"position": [0, 0, 0]
				},
				"leg_back_right": {
					"rotation": {
						"0.0": [0, 0, 0],
						"1.0": [9.73521, 7.28179, 16.46649]
					},
					"position": {
						"0.0": [0, 0, 0],
						"1.0": [0, -4.28125, 0.96875]
					}
				},
				"leg_back_right2": {
					"rotation": {
						"0.0": [0, 0, 0],
						"1.0": [-85, 0, 0]
					},
					"position": {
						"0.0": [0, 0, 0],
						"1.0": [0, 0.25, 0]
					}
				},
				"leg_back_right3": {
					"rotation": {
						"0.0": [0, 0, 0],
						"1.0": [72.5, 0, 0]
					},
					"position": [0, 0, 0]
				}
			}
		},
		"animation.dollamb.cry": {
			"animation_length": 1.0833,
			"bones": {
				"neck": {
					"rotation": {
						"0.0": {
							"post": [0, 0, 0],
							"lerp_mode": "catmullrom"
						},
						"0.0833": {
							"post": [5, 0, 0],
							"lerp_mode": "catmullrom"
						},
						"0.1667": {
							"post": [-2.5, 0, 0],
							"lerp_mode": "catmullrom"
						},
						"1.0833": {
							"post": [0, 0, 0],
							"lerp_mode": "catmullrom"
						}
					}
				},
				"head": {
					"rotation": {
						"0.0": {
							"post": [0, 0, 0],
							"lerp_mode": "catmullrom"
						},
						"0.0833": {
							"post": [2.5, 0, 0],
							"lerp_mode": "catmullrom"
						},
						"0.1667": {
							"post": [-5, 0, 0],
							"lerp_mode": "catmullrom"
						},
						"1.0833": {
							"post": [0, 0, 0],
							"lerp_mode": "catmullrom"
						}
					}
				},
				"jaw": {
					"rotation": {
						"0.0": {
							"post": [0, 0, 0],
							"lerp_mode": "catmullrom"
						},
						"0.1667": {
							"post": [37.5, 0, 0],
							"lerp_mode": "catmullrom"
						},
						"0.2083": {
							"post": [40, 0, 0],
							"lerp_mode": "catmullrom"
						},
						"0.25": {
							"post": [37.5, 0, 0],
							"lerp_mode": "catmullrom"
						},
						"0.2917": {
							"post": [40, 0, 0],
							"lerp_mode": "catmullrom"
						},
						"0.3333": {
							"post": [37.5, 0, 0],
							"lerp_mode": "catmullrom"
						},
						"0.375": {
							"post": [40, 0, 0],
							"lerp_mode": "catmullrom"
						},
						"0.4167": {
							"post": [37.5, 0, 0],
							"lerp_mode": "catmullrom"
						},
						"0.4583": {
							"post": [40, 0, 0],
							"lerp_mode": "catmullrom"
						},
						"0.5": {
							"post": [37.5, 0, 0],
							"lerp_mode": "catmullrom"
						},
						"0.5417": {
							"post": [40, 0, 0],
							"lerp_mode": "catmullrom"
						},
						"0.5833": {
							"post": [37.5, 0, 0],
							"lerp_mode": "catmullrom"
						},
						"0.625": {
							"post": [40, 0, 0],
							"lerp_mode": "catmullrom"
						},
						"0.6667": {
							"post": [37.5, 0, 0],
							"lerp_mode": "catmullrom"
						},
						"0.7083": {
							"post": [40, 0, 0],
							"lerp_mode": "catmullrom"
						},
						"0.75": {
							"post": [37.5, 0, 0],
							"lerp_mode": "catmullrom"
						},
						"0.7917": {
							"post": [40, 0, 0],
							"lerp_mode": "catmullrom"
						},
						"0.8333": {
							"post": [40, 0, 0],
							"lerp_mode": "catmullrom"
						},
						"0.875": {
							"post": [37.5, 0, 0],
							"lerp_mode": "catmullrom"
						},
						"0.9167": {
							"post": [40, 0, 0],
							"lerp_mode": "catmullrom"
						},
						"1.0833": {
							"post": [0, 0, 0],
							"lerp_mode": "catmullrom"
						}
					},
					"position": {
						"0.0": {
							"post": [0, 0, 0],
							"lerp_mode": "catmullrom"
						},
						"0.0417": {
							"post": [0, 2.81, 1],
							"lerp_mode": "catmullrom"
						},
						"0.0833": {
							"post": [0, 5.62, 1.75],
							"lerp_mode": "catmullrom"
						},
						"0.1667": {
							"post": [0, 11.25, 1],
							"lerp_mode": "catmullrom"
						},
						"0.2083": {
							"post": [0, 12.25, 1],
							"lerp_mode": "catmullrom"
						},
						"0.25": {
							"post": [0, 11.25, 1],
							"lerp_mode": "catmullrom"
						},
						"0.2917": {
							"post": [0, 12.25, 1],
							"lerp_mode": "catmullrom"
						},
						"0.3333": {
							"post": [0, 11.25, 1],
							"lerp_mode": "catmullrom"
						},
						"0.375": {
							"post": [0, 12.25, 1],
							"lerp_mode": "catmullrom"
						},
						"0.4167": {
							"post": [0, 11.25, 1],
							"lerp_mode": "catmullrom"
						},
						"0.4583": {
							"post": [0, 12.25, 1],
							"lerp_mode": "catmullrom"
						},
						"0.5": {
							"post": [0, 11.25, 1],
							"lerp_mode": "catmullrom"
						},
						"0.5417": {
							"post": [0, 12.25, 1],
							"lerp_mode": "catmullrom"
						},
						"0.5833": {
							"post": [0, 11.25, 1],
							"lerp_mode": "catmullrom"
						},
						"0.625": {
							"post": [0, 12.25, 1],
							"lerp_mode": "catmullrom"
						},
						"0.6667": {
							"post": [0, 11.25, 1],
							"lerp_mode": "catmullrom"
						},
						"0.7083": {
							"post": [0, 12.25, 1],
							"lerp_mode": "catmullrom"
						},
						"0.75": {
							"post": [0, 11.25, 1],
							"lerp_mode": "catmullrom"
						},
						"0.7917": {
							"post": [0, 12.25, 1],
							"lerp_mode": "catmullrom"
						},
						"0.8333": {
							"post": [0, 12.25, 1],
							"lerp_mode": "catmullrom"
						},
						"0.875": {
							"post": [0, 11.25, 1],
							"lerp_mode": "catmullrom"
						},
						"0.9167": {
							"post": [0, 12.25, 1],
							"lerp_mode": "catmullrom"
						},
						"1.0": {
							"post": [0, 6.12, 1.54],
							"lerp_mode": "catmullrom"
						},
						"1.0417": {
							"post": [0, 2.51, 0.95],
							"lerp_mode": "catmullrom"
						},
						"1.0833": {
							"post": [0, 0, 0],
							"lerp_mode": "catmullrom"
						}
					}
				}
			},
			"sound_effects": {
				"0.0": {
					"effect": "pokemon.dollamb.cry"
				}
			}
		}
	}
}