{
	"format_version": "1.12.0",
	"minecraft:geometry": [
		{
			"description": {
				"identifier": "geometry.calciopi",
				"texture_width": 256,
				"texture_height": 256,
				"visible_bounds_width": 6,
				"visible_bounds_height": 4.5,
				"visible_bounds_offset": [0, 1.75, 0]
			},
			"bones": [
				{
					"name": "hollorn2",
					"pivot": [0, 0, 0]
				},
				{
					"name": "body",
					"parent": "hollorn2",
					"pivot": [0, 20, 0]
				},
				{
					"name": "upper_body",
					"parent": "body",
					"pivot": [0, 14.5, 7]
				},
				{
					"name": "torso",
					"parent": "upper_body",
					"pivot": [0, 14.5, 7],
					"rotation": [5, 0, 0],
					"cubes": [
						{"origin": [-6.5, 12, -3], "size": [13, 17, 18], "uv": [0, 0]},
						{"origin": [-5.5, 14, -11], "size": [11, 15, 8], "uv": [42, 35]},
						{"origin": [-3.25, 33, 9], "size": [3, 13, 3], "pivot": [-0.25, 33, 6], "rotation": [0, 0, -22.5], "uv": [104, 88]},
						{"origin": [-2.75, 34.75, 4], "size": [3, 18, 3], "pivot": [0.25, 32.75, 6], "rotation": [0, 0, -22.5], "uv": [92, 88]},
						{"origin": [-3.25, 35, -1], "size": [3, 14, 3], "pivot": [-0.25, 33, 6], "rotation": [0, 0, -22.5], "uv": [20, 100]},
						{"origin": [-3, 34.25, -6], "size": [3, 9, 3], "pivot": [0, 32.25, 6], "rotation": [0, 0, -22.5], "uv": [112, 108]},
						{"origin": [0.25, 33, 9], "size": [3, 13, 3], "pivot": [0.25, 33, 6], "rotation": [0, 0, 22.5], "uv": [32, 105]},
						{"origin": [-0.25, 34.75, 4], "size": [3, 18, 3], "pivot": [-0.25, 32.75, 6], "rotation": [0, 0, 22.5], "uv": [92, 88], "mirror": true},
						{"origin": [0.25, 35, -1], "size": [3, 14, 3], "pivot": [0.25, 33, 6], "rotation": [0, 0, 22.5], "uv": [20, 100], "mirror": true},
						{"origin": [0, 34.25, -6], "size": [3, 9, 3], "pivot": [0, 32.25, 6], "rotation": [0, 0, 22.5], "uv": [116, 41]},
						{"origin": [-4, 28, 9], "size": [3, 7, 3], "pivot": [-2.5, 29, 5.5], "rotation": [0, 0, -45], "uv": [112, 120]},
						{"origin": [-4, 30, -1], "size": [3, 7, 3], "pivot": [-2.5, 29, 5.5], "rotation": [0, 0, -45], "uv": [112, 120]},
						{"origin": [-4, 30, 4], "size": [3, 10, 3], "pivot": [-2.5, 29, 5.5], "rotation": [0, 0, -45], "uv": [92, 109]},
						{"origin": [1, 30, 4], "size": [3, 10, 3], "pivot": [2.5, 29, 5.5], "rotation": [0, 0, 45], "uv": [0, 112]},
						{"origin": [1, 28, 9], "size": [3, 7, 3], "pivot": [2.5, 29, 5.5], "rotation": [0, 0, 45], "uv": [122, 76]},
						{"origin": [1, 30, -1], "size": [3, 7, 3], "pivot": [2.5, 29, 5.5], "rotation": [0, 0, 45], "uv": [122, 76]},
						{"origin": [-3.5, 24, 2], "size": [7, 9, 11], "pivot": [-0.5, 29, 20], "rotation": [-7.49236, -0.26657, 0.22702], "uv": [0, 59]},
						{"origin": [-4.5, 24, -9], "size": [9, 12, 12], "pivot": [-0.5, 29, -9], "rotation": [-2.5, 0, 0], "uv": [0, 35]}
					],
					"locators": {
						"quirk1_right": [-5.75, 42.25, -4.5],
						"quirk2_right": [-7.75, 47.5, 0.5],
						"quirk3_right": [-8.75, 51, 5.5],
						"quirk4_right": [-6.75, 44.75, 10.5],
						"quirk4_left": [6.75, 44.75, 10.5],
						"quirk4_left_bottom": [7, 33.5, 10.5],
						"quirk4_right_bottom": [-7, 33.5, 10.5],
						"quirk3_left": [8.75, 51, 5.5],
						"quirk3_left_bottom": [10.5, 37, 5.5],
						"quirk3_right_bottom": [-10.5, 37, 5.5],
						"quirk2_right_bottom": [-8.5, 35, 0.5],
						"quirk2_left": [7.75, 47.5, 0.5],
						"quirk2_left_botom": [8.5, 35, 0.5],
						"quirk1_left": [5.75, 42.25, -4.5]
					}
				},
				{
					"name": "neck",
					"parent": "torso",
					"pivot": [0, 19, -11],
					"cubes": [
						{"origin": [-3.5, 19, -18], "size": [7, 7, 7], "uv": [62, 21]}
					]
				},
				{
					"name": "neck2",
					"parent": "neck",
					"pivot": [0, 19.5, -18],
					"cubes": [
						{"origin": [-2.5, 19.5, -25], "size": [5, 6, 7], "uv": [80, 51]},
						{"origin": [-1, 20, -25], "size": [2, 2, 6], "pivot": [-1, 21.062, -21.86772], "rotation": [117.5, 0, 0], "uv": [116, 0]},
						{"origin": [-0.5, 20.5, -25.01], "size": [1, 1, 0], "pivot": [-1, 21.062, -21.86772], "rotation": [117.5, 0, 0], "uv": [120, 5]}
					]
				},
				{
					"name": "head",
					"parent": "neck2",
					"pivot": [0.25, 21.562, -23.86772],
					"cubes": [
						{"origin": [-5, 21.81138, -29.0619], "size": [0, 1, 1], "pivot": [1.5, 23.46822, -32.09951], "rotation": [-30, 0, 0], "uv": [36, 67]},
						{"origin": [5.01, 21.81138, -29.0619], "size": [0, 1, 1], "pivot": [10.5, 23.46822, -32.09951], "rotation": [-30, 0, 0], "uv": [37, 65]},
						{"origin": [-5, 21.31138, -29.5619], "size": [10, 2, 2], "inflate": -0.01, "pivot": [0.5, 23.46822, -32.09951], "rotation": [-30, 0, 0], "uv": [104, 104]},
						{"origin": [-2, 17.83845, -29.06555], "size": [4, 3, 4], "pivot": [0.5, 20.19597, -29.83182], "rotation": [-12.5, 0, 0], "uv": [52, 116]},
						{"origin": [-0.5, 45.9128, -29.62446], "size": [1, 0, 1], "pivot": [0, 20.19597, -29.83182], "rotation": [-15.5, 0, 0], "uv": [36, 75]},
						{"origin": [-1, 20.90279, -31.52446], "size": [2, 25, 2], "inflate": -0.01, "pivot": [0, 20.19597, -29.83182], "rotation": [-164.5, 0, 180], "uv": [84, 88]},
						{"origin": [-0.5, 27.3361, -29.34035], "size": [1, 0, 1], "pivot": [0, 20.19597, -29.83182], "rotation": [20, 0, 0], "uv": [80, 78]},
						{"origin": [-0.5, 24.32612, -29.34035], "size": [1, 0, 1], "pivot": [0, 20.19597, -29.83182], "rotation": [30.5875, -14.7111, 37.4263], "uv": [56, 94]},
						{"origin": [-1, 20.32612, -29.84035], "size": [2, 4, 2], "inflate": -0.01, "pivot": [0, 20.19597, -29.83182], "rotation": [30.5875, -14.7111, 37.4263], "uv": [128, 44]},
						{"origin": [-0.5, 24.32612, -29.34035], "size": [1, 0, 1], "pivot": [0, 20.19597, -29.83182], "rotation": [30.5875, 14.7111, -37.4263], "uv": [98, 34]},
						{"origin": [-1, 20.32612, -29.84035], "size": [2, 4, 2], "inflate": -0.01, "pivot": [0, 20.19597, -29.83182], "rotation": [30.5875, 14.7111, -37.4263], "uv": [128, 38]},
						{"origin": [-1, 20.32612, -29.84035], "size": [2, 7, 2], "inflate": -0.01, "pivot": [0, 20.19597, -29.83182], "rotation": [20, 0, 0], "uv": [100, 126]},
						{"origin": [-0.5, 33.73294, -29.48825], "size": [1, 0, 1], "pivot": [0, 20.19597, -29.83182], "rotation": [-5, 0, 0], "uv": [36, 78]},
						{"origin": [-1, 20.73294, -29.98825], "size": [2, 13, 2], "inflate": -0.01, "pivot": [0, 20.19597, -29.83182], "rotation": [-5, 0, 0], "uv": [12, 112]},
						{"origin": [-0.25, 26.55428, -29.3488], "size": [1, 0, 1], "pivot": [0, 20.28258, -29.78182], "rotation": [-5.1507, 11.5349, -67.0099], "uv": [18, 128]},
						{"origin": [-0.75, 20.55428, -29.8488], "size": [2, 6, 2], "inflate": -0.01, "pivot": [0, 20.28258, -29.78182], "rotation": [-5.1507, 11.5349, -67.0099], "uv": [20, 127]},
						{"origin": [-0.75, 26.5543, -29.34883], "size": [1, 0, 1], "pivot": [0, 20.28258, -29.78182], "rotation": [-5.1507, -11.5349, 67.0099], "uv": [18, 128]},
						{"origin": [-1.25, 20.5543, -29.84883], "size": [2, 6, 2], "inflate": -0.01, "pivot": [0, 20.28258, -29.78182], "rotation": [-5.1507, -11.5349, 67.0099], "uv": [12, 127]},
						{"origin": [-0.5, 29.60159, -29.42244], "size": [1, 0, 1], "pivot": [0, 20.19597, -29.83182], "rotation": [-1.134, -4.8153, 24.5261], "uv": [120, 109]},
						{"origin": [-1, 20.60159, -29.92244], "size": [2, 9, 2], "inflate": -0.01, "pivot": [0, 20.19597, -29.83182], "rotation": [-1.134, -4.8153, 24.5261], "uv": [124, 108]},
						{"origin": [-0.5, 29.60157, -29.4224], "size": [1, 0, 1], "pivot": [0, 20.19597, -29.83182], "rotation": [-1.1339, 4.8153, -24.5261], "uv": [129, 64]},
						{"origin": [-1, 20.60157, -29.9224], "size": [2, 9, 2], "inflate": -0.01, "pivot": [0, 20.19597, -29.83182], "rotation": [-1.1339, 4.8153, -24.5261], "uv": [124, 63]},
						{"origin": [-1.5, 20.85023, -30.08771], "size": [2, 20, 2], "inflate": 0.01, "pivot": [0, 20.19597, -29.83182], "rotation": [-14.94946, 16.35434, -15.65202], "uv": [76, 95]},
						{"origin": [-1.35, 40.8602, -29.58771], "size": [1, 0, 1], "pivot": [0, 20.19597, -29.83182], "rotation": [-14.6634, 16.6099, -14.6438], "uv": [36, 69]},
						{"origin": [-0.5, 36.86058, -29.58771], "size": [1, 0, 1], "pivot": [0, 20.19597, -29.83182], "rotation": [-18.8946, 11.5182, -31.9147], "uv": [36, 74]},
						{"origin": [-1, 20.86058, -30.08771], "size": [2, 16, 2], "inflate": -0.01, "pivot": [0, 20.19597, -29.83182], "rotation": [-18.8946, 11.5182, -31.9147], "uv": [104, 108]},
						{"origin": [-0.5, 31.72976, -29.50733], "size": [1, 0, 1], "pivot": [0, 20.19597, -29.83182], "rotation": [-13.5907, 8.8035, -44.3128], "uv": [36, 73]},
						{"origin": [-1, 20.72976, -30.00733], "size": [2, 11, 2], "inflate": -0.01, "pivot": [0, 20.19597, -29.83182], "rotation": [-13.5907, 8.8035, -44.3128], "uv": [44, 123]},
						{"origin": [0.35, 40.8628, -29.59251], "size": [1, 0, 1], "pivot": [0, 20.19597, -29.83182], "rotation": [-14.6634, -16.6098, 14.6438], "uv": [36, 76]},
						{"origin": [-0.5, 20.85275, -30.09251], "size": [2, 20, 2], "inflate": 0.01, "pivot": [0, 20.19597, -29.83182], "rotation": [-14.94946, -16.35424, 15.65202], "uv": [68, 95]},
						{"origin": [-0.5, 36.86702, -29.59251], "size": [1, 0, 1], "pivot": [0, 20.19597, -29.83182], "rotation": [-18.8946, -11.5182, 31.9147], "uv": [80, 76]},
						{"origin": [-1, 20.86702, -30.09251], "size": [2, 16, 2], "inflate": -0.01, "pivot": [0, 20.19597, -29.83182], "rotation": [-18.8946, -11.5182, 31.9147], "uv": [44, 105]},
						{"origin": [-0.5, 31.73921, -29.51124], "size": [1, 0, 1], "pivot": [0, 20.19597, -29.83182], "rotation": [-13.5907, -8.8035, 44.3128], "uv": [90, 34]},
						{"origin": [-1, 20.73921, -30.01124], "size": [2, 11, 2], "inflate": -0.01, "pivot": [0, 20.19597, -29.83182], "rotation": [-13.5907, -8.8035, 44.3128], "uv": [92, 122]},
						{"origin": [-0.5, 19.28016, -21.1136], "size": [1, 1, 0], "pivot": [-1, 18.937, -25.65121], "rotation": [-62.5, 0, 0], "uv": [47, 102]},
						{"origin": [-1, 18.78016, -30.1136], "size": [2, 2, 9], "inflate": -0.01, "pivot": [-1, 18.937, -25.65121], "rotation": [-62.5, 0, 0], "uv": [34, 94]},
						{"origin": [-3, 18.90516, -30.33011], "size": [6, 2, 5], "pivot": [-1, 19.062, -25.86772], "rotation": [-30, 0, 0], "uv": [102, 34]},
						{"origin": [-2.5, 19.40516, -29.73203], "size": [5, 3, 3], "inflate": 0.1, "pivot": [-1.5, 17.562, -23.26964], "rotation": [-30, 0, 0], "uv": [116, 98]},
						{"origin": [-3, 18.90516, -26.86601], "size": [6, 3, 1], "pivot": [-1, 17.062, -22.40362], "rotation": [-30, 0, 0], "uv": [124, 126]},
						{"origin": [-3, 23.90516, -31.33011], "size": [6, 2, 6], "pivot": [-1, 19.062, -25.86772], "rotation": [-30, 0, 0], "uv": [96, 13]}
					],
					"locators": {
						"cry1": [0, 45, -22.25],
						"cry4": [0, 33.75, -27.75],
						"cry11": [0, 27.5, -31.25],
						"cry14": [-2.75, 23.5, -31],
						"cry15": [2.75, 23.5, -31],
						"cry16": [5.25, 20.65, -29.6],
						"cry17": [-5.25, 20.65, -29.6],
						"cry12": [5.6, 23.35, -28.35],
						"cry13": [-5.6, 23.35, -28.35],
						"cry7": [-3.9, 29, -28.75],
						"cry8": [3.9, 29, -28.75],
						"cry10": [7.5, 28.75, -26.25],
						"cry9": [-7.5, 28.75, -26.25],
						"cry2": [-4.25, 39.75, -24],
						"cry6": [-7.25, 34.25, -23.75],
						"cry5": [7.25, 34.25, -23.75],
						"cry3": [4.25, 39.75, -24]
					}
				},
				{
					"name": "tail",
					"parent": "torso",
					"pivot": [0, 17, 15],
					"cubes": [
						{"origin": [-5, 17, 15], "size": [10, 12, 9], "uv": [42, 58]},
						{"origin": [-4.75, 29, 18], "size": [3, 7, 3], "pivot": [-1.75, 29, 10], "rotation": [0, 0, -22.5], "uv": [112, 120]},
						{"origin": [1.75, 29, 18], "size": [3, 7, 3], "pivot": [1.75, 29, 10], "rotation": [0, 0, 22.5], "uv": [122, 76]}
					],
					"locators": {
						"quirk5_left": [5.75, 35.25, 19.5],
						"quirk5_right": [-5.75, 35.25, 19.5]
					}
				},
				{
					"name": "tail2",
					"parent": "tail",
					"pivot": [0, 22, 24],
					"cubes": [
						{"origin": [-3, 22, 24], "size": [6, 7, 8], "uv": [34, 79]},
						{"origin": [-4, 28, 26.5], "size": [3, 7, 3], "pivot": [-1, 29, 29.5], "rotation": [0, 0, -45], "uv": [112, 120]},
						{"origin": [1, 28, 26.5], "size": [3, 7, 3], "pivot": [1, 29, 29.5], "rotation": [0, 0, 45], "uv": [122, 76]}
					],
					"locators": {
						"quirk6_right": [-6.5, 32.5, 28],
						"quirk6_left": [6.5, 32.5, 28]
					}
				},
				{
					"name": "tail3",
					"parent": "tail2",
					"pivot": [0, 24, 32],
					"cubes": [
						{"origin": [-1.5, 24, 32], "size": [3, 5, 7], "uv": [0, 100]},
						{"origin": [-2, 28.75, 34.5], "size": [2, 3, 2], "inflate": -0.01, "pivot": [0, 28.75, 35.5], "rotation": [0, 0, -45], "uv": [116, 53]},
						{"origin": [0, 28.75, 34.5], "size": [2, 3, 2], "inflate": -0.01, "pivot": [0, 28.75, 35.5], "rotation": [0, 0, 45], "uv": [128, 86]},
						{"origin": [-1.5, 31.75, 35], "size": [1, 0, 1], "pivot": [0, 28.75, 35.5], "rotation": [0, 0, -45], "uv": [36, 70]},
						{"origin": [0.5, 31.75, 35], "size": [1, 0, 1], "pivot": [0, 28.75, 35.5], "rotation": [0, 0, 45], "uv": [36, 71]}
					],
					"locators": {
						"quirk7_left": [3, 30.5, 35.5],
						"quirk7_right": [-3, 30.5, 35.5]
					}
				},
				{
					"name": "arms",
					"parent": "upper_body",
					"pivot": [0, 3, 6]
				},
				{
					"name": "arm_left",
					"parent": "arms",
					"pivot": [4.5, 16, -7],
					"rotation": [15, 0, 0],
					"cubes": [
						{"origin": [3.5, 10, -9], "size": [3, 8, 4], "uv": [108, 76]}
					]
				},
				{
					"name": "arm_left2",
					"parent": "arm_left",
					"pivot": [5, 10, -5],
					"rotation": [-20, 0, 0],
					"cubes": [
						{"origin": [4, 3, -8], "size": [2, 7, 3], "uv": [124, 25]}
					]
				},
				{
					"name": "hoof_left",
					"parent": "arm_left2",
					"pivot": [5, 3, -8],
					"rotation": [5, 0, 0],
					"cubes": [
						{"origin": [3.5, -1, -8], "size": [3, 4, 3], "uv": [124, 119]}
					]
				},
				{
					"name": "arm_right",
					"parent": "arms",
					"pivot": [-5.5, 16, -7],
					"rotation": [15, 0, 0],
					"cubes": [
						{"origin": [-6.5, 10, -9], "size": [3, 8, 4], "uv": [110, 21]}
					]
				},
				{
					"name": "arm_right2",
					"parent": "arm_right",
					"pivot": [-5, 10, -5],
					"rotation": [-20, 0, 0],
					"cubes": [
						{"origin": [-6, 3, -8], "size": [2, 7, 3], "uv": [124, 53]}
					]
				},
				{
					"name": "hoof_right",
					"parent": "arm_right2",
					"pivot": [-5, 3, -8],
					"rotation": [5, 0, 0],
					"cubes": [
						{"origin": [-6.5, -1, -8], "size": [3, 4, 3], "uv": [0, 125]}
					]
				},
				{
					"name": "leg_right",
					"parent": "body",
					"pivot": [-6.5, 17, 7],
					"rotation": [0, 5, 0],
					"cubes": [
						{"origin": [-9.5, 9.75, 1.25], "size": [6, 10, 11], "uv": [0, 79]},
						{"origin": [-9.5, 16.75, 13], "size": [3, 3, 9], "pivot": [-6.5, 16.75, 13], "rotation": [22.5, -22.5, 0], "uv": [80, 64]},
						{"origin": [-9.25, 14.75, 12.25], "size": [2, 2, 5], "inflate": -0.01, "pivot": [-7.25, 16.75, 13.25], "rotation": [-22.5, -22.5, 0], "uv": [52, 123]},
						{"origin": [-8.75, 15.25, 17.25], "size": [1, 1, 0], "pivot": [-7.25, 16.75, 13.25], "rotation": [-22.5, -22.5, 0], "uv": [40, 66]}
					]
				},
				{
					"name": "leg_right2",
					"parent": "leg_right",
					"pivot": [-7, 12, 6.25],
					"rotation": [32.5, 0, 0],
					"cubes": [
						{"origin": [-9, 5.25, 3.75], "size": [5, 10, 6], "uv": [80, 35]}
					]
				},
				{
					"name": "leg_right3",
					"parent": "leg_right2",
					"pivot": [-6.5, 5.25, 9.7],
					"rotation": [-47.5, 0, 0],
					"cubes": [
						{"origin": [-8.5, -1.75, 3.7], "size": [4, 7, 6], "uv": [96, 0]},
						{"origin": [-8.5, 3.25, 9.7], "size": [2, 2, 3], "inflate": -0.02, "pivot": [-6.5, 3.25, 9.7], "rotation": [22.5, -22.5, 0], "uv": [66, 127]},
						{"origin": [-8, 3.75, 12.7], "size": [1, 1, 0], "pivot": [-6.5, 3.25, 9.7], "rotation": [22.5, -22.5, 0], "uv": [40, 68]},
						{"origin": [-8.5, 2.25, 9.7], "size": [2, 2, 2], "inflate": -0.01, "pivot": [-6.5, 3.25, 9.7], "rotation": [-22.5, -22.5, 0], "uv": [42, 61]},
						{"origin": [-8, 2.75, 11.7], "size": [1, 1, 0], "pivot": [-6.5, 3.25, 9.7], "rotation": [-22.5, -22.5, 0], "uv": [46, 65]}
					]
				},
				{
					"name": "foot_right",
					"parent": "leg_right3",
					"pivot": [-6, -1.75, 3.7],
					"rotation": [15, 0, 0],
					"cubes": [
						{"origin": [-8.5, -4.75, 3.7], "size": [4, 3, 6], "inflate": 0.01, "uv": [104, 67]}
					]
				},
				{
					"name": "leg_left",
					"parent": "body",
					"pivot": [6.5, 17, 7],
					"rotation": [0, -5, 0],
					"cubes": [
						{"origin": [3.5, 9.75, 1.25], "size": [6, 10, 11], "uv": [62, 0]},
						{"origin": [7.75, 15.25, 17.25], "size": [1, 1, 0], "pivot": [7.25, 16.75, 13.25], "rotation": [-22.5, 22.5, 0], "uv": [40, 65]},
						{"origin": [7.25, 14.75, 12.25], "size": [2, 2, 5], "inflate": -0.01, "pivot": [7.25, 16.75, 13.25], "rotation": [-22.5, 22.5, 0], "uv": [124, 18]},
						{"origin": [6.5, 16.75, 13], "size": [3, 3, 9], "pivot": [6.5, 16.75, 13], "rotation": [22.5, 22.5, 0], "uv": [84, 76]}
					]
				},
				{
					"name": "leg_left2",
					"parent": "leg_left",
					"pivot": [6, 12, 6.25],
					"rotation": [32.5, 0, 0],
					"cubes": [
						{"origin": [4, 5.25, 3.75], "size": [5, 10, 6], "uv": [62, 79]}
					]
				},
				{
					"name": "leg_left3",
					"parent": "leg_left2",
					"pivot": [6.5, 5.25, 9.7],
					"rotation": [-47.5, 0, 0],
					"cubes": [
						{"origin": [4.5, -1.75, 3.7], "size": [4, 7, 6], "uv": [90, 21]},
						{"origin": [6.5, 3.25, 9.7], "size": [2, 2, 3], "inflate": -0.02, "pivot": [6.5, 3.25, 9.7], "rotation": [22.5, 22.5, 0], "uv": [76, 127]},
						{"origin": [7, 3.75, 12.7], "size": [1, 1, 0], "pivot": [6.5, 3.25, 9.7], "rotation": [22.5, 22.5, 0], "uv": [40, 67]},
						{"origin": [6.5, 2.25, 9.7], "size": [2, 2, 2], "inflate": -0.01, "pivot": [6.5, 3.25, 9.7], "rotation": [-22.5, 22.5, 0], "uv": [35, 59]},
						{"origin": [7, 2.75, 11.7], "size": [1, 1, 0], "pivot": [6.5, 3.25, 9.7], "rotation": [-22.5, 22.5, 0], "uv": [39, 63]}
					]
				},
				{
					"name": "foot_left",
					"parent": "leg_left3",
					"pivot": [7, -1.75, 3.7],
					"rotation": [15, 0, 0],
					"cubes": [
						{"origin": [4.5, -4.75, 3.7], "size": [4, 3, 6], "inflate": 0.01, "uv": [104, 58]}
					]
				}
			]
		}
	]
}