{
    "providers": [
    {
        "type": "space",
        "advances": {
            "\uE999": -1
        }
    },
	
	{
        "type": "space",
        "advances": {
            "\uE998": -128
        }
    },
	
	{
        "type": "space",
        "advances": {
            "\uE997": 167
        }
    },
	{
        "type": "space",
        "advances": {
            "\uE996": 1
        }
    },
	{
        "type": "space",
        "advances": {
            "\uE995": -98
        }
    },
	{
        "type": "space",
        "advances": {
            "\uE994": -46
        }
    },
	
	
	
	

	
	
	
	{ "type": "bitmap",
            "file": "minecraft:lang_symbols/gui/villager_left.png",
            "ascent": 71, "height": 256,
            "chars": ["\uE051"]
        
	},
	{ "type": "bitmap",
            "file": "minecraft:lang_symbols/gui/villager_right.png",
            "ascent": 71, "height": 256,
            "chars": ["\uE052"]
        
	},
	
	{ "type": "bitmap",
            "file": "minecraft:lang_symbols/gui/burnace.png",
            "ascent": 49, "height": 256,
            "chars": ["\uE053"]
        
	},
	{ "type": "bitmap",
            "file": "minecraft:lang_symbols/gui/smoki.png",
            "ascent": 49, "height": 256,
            "chars": ["\uE054"]
        
	},
	
	{ "type": "bitmap",
            "file": "minecraft:lang_symbols/gui/amwil.png",
            "ascent": 49, "height": 256,
            "chars": ["\uE055"]
        
	},
	{ "type": "bitmap",
            "file": "minecraft:lang_symbols/gui/hoppare.png",
            "ascent": 82, "height": 256,
            "chars": ["\uE056"]
        
	},
	
	
	
	{ "type": "bitmap",
            "file": "minecraft:lang_symbols/gui/villager_lvl1.png",
            "ascent": 6, "height": 8,
            "chars": ["\uE021"]
        
	},
	{ "type": "bitmap",
            "file": "minecraft:lang_symbols/gui/villager_lvl2.png",
            "ascent": 6, "height": 8,
            "chars": ["\uE022"]
        
	},
	{ "type": "bitmap",
            "file": "minecraft:lang_symbols/gui/villager_lvl3.png",
            "ascent": 6, "height": 8,
            "chars": ["\uE023"]
        
	},
	{ "type": "bitmap",
            "file": "minecraft:lang_symbols/gui/villager_lvl4.png",
            "ascent": 6, "height": 8,
            "chars": ["\uE024"]
        
	},
	{ "type": "bitmap",
            "file": "minecraft:lang_symbols/gui/villager_lvl5.png",
            "ascent": 6, "height": 8,
            "chars": ["\uE025"]
        
	},	
	
	
	
	{ "type": "bitmap",
            "file": "minecraft:lang_symbols/menu_modlist/test_desc01.png",
            "ascent": 12, "height": 192,
            "chars": ["\uE001"]
        
	},
	{ "type": "bitmap",
            "file": "minecraft:lang_symbols/menu_modlist/test_desc02.png",
            "ascent": 12, "height": 192,
            "chars": ["\uE002"]
	}
	
    ]
}
