{
	"format_version": "1.12.0",
	"minecraft:geometry": [
		{
			"description": {
				"identifier": "geometry.ludikappa",
				"texture_width": 128,
				"texture_height": 128,
				"visible_bounds_width": 5,
				"visible_bounds_height": 3.5,
				"visible_bounds_offset": [0, 1.25, 0]
			},
			"bones": [
				{
					"name": "ludikappa",
					"pivot": [0, 0, 0]
				},
				{
					"name": "body",
					"parent": "ludikappa",
					"pivot": [0, 4, 0]
				},
				{
					"name": "torso",
					"parent": "body",
					"pivot": [0, 0, 0],
					"cubes": [
						{"origin": [-2.5, 2, -2], "size": [5, 4, 4], "uv": [30, 46]}
					]
				},
				{
					"name": "neck1",
					"parent": "torso",
					"pivot": [0, 4.5, -0.5],
					"cubes": [
						{"origin": [-1.5, 5.5, -1.75], "size": [3, 5, 3], "uv": [12, 47]}
					]
				},
				{
					"name": "neck2",
					"parent": "neck1",
					"pivot": [0, 4.5, -0.5],
					"cubes": [
						{"origin": [-1.5, 9.5, -1.75], "size": [3, 6, 3], "inflate": -0.15, "uv": [0, 47]}
					]
				},
				{
					"name": "head",
					"parent": "neck2",
					"pivot": [0, 14.25, -0.5],
					"cubes": [
						{"origin": [-8.5, 16.25, -9], "size": [17, 8, 0], "uv": [34, 17]},
						{"origin": [-8.5, 16.25, -9], "size": [0, 8, 17], "uv": [0, 8]},
						{"origin": [-8.5, 16.25, 8], "size": [17, 8, 0], "uv": [0, 39]},
						{"origin": [8.5, 16.25, -9], "size": [0, 8, 17], "uv": [0, 0]},
						{"origin": [-8.5, 20.26, -9], "size": [17, 0, 17], "uv": [0, 0]},
						{"origin": [-4.5, 14.25, -4.5], "size": [9, 6, 8], "uv": [26, 25]},
						{"origin": [-3.5, 15.25, -6.5], "size": [0, 2, 2], "uv": [6, 2]},
						{"origin": [-3.5, 17.25, -6.5], "size": [7, 0, 2], "uv": [0, 0]},
						{"origin": [3.5, 15.25, -6.5], "size": [0, 2, 2], "uv": [12, 8]},
						{"origin": [-3.5, 15.25, -6.5], "size": [7, 2, 0], "uv": [0, 2]}
					]
				},
				{
					"name": "eye_left",
					"parent": "head",
					"pivot": [0, 14.25, -0.5],
					"cubes": [
						{"origin": [1.51, 17.25, -4.51], "size": [3, 2, 1], "uv": [0, 36]}
					]
				},
				{
					"name": "eyelid_left",
					"parent": "eye_left",
					"pivot": [-0.1, 14.25, -0.4],
					"cubes": [
						{"origin": [1.41, 17.25, -4.41], "size": [3, 2, 1], "inflate": 0.01, "uv": [8, 14], "mirror": true}
					]
				},
				{
					"name": "eye_right",
					"parent": "head",
					"pivot": [0, 14.5, -0.5],
					"cubes": [
						{"origin": [-4.51, 17.25, -4.51], "size": [3, 2, 1], "uv": [0, 14]}
					]
				},
				{
					"name": "eyelid_right",
					"parent": "eye_right",
					"pivot": [0.1, 14.5, -0.15],
					"cubes": [
						{"origin": [-4.41, 17.25, -4.41], "size": [3, 2, 1], "inflate": 0.01, "uv": [8, 14]}
					]
				},
				{
					"name": "jaw",
					"parent": "head",
					"pivot": [0, 16.75, -4.4],
					"cubes": [
						{"origin": [-3.5, 15.25, -6.4], "size": [7, 1, 2], "uv": [0, 33]}
					]
				},
				{
					"name": "flower",
					"parent": "head",
					"pivot": [0, 23.87315, -2.5],
					"cubes": [
						{"origin": [-3, 20.27, -5.5], "size": [6, 1, 6], "uv": [34, 39]}
					]
				},
				{
					"name": "petal",
					"parent": "flower",
					"pivot": [0, 20, -2.5],
					"cubes": [
						{"origin": [-2.25, 21.25, -6], "size": [0, 8, 6], "pivot": [0, 18.75, -3], "rotation": [-90, 67.5, -90], "uv": [0, 0]}
					]
				},
				{
					"name": "petal2",
					"parent": "flower",
					"pivot": [0, 20, -2.5],
					"cubes": [
						{"origin": [1.75, 21.25, -5.5], "size": [0, 8, 6], "pivot": [0, 18.75, -3], "rotation": [0, 0, 22.5], "uv": [0, 0]}
					]
				},
				{
					"name": "petal3",
					"parent": "flower",
					"pivot": [0, 20, -2.5],
					"cubes": [
						{"origin": [-1.75, 21.25, -5.5], "size": [0, 8, 6], "pivot": [0, 18.75, -3], "rotation": [0, 0, -22.5], "uv": [0, 0]}
					]
				},
				{
					"name": "petal4",
					"parent": "flower",
					"pivot": [0, 20, -2.5],
					"cubes": [
						{"origin": [1.25, 21, -6], "size": [0, 8, 6], "pivot": [0, 18.75, -3], "rotation": [90, 67.5, 90], "uv": [0, 0]}
					]
				},
				{
					"name": "pollen",
					"parent": "flower",
					"pivot": [0, 20, -2.5],
					"cubes": [
						{"origin": [-0.5, 21.25, -3], "size": [1, 5, 1], "uv": [12, 4]},
						{"origin": [-1.5, 24.75, -4], "size": [3, 3, 3], "pivot": [0, 26.25, -2.5], "rotation": [0, -45, 0], "uv": [45, 51]}
					]
				},
				{
					"name": "tail",
					"parent": "torso",
					"pivot": [0, 4, 0],
					"cubes": [
						{"origin": [-1, 3, -0.5], "size": [2, 2, 4], "inflate": 0.1, "pivot": [0, 0, -0.5], "rotation": [-25, 0, 0], "uv": [14, 33]},
						{"origin": [-0.5, 2, 4], "size": [1, 2, 2], "pivot": [0, 0, -0.5], "rotation": [-12.5, 0, 0], "uv": [34, 39]}
					]
				},
				{
					"name": "leg_right",
					"parent": "torso",
					"pivot": [-1.75, 1.5, -0.5],
					"cubes": [
						{"origin": [-2.75, 0, -1.5], "size": [2, 2, 2], "inflate": -0.001, "uv": [33, 54]}
					]
				},
				{
					"name": "foot_right",
					"parent": "leg_right",
					"pivot": [-1.75, 1, -1.5],
					"cubes": [
						{"origin": [-1, 0, -2.5], "size": [0, 1, 1], "uv": [12, 11]},
						{"origin": [-2.5, 0, -2.5], "size": [0, 1, 1], "uv": [7, 13]},
						{"origin": [-1.75, 0, -2.5], "size": [0, 1, 1], "uv": [12, 12]}
					]
				},
				{
					"name": "leg_left",
					"parent": "torso",
					"pivot": [1.75, 1.5, -0.5],
					"cubes": [
						{"origin": [0.75, 0, -1.5], "size": [2, 2, 2], "inflate": -0.001, "uv": [52, 39]}
					]
				},
				{
					"name": "foot_left",
					"parent": "leg_left",
					"pivot": [1.75, 1, -1.5],
					"cubes": [
						{"origin": [1, 0, -2.5], "size": [0, 1, 1], "uv": [10, 4]},
						{"origin": [2.5, 0, -2.5], "size": [0, 1, 1], "uv": [10, 3]},
						{"origin": [1.75, 0, -2.5], "size": [0, 1, 1], "uv": [0, 0]}
					]
				},
				{
					"name": "right_arm",
					"parent": "body",
					"pivot": [-2.5, 5, 0],
					"cubes": [
						{"origin": [-6.25, 3.5, -1.5], "size": [4, 2, 3], "uv": [51, 0]}
					]
				},
				{
					"name": "right_arm2",
					"parent": "right_arm",
					"pivot": [-6.25, 4.5, 1.5],
					"cubes": [
						{"origin": [-10.25, 3.5, -1.5], "size": [4, 2, 3], "inflate": 0.1, "uv": [48, 46]}
					]
				},
				{
					"name": "right_arm3",
					"parent": "right_arm2",
					"pivot": [-10.25, 5.5, 0],
					"cubes": [
						{"origin": [-13.25, 3.5, -1.5], "size": [3, 2, 3], "inflate": 0.2, "uv": [21, 52]}
					]
				},
				{
					"name": "right_arm4",
					"parent": "right_arm3",
					"pivot": [-13.5, 5, 0],
					"cubes": [
						{"origin": [-17.25, 3.5, -1.5], "size": [4, 2, 3], "inflate": 0.3, "uv": [51, 10]}
					]
				},
				{
					"name": "right_arm5",
					"parent": "right_arm4",
					"pivot": [-17.25, 4.5, 1.5],
					"cubes": [
						{"origin": [-21.25, 3.5, -1.5], "size": [4, 2, 3], "inflate": 0.4, "uv": [51, 5]}
					]
				},
				{
					"name": "hand_right",
					"parent": "right_arm5",
					"pivot": [-21.25, 5.5, 0],
					"cubes": [
						{"origin": [-24.25, 3.5, -1.5], "size": [3, 2, 3], "inflate": 0.5, "uv": [52, 25], "mirror": true},
						{"origin": [-24.25, 5.5, -0.5], "size": [2, 1, 1], "inflate": 0.49, "uv": [0, 4], "mirror": true}
					]
				},
				{
					"name": "left_arm",
					"parent": "body",
					"pivot": [2.5, 5, 0],
					"cubes": [
						{"origin": [2.25, 3.5, -1.5], "size": [4, 2, 3], "uv": [51, 0], "mirror": true}
					]
				},
				{
					"name": "left_arm2",
					"parent": "left_arm",
					"pivot": [6.25, 4.5, 1.5],
					"cubes": [
						{"origin": [6.25, 3.5, -1.5], "size": [4, 2, 3], "inflate": 0.1, "uv": [48, 46], "mirror": true}
					]
				},
				{
					"name": "left_arm3",
					"parent": "left_arm2",
					"pivot": [10.25, 5.5, 0],
					"cubes": [
						{"origin": [10.25, 3.5, -1.5], "size": [3, 2, 3], "inflate": 0.2, "uv": [21, 52], "mirror": true}
					]
				},
				{
					"name": "left_arm4",
					"parent": "left_arm3",
					"pivot": [13.5, 5, 0],
					"cubes": [
						{"origin": [13.25, 3.5, -1.5], "size": [4, 2, 3], "inflate": 0.3, "uv": [51, 10], "mirror": true}
					]
				},
				{
					"name": "left_arm5",
					"parent": "left_arm4",
					"pivot": [17.25, 4.5, 1.5],
					"cubes": [
						{"origin": [17.25, 3.5, -1.5], "size": [4, 2, 3], "inflate": 0.4, "uv": [51, 5], "mirror": true}
					]
				},
				{
					"name": "hand_left",
					"parent": "left_arm5",
					"pivot": [21.25, 5.5, 0],
					"cubes": [
						{"origin": [21.25, 3.5, -1.5], "size": [3, 2, 3], "inflate": 0.5, "uv": [52, 25]},
						{"origin": [22.25, 5.5, -0.5], "size": [2, 1, 1], "inflate": 0.49, "uv": [0, 4]}
					]
				}
			]
		}
	]
}