{
	"format_version": "1.8.0",
	"animations": {
		"animation.fossoil.water_swim": {
			"loop": true,
			"bones": {
				"body": {
					"position": [0, "-7+Math.sin((query.anim_time-0.3) * 90 * 2) * -0.3", 0],
					"rotation": [0, 180, 0]
				},
				"torso": {
					"rotation": [0, "Math.sin((query.anim_time) * 90 * 6)*10", 0]
				},
				"head": {
					"rotation": [0, "-Math.sin((query.anim_time) * 90 * 6)*5", 0],
					"position": [0, "Math.sin((query.anim_time) * 90 * 2)*1", 0]
				},
				"spike_small": {
					"scale": "1+Math.sin((query.anim_time) * 90 * 2)*0.1"
				},
				"spike_big": {
					"scale": "1-Math.sin((query.anim_time) * 90 * 2)*0.1"
				},
				"torso2": {
					"rotation": [0, "Math.sin((query.anim_time) * 90 * 6)*10", 0],
					"position": [0, "Math.sin((query.anim_time) * 90 * 2)*0.25  ", 0]
				},
				"torso3": {
					"rotation": [0, "Math.sin((query.anim_time) * 90 * 6)*10", 0]
				},
				"torso4": {
					"rotation": [0, "Math.sin((query.anim_time) * 90 * 6)*10", 0],
					"position": [0, "Math.sin((query.anim_time) * 90 * 2)*0.25  ", 0]
				},
				"tail_back": {
					"rotation": [0, "Math.sin((query.anim_time) * 90 * 6)*10", 0],
					"position": [0, "Math.sin((query.anim_time) * 90 * 2)*0.25  ", 0]
				},
				"tail_back_top": {
					"rotation": ["Math.sin((query.anim_time) * 90 * 6)*10", 0, 0]
				},
				"tail_back_bottom": {
					"rotation": ["-Math.sin((query.anim_time) * 90 * 6)*10", 0, 0]
				},
				"fin_left": {
					"rotation": ["Math.sin((query.anim_time) * 90 * 6)*10", "Math.sin((query.anim_time) * 90 * 6)*20", 0],
					"position": [-0.5, 0, 1]
				},
				"fin_right": {
					"rotation": ["Math.sin((query.anim_time) * 90 * 6)*10", "-Math.sin((query.anim_time) * 90 * 6)*20", 0],
					"position": [0.5, 0, 1]
				},
				"spike_top": {
					"scale": [1, "1+Math.sin((query.anim_time) * 90 * 2)*0.1", "1+Math.sin((query.anim_time) * 90 * 2)*0.1"]
				},
				"spike_bottom": {
					"scale": [1, "1+Math.sin((query.anim_time) * 90 * 2)*0.1", "1+Math.sin((query.anim_time) * 90 * 2)*0.1"]
				}
			}
		},
		"animation.fossoil.ground_walk": {
			"loop": true,
			"bones": {
				"body": {
					"position": [0, "-1+Math.sin((query.anim_time-0.3) * 90 * 2) * -0.3", 0],
					"rotation": [0, 180, 0]
				},
				"torso": {
					"rotation": [0, "Math.sin((query.anim_time) * 90 * 6)*10", 0]
				},
				"head": {
					"rotation": [0, "-Math.sin((query.anim_time) * 90 * 6)*5", 0],
					"position": [0, "Math.sin((query.anim_time) * 90 * 2)*1", 0]
				},
				"spike_small": {
					"scale": "1+Math.sin((query.anim_time) * 90 * 2)*0.1"
				},
				"spike_big": {
					"scale": "1-Math.sin((query.anim_time) * 90 * 2)*0.1"
				},
				"torso2": {
					"rotation": [0, "Math.sin((query.anim_time) * 90 * 6)*10", 0],
					"position": [0, "Math.sin((query.anim_time) * 90 * 2)*0.25  ", 0]
				},
				"torso3": {
					"rotation": [0, "Math.sin((query.anim_time) * 90 * 6)*10", 0]
				},
				"torso4": {
					"rotation": [0, "Math.sin((query.anim_time) * 90 * 6)*10", 0],
					"position": [0, "Math.sin((query.anim_time) * 90 * 2)*0.25  ", 0]
				},
				"tail_back": {
					"rotation": [0, "Math.sin((query.anim_time) * 90 * 6)*10", 0],
					"position": [0, "Math.sin((query.anim_time) * 90 * 2)*0.25  ", 0]
				},
				"tail_back_top": {
					"rotation": ["Math.sin((query.anim_time) * 90 * 6)*10", 0, 0]
				},
				"tail_back_bottom": {
					"rotation": ["-Math.sin((query.anim_time) * 90 * 6)*10", 0, 0]
				},
				"fin_left": {
					"rotation": ["Math.sin((query.anim_time) * 90 * 6)*10", "Math.sin((query.anim_time) * 90 * 6)*20", 0],
					"position": [-0.5, 0, 1]
				},
				"fin_right": {
					"rotation": ["Math.sin((query.anim_time) * 90 * 6)*10", "-Math.sin((query.anim_time) * 90 * 6)*20", 0],
					"position": [0.5, 0, 1]
				},
				"spike_top": {
					"scale": [1, "1+Math.sin((query.anim_time) * 90 * 2)*0.1", "1+Math.sin((query.anim_time) * 90 * 2)*0.1"]
				},
				"spike_bottom": {
					"scale": [1, "1+Math.sin((query.anim_time) * 90 * 2)*0.1", "1+Math.sin((query.anim_time) * 90 * 2)*0.1"]
				}
			}
		},
		"animation.fossoil.water_idle": {
			"loop": true,
			"bones": {
				"body": {
					"position": [0, "-7+Math.sin((query.anim_time-0.3) * 90 * 2) * -0.3", 0],
					"rotation": [0, 180, 0]
				},
				"torso": {
					"position": [0, "Math.sin((query.anim_time) * 90 * 2)*0.25  ", 0]
				},
				"head": {
					"position": [0, "Math.sin((query.anim_time) * 90 * 2)*1", 0]
				},
				"spike_small": {
					"scale": "1+Math.sin((query.anim_time) * 90 * 2)*0.1"
				},
				"spike_big": {
					"scale": "1-Math.sin((query.anim_time) * 90 * 2)*0.1"
				},
				"torso2": {
					"position": [0, "Math.sin((query.anim_time) * 90 * 2)*0.25  ", 0]
				},
				"torso4": {
					"position": [0, "Math.sin((query.anim_time) * 90 * 2)*0.25  ", 0]
				},
				"tail_back": {
					"position": [0, "Math.sin((query.anim_time) * 90 * 2)*0.25  ", 0]
				},
				"tail_back_top": {
					"rotation": ["-Math.sin((query.anim_time) * 90 * 2)*4", 0, 0]
				},
				"tail_back_bottom": {
					"rotation": ["Math.sin((query.anim_time) * 90 * 2)*4", 0, 0]
				},
				"fin_left": {
					"rotation": ["Math.sin((query.anim_time) * 90 * 2)*4", "Math.sin((query.anim_time) * 90 * 2)*4", 0],
					"position": [-0.5, 0, 1]
				},
				"fin_right": {
					"rotation": ["Math.sin((query.anim_time) * 90 * 2)*4", "-Math.sin((query.anim_time) * 90 * 2)*4 ", 0],
					"position": [0.5, 0, 1]
				},
				"spike_top": {
					"scale": [1, "1+Math.sin((query.anim_time) * 90 * 2)*0.1", "1+Math.sin((query.anim_time) * 90 * 2)*0.1"]
				},
				"spike_bottom": {
					"scale": [1, "1+Math.sin((query.anim_time) * 90 * 2)*0.1", "1+Math.sin((query.anim_time) * 90 * 2)*0.1"]
				}
			}
		},
		"animation.fossoil.ground_idle": {
			"loop": true,
			"bones": {
				"body": {
					"position": [0, "-1+Math.sin((query.anim_time-0.3) * 90 * 2) * -0.3", 0],
					"rotation": [0, 180, 0]
				},
				"torso": {
					"position": [0, "Math.sin((query.anim_time) * 90 * 2)*0.25  ", 0]
				},
				"head": {
					"position": [0, "Math.sin((query.anim_time) * 90 * 2)*1", 0]
				},
				"spike_small": {
					"scale": "1+Math.sin((query.anim_time) * 90 * 2)*0.1"
				},
				"spike_big": {
					"scale": "1-Math.sin((query.anim_time) * 90 * 2)*0.1"
				},
				"torso2": {
					"position": [0, "Math.sin((query.anim_time) * 90 * 2)*0.25  ", 0]
				},
				"torso4": {
					"position": [0, "Math.sin((query.anim_time) * 90 * 2)*0.25  ", 0]
				},
				"tail_back": {
					"position": [0, "Math.sin((query.anim_time) * 90 * 2)*0.25  ", 0]
				},
				"tail_back_top": {
					"rotation": ["-Math.sin((query.anim_time) * 90 * 2)*4", 0, 0]
				},
				"tail_back_bottom": {
					"rotation": ["Math.sin((query.anim_time) * 90 * 2)*4", 0, 0]
				},
				"fin_left": {
					"rotation": ["Math.sin((query.anim_time) * 90 * 2)*4", "Math.sin((query.anim_time) * 90 * 2)*4", 0],
					"position": [-0.5, 0, 1]
				},
				"fin_right": {
					"rotation": ["Math.sin((query.anim_time) * 90 * 2)*4", "-Math.sin((query.anim_time) * 90 * 2)*4 ", 0],
					"position": [0.5, 0, 1]
				},
				"spike_top": {
					"scale": [1, "1+Math.sin((query.anim_time) * 90 * 2)*0.1", "1+Math.sin((query.anim_time) * 90 * 2)*0.1"]
				},
				"spike_bottom": {
					"scale": [1, "1+Math.sin((query.anim_time) * 90 * 2)*0.1", "1+Math.sin((query.anim_time) * 90 * 2)*0.1"]
				}
			}
		},
		"animation.fossoil.shifty": {
			"animation_length": 0.5,
			"bones": {
				"eye": {
					"position": {
						"0.0": [0, 0, 0],
						"0.1667": [0, -0.25, -0.75],
						"0.3333": [0, -0.5, 0.5],
						"0.5": [0, 0, 0]
					}
				}
			}
		},
		"animation.fossoil.sleep": {
			"loop": true,
			"bones": {
				"body": {
					"rotation": [0, 180, 90],
					"position": [-9.75, 1, -2]
				},
				"head": {
					"rotation": [-17.5, 0, 0],
					"position": [-1, 0, 0]
				},
				"spike_small": {
					"rotation": [0, 0, 42.5],
					"position": [0.5, 0, 0]
				},
				"spike_big": {
					"rotation": [0, 0, 27.5],
					"position": [0.25, 0, 0],
					"scale": 1
				},
				"eye": {
					"position": [0, 0, 0],
					"scale": 0
				},
				"torso2": {
					"rotation": [5, 0, 0]
				},
				"torso4": {
					"rotation": [-12.5, 0, 0]
				},
				"tail_back_top": {
					"rotation": [-12.5, 0, 0],
					"position": [0, 0, -0.5]
				},
				"tail_back_bottom": {
					"rotation": [2.5, 0, 0],
					"position": [0, 0.5, 0]
				},
				"fin_left": {
					"rotation": [60.16243, -19.20748, -29.83757],
					"position": [-0.75, -0.25, -2.75]
				},
				"fin_right": {
					"rotation": [70, 0, 0],
					"position": [-2.5, -2.75, 1]
				}
			}
		},
		"animation.fossoil.faint": {
			"loop": "hold_on_last_frame",
			"animation_length": 4,
			"bones": {
				"body": {
					"rotation": {
						"0.0": [0, 180, 0],
						"0.5": [0, -360, -90]
					},
					"position": {
						"0.0": [0, "-1+Math.sin((query.anim_time-0.3) * 90 * 2) * -0.3", 0],
						"0.5": [8, 6, 0]
					}
				},
				"torso": {
					"rotation": {
						"0.0": [0, "Math.sin((query.anim_time) * 90 * 6)*10", 0],
						"0.5": [0, 0, 0]
					},
					"position": [0, 0, 0]
				},
				"head": {
					"rotation": {
						"0.0": [0, "-Math.sin((query.anim_time) * 90 * 6)*5", 0],
						"0.5": [0, 0, 0]
					},
					"position": {
						"0.0": [0, "Math.sin((query.anim_time) * 90 * 2)*1", 0],
						"0.5": [0, 0, 0],
						"1.8333": [0, 0, 0],
						"2.0": [-4, 0, 0],
						"2.0417": [-4.25, 0, 0],
						"2.0833": [-4, 0, 0]
					}
				},
				"spike_small": {
					"rotation": {
						"0.0": [0, 0, 0],
						"0.5": [0, 0, 0],
						"2.0": [0, 0, -42.5]
					},
					"position": {
						"0.0": [0.5, 0, 0],
						"0.5": [0, 0, 0],
						"2.0": [-0.5, 0, 0]
					},
					"scale": {
						"0.0": ["1+Math.sin((query.anim_time) * 90 * 2)*0.1", "1+Math.sin((query.anim_time) * 90 * 2)*0.1", "1+Math.sin((query.anim_time) * 90 * 2)*0.1"],
						"2.0": [1, 1, 1]
					}
				},
				"spike_big": {
					"rotation": {
						"0.0": [0, 0, 0],
						"0.5": [0, 0, 0],
						"2.0": [0, 0, -27.5]
					},
					"position": {
						"0.0": [0.25, 0, 0],
						"0.5": [0, 0, 0],
						"2.0": [-0.25, 0, 0]
					},
					"scale": {
						"0.0": ["1-Math.sin((query.anim_time) * 90 * 2)*0.1", "1-Math.sin((query.anim_time) * 90 * 2)*0.1", "1-Math.sin((query.anim_time) * 90 * 2)*0.1"],
						"2.0": [1, 1, 1]
					}
				},
				"torso2": {
					"rotation": {
						"0.0": [0, "Math.sin((query.anim_time) * 90 * 6)*10", 0],
						"0.5": [0, 0, 0]
					},
					"position": {
						"0.0": [0, "Math.sin((query.anim_time) * 90 * 2)*0.25  ", 0],
						"0.5": [0, 0, 0]
					}
				},
				"torso3": {
					"rotation": {
						"0.0": [0, "Math.sin((query.anim_time) * 90 * 6)*10", 0],
						"0.5": [0, 0, 0]
					},
					"position": [0, 0, 0]
				},
				"torso4": {
					"rotation": {
						"0.0": [0, "Math.sin((query.anim_time) * 90 * 6)*10", 0],
						"0.5": [0, 0, 0]
					},
					"position": {
						"0.0": [0, "Math.sin((query.anim_time) * 90 * 2)*0.25  ", 0],
						"0.5": [0, 0, 0]
					}
				},
				"tail_back": {
					"rotation": {
						"0.0": [0, "Math.sin((query.anim_time) * 90 * 6)*10", 0],
						"0.5": [0, 0, 0]
					},
					"position": {
						"0.0": [0, "Math.sin((query.anim_time) * 90 * 2)*0.25  ", 0],
						"0.5": [0, 0, 0]
					}
				},
				"tail_back_top": {
					"rotation": {
						"0.0": [0, 0, 0],
						"0.5": [0, 0, 0]
					},
					"position": {
						"0.0": [0, 0, 0],
						"0.5": [0, 0, 0],
						"0.75": [-5, 0, 0]
					}
				},
				"tail_back_bottom": {
					"rotation": {
						"0.0": [0, 0, 0],
						"0.5": [0, 0, 0]
					},
					"position": {
						"0.0": [0, 0, 0],
						"0.5": [0, 0, 0],
						"0.6667": [-5, 0, 0]
					}
				},
				"fin_left": {
					"rotation": {
						"0.0": ["Math.sin((query.anim_time) * 90 * 6)*10", "Math.sin((query.anim_time) * 90 * 6)*20", 0],
						"0.5": [0, 0, 0]
					},
					"position": {
						"0.0": [-0.5, 0, 1],
						"0.5": [0, 0, 0],
						"1.0833": [0, 0, 0],
						"1.25": [-2.5, 0, 0]
					}
				},
				"fin_right": {
					"rotation": {
						"0.0": ["Math.sin((query.anim_time) * 90 * 6)*10", "-Math.sin((query.anim_time) * 90 * 6)*20", 0],
						"0.5": [0, 0, 0],
						"1.8333": [-2.25688, 4.65297, -17.54249]
					},
					"position": {
						"0.0": [0.5, 0, 1],
						"0.5": [0, 0, 0],
						"1.7083": [0, 0, 0],
						"1.8333": [-3.5, 0, 0.25]
					}
				},
				"spike_top": {
					"rotation": [0, 0, 0],
					"position": [0, 0, 0],
					"scale": {
						"0.0": [1, "1+Math.sin((query.anim_time) * 90 * 2)*0.1", "1+Math.sin((query.anim_time) * 90 * 2)*0.1"],
						"1.3333": [1, 1, 1]
					}
				},
				"spike_bottom": {
					"rotation": [0, 0, 0],
					"position": [0, 0, 0],
					"scale": {
						"0.0": [1, "1+Math.sin((query.anim_time) * 90 * 2)*0.1", "1+Math.sin((query.anim_time) * 90 * 2)*0.1"],
						"1.3333": [1, 1, 1]
					}
				},
				"eye": {
					"rotation": {
						"0.0": [0, 0, 0],
						"0.5": [0, 0, 0]
					},
					"position": {
						"0.0": [0, 0, 0],
						"0.5": [0, 0, 0]
					},
					"scale": {
						"0.0": [1, 1, 1],
						"0.0417": [0, 0, 0]
					}
				},
				"bone2": {
					"rotation": {
						"0.0": [0, 0, 0],
						"1.6667": [-7.5, 0, -15]
					},
					"position": {
						"1.5": [0, 0, 0],
						"1.6667": [-3.75, 0.5, 0.25]
					}
				},
				"bone4": {
					"position": {
						"0.8333": [0, 0, 0],
						"1.0": [-5, 0, 0]
					}
				},
				"bone3": {
					"rotation": {
						"0.0": [0, 0, 0],
						"1.3333": [0, 0, -12.5]
					},
					"position": {
						"1.1667": [0, 0, 0],
						"1.3333": [-3.75, 0, 0]
					}
				}
			}
		},
		"animation.fossoil.cry": {
			"animation_length": 0.5,
			"bones": {
				"body": {
					"rotation": {
						"0.0": {
							"post": [0, 0, 0],
							"lerp_mode": "catmullrom"
						},
						"0.125": {
							"post": [2.5, 0, 0],
							"lerp_mode": "catmullrom"
						},
						"0.375": {
							"post": [2.5, 0, 0],
							"lerp_mode": "catmullrom"
						},
						"0.5": {
							"post": [0, 0, 0],
							"lerp_mode": "catmullrom"
						}
					}
				},
				"head": {
					"rotation": {
						"0.0": {
							"post": [0, 0, 0],
							"lerp_mode": "catmullrom"
						},
						"0.125": {
							"post": [10, 0, 0],
							"lerp_mode": "catmullrom"
						},
						"0.375": {
							"post": [20, 0, 0],
							"lerp_mode": "catmullrom"
						},
						"0.5": {
							"post": [0, 0, 0],
							"lerp_mode": "catmullrom"
						}
					},
					"position": {
						"0.0": {
							"post": [0, 0, 0],
							"lerp_mode": "catmullrom"
						},
						"0.125": {
							"post": [0, 0.5, 0],
							"lerp_mode": "catmullrom"
						},
						"0.375": {
							"post": [0, 1, 1],
							"lerp_mode": "catmullrom"
						},
						"0.5": {
							"post": [0, 0, 0],
							"lerp_mode": "catmullrom"
						}
					}
				}
			},
			"sound_effects": {
				"0.0": {
					"effect": "pokemon.fossoil.cry"
				}
			}
		}
	}
}