{
	"format_version": "1.12.0",
	"minecraft:geometry": [
		{
			"description": {
				"identifier": "geometry.orbiclad",
				"texture_width": 64,
				"texture_height": 64,
				"visible_bounds_width": 2,
				"visible_bounds_height": 3.5,
				"visible_bounds_offset": [0, 1.25, 0]
			},
			"bones": [
				{
					"name": "orbiclad",
					"pivot": [0, 0, 0]
				},
				{
					"name": "rotate",
					"parent": "orbiclad",
					"pivot": [0, 0, 0]
				},
				{
					"name": "body",
					"parent": "rotate",
					"pivot": [0, 0, -16],
					"rotation": [0, 90, 0]
				},
				{
					"name": "torso",
					"parent": "body",
					"pivot": [0, -1.5, -16],
					"cubes": [
						{"origin": [-20, 0, -21], "size": [10, 2, 10], "uv": [0, 16]},
						{"origin": [-18.5, 2, -19.5], "size": [7, 7, 7], "inflate": 0.3, "uv": [28, 28]}
					]
				},
				{
					"name": "arm_left",
					"parent": "torso",
					"pivot": [-13, 2.75, -12.25],
					"cubes": [
						{"origin": [-14, 2.25, -12.25], "size": [2, 1, 4], "uv": [30, 19]}
					]
				},
				{
					"name": "arm_right",
					"parent": "torso",
					"pivot": [-13, 2.75, -19.85],
					"cubes": [
						{"origin": [-14, 2.25, -23.75], "size": [2, 1, 4], "uv": [21, 28]}
					]
				},
				{
					"name": "slime",
					"parent": "torso",
					"pivot": [0, -1.5, -16]
				},
				{
					"name": "stalk1_right",
					"parent": "torso",
					"pivot": [-11.25, 2, -16.25],
					"rotation": [0, 22.5, -22.5],
					"cubes": [
						{"origin": [-11, 2.25, -17.5], "size": [5, 1, 1], "inflate": 0.25, "uv": [14, 42]}
					]
				},
				{
					"name": "stalk2_right",
					"parent": "stalk1_right",
					"pivot": [-5.75, 2, -17],
					"rotation": [0, 0, -40],
					"cubes": [
						{"origin": [-5.5, 2.25, -17.5], "size": [5, 1, 1], "inflate": 0.24, "uv": [39, 4]}
					]
				},
				{
					"name": "eye_right",
					"parent": "stalk2_right",
					"pivot": [0.16, 3, -17],
					"rotation": [0, -90, 67.5],
					"cubes": [
						{"origin": [-0.84, 1.85472, -17.96788], "size": [2, 2, 2], "inflate": 0.4, "uv": [0, 16]},
						{"origin": [-0.35, 1.85, -18.07], "size": [1, 2, 2], "inflate": 0.3, "uv": [0, 46]},
						{"origin": [-0.85, 2.25, -18.08], "size": [2, 1, 2], "inflate": 0.3, "uv": [38, 19]}
					]
				},
				{
					"name": "stalk1_left",
					"parent": "torso",
					"pivot": [-11.25, 2, -15.75],
					"rotation": [0, -22.5, -22.5],
					"cubes": [
						{"origin": [-11, 2.25, -15.5], "size": [5, 1, 1], "inflate": 0.25, "uv": [35, 2]}
					]
				},
				{
					"name": "stalk2_left",
					"parent": "stalk1_left",
					"pivot": [-5.75, 2, -15],
					"rotation": [0, 0, -40],
					"cubes": [
						{"origin": [-5.5, 2.25, -15.5], "size": [5, 1, 1], "inflate": 0.24, "uv": [35, 0]}
					]
				},
				{
					"name": "eye_left",
					"parent": "stalk2_left",
					"pivot": [0.15, 2.75, -15],
					"rotation": [0, -90, 67.5],
					"cubes": [
						{"origin": [-0.85, 1.85472, -15.96788], "size": [2, 2, 2], "inflate": 0.4, "uv": [0, 4]},
						{"origin": [-0.35, 1.9, -16.07], "size": [1, 2, 2], "inflate": 0.3, "uv": [14, 44]},
						{"origin": [-0.85, 2.35472, -16.08], "size": [2, 1, 2], "inflate": 0.3, "uv": [0, 23]}
					]
				},
				{
					"name": "stalk1_middle",
					"parent": "torso",
					"pivot": [-11.25, 2, -16],
					"rotation": [0, 0, -22.5],
					"cubes": [
						{"origin": [-11, 2.25, -16.5], "size": [5, 1, 1], "inflate": 0.25, "uv": [21, 33]}
					]
				},
				{
					"name": "stalk2_middle",
					"parent": "stalk1_middle",
					"pivot": [-5.75, 2, -16],
					"rotation": [0, 0, -40],
					"cubes": [
						{"origin": [-5.5, 2.25, -16.5], "size": [5, 1, 1], "inflate": 0.24, "uv": [27, 7]}
					]
				},
				{
					"name": "eye_middle",
					"parent": "stalk2_middle",
					"pivot": [0.65, 3.5, -16],
					"rotation": [0, -90, 62.5],
					"cubes": [
						{"origin": [-0.31071, 2.35472, -17.17859], "size": [2, 2, 2], "inflate": 0.4, "uv": [0, 0]},
						{"origin": [0.18929, 2.4, -17.2807], "size": [1, 2, 2], "inflate": 0.3, "uv": [0, 28]},
						{"origin": [-0.31071, 2.85472, -17.2907], "size": [2, 1, 2], "inflate": 0.3, "uv": [0, 20]}
					]
				},
				{
					"name": "shell",
					"parent": "body",
					"pivot": [-15.07143, 16, -16],
					"cubes": [
						{"origin": [-19.5, 4, -20.5], "size": [9, 7, 9], "uv": [0, 0]},
						{"origin": [-16.5, 2.5, -20.75], "size": [2, 3, 1], "inflate": 0.1, "uv": [0, 42]},
						{"origin": [-16.5, 2.5, -12.25], "size": [2, 3, 1], "inflate": 0.1, "uv": [29, 28]},
						{"origin": [-16.5, 25, -17.5], "size": [3, 7, 3], "inflate": 0.25, "uv": [42, 42]},
						{"origin": [-17.5, 18, -18.5], "size": [5, 7, 5], "inflate": 0.2, "uv": [22, 42]},
						{"origin": [-18.5, 11, -19.5], "size": [7, 7, 7], "inflate": 0.1, "uv": [0, 28]},
						{"origin": [-16.5, 6, -21], "size": [3, 3, 10], "uv": [30, 6]},
						{"origin": [-16.5, 13, -20], "size": [3, 3, 8], "uv": [0, 42]},
						{"origin": [-16, 20, -19], "size": [2, 3, 6], "uv": [40, 19]},
						{"origin": [-16, 27, -18], "size": [2, 3, 4], "uv": [27, 0], "mirror": true},
						{"origin": [-16, 27, -18], "size": [2, 3, 4], "pivot": [-15, 28.5, -16], "rotation": [0, -90, 0], "uv": [27, 0]},
						{"origin": [-16, 20, -19], "size": [2, 3, 6], "pivot": [-15, 21.5, -16], "rotation": [0, -90, 0], "uv": [40, 19]},
						{"origin": [-16.5, 13, -20], "size": [3, 3, 8], "pivot": [-15, 14.5, -16], "rotation": [0, -90, 0], "uv": [0, 42]},
						{"origin": [-16.5, 6, -21], "size": [3, 3, 10], "pivot": [-15, 7.5, -16], "rotation": [0, -90, 0], "uv": [30, 6]}
					]
				}
			]
		}
	]
}