{
    "name": "blahaj",
    "nationalPokedexNumber": 1312,
    "primaryType": "water",
    "abilities": [
        "waterabsorb"
    ],
    "baseStats": {
        "hp": 100,
        "attack": 70,
        "defence": 72,
        "special_attack": 53,
        "special_defence": 62,
        "speed": 100
    },
    "catchRate": 45,
    "maleRatio": 0.5,
    "baseExperienceYield": 160,
    "baseFriendship": 50,
    "evYield": {
        "hp": 2,
        "attack": 0,
        "defence": 0,
        "special_attack": 0,
        "special_defence": 0,
        "speed": 0
    },
    "experienceGroup": "slow",
    "eggCycles": 40,
    "eggGroups": [
        "field",
        "water_2"
    ],
    "behaviour": {
        "moving": {
            "canLook": false,
            "swim": {
                "swimSpeed": 0.2,
                "canSwimInWater": true,
                "canBreatheUnderwater": true
            }
        }
    },
    "moves": [
        "1:holdhands",
        "1:splash",
        "15:tackle",
        "25:flail",
        "15:playnice",
        "15:playrough",
        "1:jetpunch",
        "9:babydolleyes",
        "9:tickle",
        "1:supersonic",
        "1:watergun",
        "1:flipturn",
        "12:healingwish",
        "12:allyswitch",
        "20:bodyslam",
        "20:dazzlinggleam",
        "1:heartstamp",
        "1:pound",
        "1:protect",
        "1:rest",
        "1:refresh",
        "1:retaliate",
        "1:return",
        "1:trick",
        "7:astonish",
        "10:focusenergy",
        "13:aquajet",
        "17:doublehit",
        "21:dive",
        "25:charm",
        "29:acrobatics",
        "34:encore",
        "39:aquatail",
        "44:mist",
        "50:hydropump",
        "55:focuspunch",
        "61:wavecrash",
        "tm:acrobatics",
        "tm:agility",
        "tm:aurasphere",
        "tm:blizzard",
        "tm:bodyslam",
        "tm:bulkup",
        "tm:charm",
        "tm:chillingwater",
        "tm:closecombat",
        "tm:disarmingvoice",
        "tm:drainingkiss",
        "tm:drainpunch",
        "tm:encore",
        "tm:endeavor",
        "tm:endure",
        "tm:facade",
        "tm:fling",
        "tm:flipturn",
        "tm:focusblast",
        "tm:focuspunch",
        "tm:gigaimpact",
        "tm:grassknot",
        "tm:hardpress",
        "tm:haze",
        "tm:helpinghand",
        "tm:hydropump",
        "tm:hyperbeam",
        "tm:hypervoice",
        "tm:icebeam",
        "tm:icepunch",
        "tm:icywind",
        "tm:ironhead",
        "tm:liquidation",
        "tm:outrage",
        "tm:protect",
        "tm:psychup",
        "tm:raindance",
        "tm:rest",
        "tm:reversal",
        "tm:sleeptalk",
        "tm:substitute",
        "tm:surf",
        "tm:swift",
        "tm:takedown",
        "tm:taunt",
        "tm:terablast",
        "tm:throatchop",
        "tm:waterfall",
        "tm:waterpulse",
        "tm:whirlpool",
        "tm:zenheadbutt"
    ],
    "labels": [
        "custom"
    ],
    "baseScale": 0.8,
    "hitbox": {
        "width": 1,
        "height": 0.6,
        "fixed": false
    },
    "aspects": [],
    "height": 10,
    "weight": 200,
    "evolutions": [],
    "pokedex": [
        "cobblemon.species.blahaj.desc"
    ]
}