{
	"format_version": "1.8.0",
	"animations": {
		"animation.xenoster.air_idle": {
			"loop": true,
			"animation_length": 7.9167,
			"bones": {
				"body": {
					"rotation": ["-math.cos(q.anim_time*90*3.5)*0.71*2", "-math.cos(q.anim_time*90*3.5)*0.71*2", "-math.cos(q.anim_time*90*3.5)*0.71*2"],
					"position": ["math.cos(q.anim_time*180*1.5)*0.71*2", "math.cos(q.anim_time*90*3.5)*0.71*2", "math.cos(q.anim_time*90*3.5)*0.71*2"]
				},
				"shell": {
					"rotation": {
						"0.0": [0, 0, 0],
						"7.9167": [0, 720, 0]
					}
				},
				"stalk_front1": {
					"rotation": ["-math.cos(q.anim_time*90*3.5)*0.71*4", 0, 0]
				},
				"stalk_back1": {
					"rotation": ["-math.cos(q.anim_time*90*3.5)*0.71*2", 0, 0]
				},
				"stalk_back7": {
					"rotation": ["-math.cos(q.anim_time*90*3.5)*0.71*2", 0, 0]
				},
				"stalk_back4": {
					"rotation": ["math.cos(q.anim_time*90*3.5)*0.71*2", 0, 0]
				},
				"leg8": {
					"rotation": {
						"0.0": [-90, "-math.cos(q.anim_time*90*3.5)*0.71*4", 0],
						"7.9167": [-90, "720-math.cos(q.anim_time*90*3.5)*0.71*4", 0]
					}
				},
				"leg7": {
					"rotation": {
						"0.0": [-90, "-math.cos(q.anim_time*90*3.5)*0.71*4", 0],
						"7.9167": [-90, "720-math.cos(q.anim_time*90*3.5)*0.71*4", 0]
					}
				},
				"leg3": {
					"rotation": {
						"0.0": [-90, "-math.cos(q.anim_time*90*3.5)*0.71*4", 0],
						"7.9167": [-90, "720-math.cos(q.anim_time*90*3.5)*0.71*4", 0]
					}
				},
				"leg2": {
					"rotation": {
						"0.0": [-90, "-math.cos(q.anim_time*90*3.5)*0.71*4", 0],
						"7.9167": [-90, "720-math.cos(q.anim_time*90*3.5)*0.71*4", 0]
					}
				},
				"leg4": {
					"rotation": {
						"0.0": [-90, "-math.cos(q.anim_time*90*3.5)*0.71*4", 0],
						"7.9167": [-90, "720-math.cos(q.anim_time*90*3.5)*0.71*4", 0]
					}
				},
				"leg1": {
					"rotation": {
						"0.0": [-90, "-math.cos(q.anim_time*90*3.5)*0.71*4", 0],
						"7.9167": [-90, "720-math.cos(q.anim_time*90*3.5)*0.71*4", 0]
					}
				},
				"leg6": {
					"rotation": {
						"0.0": [-90, "-math.cos(q.anim_time*90*3.5)*0.71*4", 0],
						"7.9167": [-90, "720-math.cos(q.anim_time*90*3.5)*0.71*4", 0]
					}
				},
				"leg5": {
					"rotation": {
						"0.0": [-90, "-math.cos(q.anim_time*90*3.5)*0.71*4", 0],
						"7.9167": [-90, "720-math.cos(q.anim_time*90*3.5)*0.71*4", 0]
					}
				}
			}
		},
		"animation.xenoster.air_fly": {
			"loop": true,
			"animation_length": 7.9167,
			"bones": {
				"body": {
					"rotation": ["17.5-math.cos(q.anim_time*90*3.5)*0.71*2", "-math.cos(q.anim_time*90*3.5)*0.71*2", "-math.cos(q.anim_time*90*3.5)*0.71*2"],
					"position": ["math.cos(q.anim_time*180*1.5)*0.71*2", "math.cos(q.anim_time*90*3.5)*0.71*2", "math.cos(q.anim_time*90*3.5)*0.71*2"]
				},
				"shell": {
					"rotation": {
						"0.0": [0, 0, 0],
						"7.9167": [0, 720, 0]
					}
				},
				"stalk_front1": {
					"rotation": ["-math.cos(q.anim_time*90*3.5)*0.71*4", 0, 0]
				},
				"stalk_back1": {
					"rotation": ["-math.cos(q.anim_time*90*3.5)*0.71*2", 0, 0]
				},
				"stalk_back7": {
					"rotation": ["-math.cos(q.anim_time*90*3.5)*0.71*2", 0, 0]
				},
				"stalk_back4": {
					"rotation": ["math.cos(q.anim_time*90*3.5)*0.71*2", 0, 0]
				},
				"leg8": {
					"rotation": {
						"0.0": [-90, "-math.cos(q.anim_time*90*3.5)*0.71*4", 0],
						"7.9167": [-90, "720-math.cos(q.anim_time*90*3.5)*0.71*4", 0]
					}
				},
				"leg7": {
					"rotation": {
						"0.0": [-90, "-math.cos(q.anim_time*90*3.5)*0.71*4", 0],
						"7.9167": [-90, "720-math.cos(q.anim_time*90*3.5)*0.71*4", 0]
					}
				},
				"leg3": {
					"rotation": {
						"0.0": [-90, "-math.cos(q.anim_time*90*3.5)*0.71*4", 0],
						"7.9167": [-90, "720-math.cos(q.anim_time*90*3.5)*0.71*4", 0]
					}
				},
				"leg2": {
					"rotation": {
						"0.0": [-90, "-math.cos(q.anim_time*90*3.5)*0.71*4", 0],
						"7.9167": [-90, "720-math.cos(q.anim_time*90*3.5)*0.71*4", 0]
					}
				},
				"leg4": {
					"rotation": {
						"0.0": [-90, "-math.cos(q.anim_time*90*3.5)*0.71*4", 0],
						"7.9167": [-90, "720-math.cos(q.anim_time*90*3.5)*0.71*4", 0]
					}
				},
				"leg1": {
					"rotation": {
						"0.0": [-90, "-math.cos(q.anim_time*90*3.5)*0.71*4", 0],
						"7.9167": [-90, "720-math.cos(q.anim_time*90*3.5)*0.71*4", 0]
					}
				},
				"leg6": {
					"rotation": {
						"0.0": [-90, "-math.cos(q.anim_time*90*3.5)*0.71*4", 0],
						"7.9167": [-90, "720-math.cos(q.anim_time*90*3.5)*0.71*4", 0]
					}
				},
				"leg5": {
					"rotation": {
						"0.0": [-90, "-math.cos(q.anim_time*90*3.5)*0.71*4", 0],
						"7.9167": [-90, "720-math.cos(q.anim_time*90*3.5)*0.71*4", 0]
					}
				}
			}
		},
		"animation.xenoster.ground_idle": {
			"loop": true,
			"bones": {
				"torso": {
					"position": [0, "1+math.cos(q.anim_time*90*3.5)*2", 0]
				},
				"stalk_front1": {
					"rotation": ["-math.cos(q.anim_time*90*3.5)*0.71", 0, 0],
					"scale": [1, "1+math.cos(q.anim_time*90*3.5)*0.025", 1]
				},
				"stalk_back1": {
					"rotation": ["-math.cos(q.anim_time*90*3.5)*0.71", 0, 0],
					"scale": [1, "1+math.cos(q.anim_time*90*3.5)*0.025", 1]
				},
				"stalk_back7": {
					"rotation": ["-math.cos(q.anim_time*90*3.5)*0.71", 0, 0],
					"scale": [1, "1+math.cos(q.anim_time*90*3.5)*0.025", 1]
				},
				"stalk_back4": {
					"rotation": ["-math.cos(q.anim_time*90*3.5)*0.71", 0, 0],
					"scale": [1, "1+math.cos(q.anim_time*90*3.5)*0.025", 1]
				},
				"legs": {
					"scale": [1, "1+math.cos(q.anim_time*90*3.5)*0.1", 1]
				}
			}
		},
		"animation.xenoster.sleep": {
			"loop": true,
			"bones": {
				"body": {
					"position": [0, "-14.75-math.cos(q.anim_time*45*3.5)*0.1", 0]
				},
				"eye_little8": {
					"position": [2, 0, 0],
					"scale": [1, 0, 1]
				},
				"eye_little7": {
					"position": [2, 0, 0],
					"scale": [1, 0, 1]
				},
				"eye_little6": {
					"position": [0, 0, -2],
					"scale": [1, 0, 1]
				},
				"eye_little5": {
					"position": [0, 0, -2],
					"scale": [1, 0, 1]
				},
				"eye_little4": {
					"position": [-2, 0, 0],
					"scale": [1, 0, 1]
				},
				"eye_little3": {
					"position": [-2, 0, 0],
					"scale": [1, 0, 1]
				},
				"eye_little2": {
					"position": [0, 0, 2],
					"scale": [1, 0, 1]
				},
				"eye_little1": {
					"position": [0, 0, 2],
					"scale": [1, 0, 1]
				},
				"stalk_front1": {
					"position": [0, 21, 0],
					"scale": 0
				},
				"eye_main_front": {
					"position": [0, -13, 0]
				},
				"stalk_back1": {
					"position": [0, 19, 0],
					"scale": 0
				},
				"eye_main_back": {
					"position": [0, 6, 0]
				},
				"stalk_back7": {
					"position": [0, 21, 0],
					"scale": 0
				},
				"eye_main_back3": {
					"position": [0, -7, 0],
					"scale": 0
				},
				"stalk_back4": {
					"position": [0, 23, 0],
					"scale": 0
				},
				"leg8": {
					"scale": [0.1, 0, 1]
				},
				"leg7": {
					"scale": [0.2, 0, 1]
				},
				"leg3": {
					"scale": [0.2, 0, 1]
				},
				"leg2": {
					"scale": [0.2, 0, 1]
				},
				"leg4": {
					"scale": [0.2, 0, 1]
				},
				"leg1": {
					"scale": [0.1, 0, 1]
				},
				"leg6": {
					"scale": [0.3, 0, 1]
				},
				"stalk_front2": {
					"scale": 0
				},
				"stalk_front3": {
					"scale": 0
				},
				"stalk_back8": {
					"scale": 0
				},
				"stalk_back9": {
					"scale": 0
				},
				"stalk_back5": {
					"scale": 0
				},
				"stalk_back6": {
					"scale": 0
				},
				"eye_main_back2": {
					"scale": 0
				},
				"leg5": {
					"scale": [0.1, 0, 1]
				}
			}
		},
		"animation.xenoster.faint": {
			"animation_length": 9.3333,
			"bones": {
				"body": {
					"rotation": {
						"0.2917": ["-math.cos(q.anim_time*90*3.5)*0.71*2", "-math.cos(q.anim_time*90*3.5)*0.71*2", "-math.cos(q.anim_time*90*3.5)*0.71*2"],
						"0.9583": ["-math.cos(q.anim_time*90*3.5)*0.71*2", "360-math.cos(q.anim_time*90*3.5)*0.71*2", "-math.cos(q.anim_time*90*3.5)*0.71*2"],
						"1.0": [0, 0, 0]
					},
					"position": {
						"0.0": [0, 0, 0],
						"0.2917": ["math.cos(q.anim_time*180*1.5)*0.71*2", "51+math.cos(q.anim_time*90*3.5)*0.71*2", "math.cos(q.anim_time*90*3.5)*0.71*2"],
						"0.8333": ["math.cos(q.anim_time*180*1.5)*0.71*2", 51, 0],
						"0.9583": [0, 0, 0],
						"1.0": [0, -17.5, 0]
					}
				},
				"torso": {
					"position": {
						"0.0": [0, "1+math.cos(q.anim_time*90*3.5)*2", 0],
						"1.0": [0, 0, 0]
					}
				},
				"shell": {
					"rotation": [0, 0, 0]
				},
				"eye_little8": {
					"position": {
						"0.0": [0, 0, 0],
						"0.875": [0, 0, 0],
						"0.9583": [2, 0, 0]
					},
					"scale": {
						"0.0": [1, 1, 1],
						"0.875": [1, 1, 1],
						"0.9583": [1, 0, 1]
					}
				},
				"eye_little7": {
					"position": {
						"0.0": [0, 0, 0],
						"0.875": [0, 0, 0],
						"0.9583": [2, 0, 0]
					},
					"scale": {
						"0.0": [1, 1, 1],
						"0.875": [1, 1, 1],
						"0.9583": [1, 0, 1]
					}
				},
				"eye_little6": {
					"position": {
						"0.0": [0, 0, 0],
						"0.875": [0, 0, 0],
						"0.9583": [0, 0, -2]
					},
					"scale": {
						"0.0": [1, 1, 1],
						"0.875": [1, 1, 1],
						"0.9583": [1, 0, 1]
					}
				},
				"eye_little5": {
					"position": {
						"0.0": [0, 0, 0],
						"0.875": [0, 0, 0],
						"0.9583": [0, 0, -2]
					},
					"scale": {
						"0.0": [1, 1, 1],
						"0.875": [1, 1, 1],
						"0.9583": [1, 0, 1]
					}
				},
				"eye_little4": {
					"position": {
						"0.0": [0, 0, 0],
						"0.875": [0, 0, 0],
						"0.9583": [-2, 0, 0]
					},
					"scale": {
						"0.0": [1, 1, 1],
						"0.875": [1, 1, 1],
						"0.9583": [1, 0, 1]
					}
				},
				"eye_little3": {
					"position": {
						"0.0": [0, 0, 0],
						"0.875": [0, 0, 0],
						"0.9583": [-2, 0, 0]
					},
					"scale": {
						"0.0": [1, 1, 1],
						"0.875": [1, 1, 1],
						"0.9583": [1, 0, 1]
					}
				},
				"eye_little2": {
					"position": {
						"0.0": [0, 0, 0],
						"0.875": [0, 0, 0],
						"0.9583": [0, 0, 2]
					},
					"scale": {
						"0.0": [1, 1, 1],
						"0.875": [1, 1, 1],
						"0.9583": [1, 0, 1]
					}
				},
				"eye_little1": {
					"position": {
						"0.0": [0, 0, 0],
						"0.875": [0, 0, 0],
						"0.9583": [0, 0, 2]
					},
					"scale": {
						"0.0": [1, 1, 1],
						"0.875": [1, 1, 1],
						"0.9583": [1, 0, 1]
					}
				},
				"stalk_front1": {
					"rotation": {
						"0.0": ["-math.cos(q.anim_time*90*3.5)*0.71", 0, "math.cos(q.anim_time*90*3.5)*0.71"],
						"0.2917": ["-math.cos(q.anim_time*90*3.5)*0.71*4", 0, "math.cos(q.anim_time*90*3.5)*0.71*2"]
					},
					"position": {
						"0.0": [0, 0, 0],
						"0.2917": [0, 0, 0]
					},
					"scale": {
						"0.0": [1, "1+math.cos(q.anim_time*90*3.5)*0.025", 1],
						"0.9583": [0, 0, 0]
					}
				},
				"eye_main_front": {
					"position": {
						"0.0": [0, 0, 0],
						"0.875": [0, 0, 0],
						"0.9583": [0, -13, 0]
					},
					"scale": {
						"0.0": [1, 1, 1],
						"0.875": [1, 1, 1]
					}
				},
				"stalk_back1": {
					"rotation": {
						"0.0": ["-math.cos(q.anim_time*90*3.5)*0.71", 0, "-math.cos(q.anim_time*90*3.5)*0.71"],
						"0.2917": ["-math.cos(q.anim_time*90*3.5)*0.71*2", 0, "-math.cos(q.anim_time*90*3.5)*0.71*2"]
					},
					"position": {
						"0.0": [0, 0, 0],
						"0.2917": [0, 0, 0]
					},
					"scale": {
						"0.0": [1, "1+math.cos(q.anim_time*90*3.5)*0.025", 1],
						"0.9583": [0, 0, 0]
					}
				},
				"eye_main_back": {
					"position": {
						"0.0": [0, 0, 0],
						"0.875": [0, 0, 0],
						"0.9583": [0, 6, 0]
					},
					"scale": {
						"0.0": [1, 1, 1],
						"0.875": [1, 1, 1]
					}
				},
				"stalk_back7": {
					"rotation": {
						"0.0": ["-math.cos(q.anim_time*90*3.5)*0.71", 0, "-math.cos(q.anim_time*90*3.5)*0.71"],
						"0.2917": ["-math.cos(q.anim_time*90*3.5)*0.71*2", 0, "-math.cos(q.anim_time*90*3.5)*0.71*2"]
					},
					"position": {
						"0.0": [0, 0, 0],
						"0.2917": [0, 0, 0]
					},
					"scale": {
						"0.0": [1, "1+math.cos(q.anim_time*90*3.5)*0.025", 1],
						"0.9583": [0, 0, 0]
					}
				},
				"eye_main_back3": {
					"position": {
						"0.0": [0, 0, 0],
						"0.875": [0, 0, 0],
						"0.9583": [0, -7, 0]
					},
					"scale": {
						"0.0": [1, 1, 1],
						"0.875": [1, 1, 1]
					}
				},
				"stalk_back4": {
					"rotation": {
						"0.0": ["-math.cos(q.anim_time*90*3.5)*0.71", 0, "math.cos(q.anim_time*90*3.5)*0.71"],
						"0.2917": ["-math.cos(q.anim_time*90*3.5)*0.71*2", 0, "math.cos(q.anim_time*90*3.5)*0.71*2"]
					},
					"position": {
						"0.0": [0, 0, 0],
						"0.2917": [0, 0, 0]
					},
					"scale": {
						"0.0": [1, "1+math.cos(q.anim_time*90*3.5)*0.025", 1],
						"0.9583": [0, 0, 0]
					}
				},
				"legs": {
					"scale": {
						"0.0": [1, "1+math.cos(q.anim_time*90*3.5)*0.1", 1],
						"0.875": [1, 1, 1]
					}
				},
				"leg8": {
					"rotation": {
						"0.0": [0, 0, 0],
						"0.2917": [-90, "-math.cos(q.anim_time*90*3.5)*0.71*4", 0]
					},
					"scale": {
						"0.875": [1, 1, 1],
						"1.2083": [0.1, 0, 0]
					}
				},
				"leg7": {
					"rotation": {
						"0.0": [0, 0, 0],
						"0.2917": [-90, "-math.cos(q.anim_time*90*3.5)*0.71*4", 0]
					},
					"scale": {
						"0.875": [1, 1, 1],
						"1.2083": [0.2, 0, 0]
					}
				},
				"leg3": {
					"rotation": {
						"0.0": [0, 0, 0],
						"0.2917": [-90, "-math.cos(q.anim_time*90*3.5)*0.71*4", 0]
					},
					"scale": {
						"0.875": [1, 1, 1],
						"1.2083": [0.2, 0, 0]
					}
				},
				"leg2": {
					"rotation": {
						"0.0": [0, 0, 0],
						"0.2917": [-90, "-math.cos(q.anim_time*90*3.5)*0.71*4", 0]
					},
					"scale": {
						"0.875": [1, 1, 1],
						"1.2083": [0.2, 0, 0]
					}
				},
				"leg4": {
					"rotation": {
						"0.0": [0, 0, 0],
						"0.2917": [-90, "-math.cos(q.anim_time*90*3.5)*0.71*4", 0]
					},
					"scale": {
						"0.875": [1, 1, 1],
						"1.2083": [0.2, 0, 0]
					}
				},
				"leg1": {
					"rotation": {
						"0.0": [0, 0, 0],
						"0.2917": [-90, "-math.cos(q.anim_time*90*3.5)*0.71*4", 0]
					},
					"scale": {
						"0.875": [1, 1, 1],
						"1.2083": [0.1, 0, 0]
					}
				},
				"leg6": {
					"rotation": {
						"0.0": [0, 0, 0],
						"0.2917": [-90, "-math.cos(q.anim_time*90*3.5)*0.71*4", 0]
					},
					"scale": {
						"0.875": [1, 1, 1],
						"1.2083": [0.3, 0, 0]
					}
				},
				"leg5": {
					"rotation": {
						"0.0": [0, 0, 0],
						"0.2917": [-90, "-math.cos(q.anim_time*90*3.5)*0.71*4", 0]
					},
					"scale": {
						"0.875": [1, 1, 1],
						"1.2083": [0.1, 0, 0]
					}
				}
			}
		},
		"animation.xenoster.blink1": {
			"animation_length": 0.1667,
			"bones": {
				"eye_little1": {
					"scale": {
						"0.0": [1, 1, 1],
						"0.0833": [1, 0, 1],
						"0.1667": [1, 1, 1]
					}
				},
				"eye_main_back3": {
					"scale": 1
				}
			}
		},
		"animation.xenoster.blink2": {
			"animation_length": 0.1667,
			"bones": {
				"eye_little2": {
					"scale": {
						"0.0": [1, 1, 1],
						"0.0833": [1, 0, 1],
						"0.1667": [1, 1, 1]
					}
				}
			}
		},
		"animation.xenoster.blink3": {
			"animation_length": 0.1667,
			"bones": {
				"eye_little3": {
					"scale": {
						"0.0": [1, 1, 1],
						"0.0833": [1, 0, 1],
						"0.1667": [1, 1, 1]
					}
				}
			}
		},
		"animation.xenoster.blink4": {
			"animation_length": 0.1667,
			"bones": {
				"eye_little4": {
					"scale": {
						"0.0": [1, 1, 1],
						"0.0833": [1, 0, 1],
						"0.1667": [1, 1, 1]
					}
				}
			}
		},
		"animation.xenoster.blink5": {
			"animation_length": 0.1667,
			"bones": {
				"eye_little5": {
					"scale": {
						"0.0": [1, 1, 1],
						"0.0833": [1, 0, 1],
						"0.1667": [1, 1, 1]
					}
				}
			}
		},
		"animation.xenoster.blink6": {
			"animation_length": 0.1667,
			"bones": {
				"eye_little6": {
					"scale": {
						"0.0": [1, 1, 1],
						"0.0833": [1, 0, 1],
						"0.1667": [1, 1, 1]
					}
				}
			}
		},
		"animation.xenoster.blink7": {
			"animation_length": 0.1667,
			"bones": {
				"eye_little7": {
					"scale": {
						"0.0": [1, 1, 1],
						"0.0833": [1, 0, 1],
						"0.1667": [1, 1, 1]
					}
				}
			}
		},
		"animation.xenoster.blink8": {
			"animation_length": 0.1667,
			"bones": {
				"eye_little8": {
					"scale": {
						"0.0": [1, 1, 1],
						"0.0833": [1, 0, 1],
						"0.1667": [1, 1, 1]
					}
				}
			}
		},
		"animation.xenoster.blink9": {
			"animation_length": 0.1667,
			"bones": {
				"eye_main_front": {
					"scale": {
						"0.0": [1, 1, 1],
						"0.0833": [1, 0, 1],
						"0.1667": [1, 1, 1]
					}
				}
			}
		},
		"animation.xenoster.blink10": {
			"animation_length": 0.1667,
			"bones": {
				"eye_main_back3": {
					"scale": {
						"0.0": [1, 1, 1],
						"0.0833": [1, 0, 1],
						"0.1667": [1, 1, 1]
					}
				}
			}
		},
		"animation.xenoster.blink11": {
			"animation_length": 0.1667,
			"bones": {
				"eye_main_back": {
					"scale": {
						"0.0": [1, 1, 1],
						"0.0833": [1, 0, 1],
						"0.1667": [1, 1, 1]
					}
				}
			}
		},
		"animation.xenoster.blink12": {
			"animation_length": 0.1667,
			"bones": {
				"eye_main_back2": {
					"scale": {
						"0.0": [1, 1, 1],
						"0.0833": [1, 0, 1],
						"0.1667": [1, 1, 1]
					}
				}
			}
		},
		"animation.xenoster.cry": {
			"animation_length": 1.2917,
			"bones": {
				"body": {
					"scale": {
						"0.0": {
							"post": [1, 1, 1],
							"lerp_mode": "catmullrom"
						},
						"0.0833": {
							"post": [1, 0.96, 1],
							"lerp_mode": "catmullrom"
						},
						"0.3333": {
							"post": [1, 1.08, 1],
							"lerp_mode": "catmullrom"
						},
						"1.1667": {
							"post": [1, 1.19, 1],
							"lerp_mode": "catmullrom"
						},
						"1.2917": {
							"post": [1, 1, 1],
							"lerp_mode": "catmullrom"
						}
					}
				},
				"stalk_front1": {
					"rotation": {
						"0.0": {
							"post": [0, 0, 0],
							"lerp_mode": "catmullrom"
						},
						"0.0833": {
							"post": [17.5, 0, 0],
							"lerp_mode": "catmullrom"
						},
						"0.3333": {
							"post": [-3, 0, 0],
							"lerp_mode": "catmullrom"
						},
						"0.4167": {
							"post": [3, 0, 0],
							"lerp_mode": "catmullrom"
						},
						"0.5": {
							"post": [-3, 0, 0],
							"lerp_mode": "catmullrom"
						},
						"0.5833": {
							"post": [3, 0, 0],
							"lerp_mode": "catmullrom"
						},
						"0.6667": {
							"post": [-3, 0, 0],
							"lerp_mode": "catmullrom"
						},
						"0.75": {
							"post": [3, 0, 0],
							"lerp_mode": "catmullrom"
						},
						"0.8333": {
							"post": [-3, 0, 0],
							"lerp_mode": "catmullrom"
						},
						"0.9167": {
							"post": [3, 0, 0],
							"lerp_mode": "catmullrom"
						},
						"1.0": {
							"post": [-3, 0, 0],
							"lerp_mode": "catmullrom"
						},
						"1.0833": {
							"post": [3, 0, 0],
							"lerp_mode": "catmullrom"
						},
						"1.1667": {
							"post": [-3, 0, 0],
							"lerp_mode": "catmullrom"
						},
						"1.2917": {
							"post": [0, 0, 0],
							"lerp_mode": "catmullrom"
						}
					}
				},
				"stalk_back1": {
					"rotation": {
						"0.0": {
							"post": [0, 0, 0],
							"lerp_mode": "catmullrom"
						},
						"0.0833": {
							"post": [-17.5, 0, 0],
							"lerp_mode": "catmullrom"
						},
						"0.3333": {
							"post": [3, 0, 0],
							"lerp_mode": "catmullrom"
						},
						"0.4167": {
							"post": [-3, 0, 0],
							"lerp_mode": "catmullrom"
						},
						"0.5": {
							"post": [3, 0, 0],
							"lerp_mode": "catmullrom"
						},
						"0.5833": {
							"post": [-3, 0, 0],
							"lerp_mode": "catmullrom"
						},
						"0.6667": {
							"post": [3, 0, 0],
							"lerp_mode": "catmullrom"
						},
						"0.75": {
							"post": [-3, 0, 0],
							"lerp_mode": "catmullrom"
						},
						"0.8333": {
							"post": [3, 0, 0],
							"lerp_mode": "catmullrom"
						},
						"0.9167": {
							"post": [-3, 0, 0],
							"lerp_mode": "catmullrom"
						},
						"1.0": {
							"post": [3, 0, 0],
							"lerp_mode": "catmullrom"
						},
						"1.0833": {
							"post": [-3, 0, 0],
							"lerp_mode": "catmullrom"
						},
						"1.1667": {
							"post": [3, 0, 0],
							"lerp_mode": "catmullrom"
						},
						"1.2917": {
							"post": [0, 0, 0],
							"lerp_mode": "catmullrom"
						}
					}
				},
				"stalk_back7": {
					"rotation": {
						"0.0": {
							"post": [0, 0, 0],
							"lerp_mode": "catmullrom"
						},
						"0.0833": {
							"post": [-17.5, 0, 0],
							"lerp_mode": "catmullrom"
						},
						"0.3333": {
							"post": [3, 0, 0],
							"lerp_mode": "catmullrom"
						},
						"0.4167": {
							"post": [-3, 0, 0],
							"lerp_mode": "catmullrom"
						},
						"0.5": {
							"post": [3, 0, 0],
							"lerp_mode": "catmullrom"
						},
						"0.5833": {
							"post": [-3, 0, 0],
							"lerp_mode": "catmullrom"
						},
						"0.6667": {
							"post": [3, 0, 0],
							"lerp_mode": "catmullrom"
						},
						"0.75": {
							"post": [-3, 0, 0],
							"lerp_mode": "catmullrom"
						},
						"0.8333": {
							"post": [3, 0, 0],
							"lerp_mode": "catmullrom"
						},
						"0.9167": {
							"post": [-3, 0, 0],
							"lerp_mode": "catmullrom"
						},
						"1.0": {
							"post": [3, 0, 0],
							"lerp_mode": "catmullrom"
						},
						"1.0833": {
							"post": [-3, 0, 0],
							"lerp_mode": "catmullrom"
						},
						"1.1667": {
							"post": [3, 0, 0],
							"lerp_mode": "catmullrom"
						},
						"1.2917": {
							"post": [0, 0, 0],
							"lerp_mode": "catmullrom"
						}
					}
				},
				"stalk_back4": {
					"rotation": {
						"0.0": {
							"post": [0, 0, 0],
							"lerp_mode": "catmullrom"
						},
						"0.0833": {
							"post": [-17.5, 0, 0],
							"lerp_mode": "catmullrom"
						},
						"0.3333": {
							"post": [3, 0, 0],
							"lerp_mode": "catmullrom"
						},
						"0.4167": {
							"post": [-3, 0, 0],
							"lerp_mode": "catmullrom"
						},
						"0.5": {
							"post": [3, 0, 0],
							"lerp_mode": "catmullrom"
						},
						"0.5833": {
							"post": [-3, 0, 0],
							"lerp_mode": "catmullrom"
						},
						"0.6667": {
							"post": [3, 0, 0],
							"lerp_mode": "catmullrom"
						},
						"0.75": {
							"post": [-3, 0, 0],
							"lerp_mode": "catmullrom"
						},
						"0.8333": {
							"post": [3, 0, 0],
							"lerp_mode": "catmullrom"
						},
						"0.9167": {
							"post": [-3, 0, 0],
							"lerp_mode": "catmullrom"
						},
						"1.0": {
							"post": [3, 0, 0],
							"lerp_mode": "catmullrom"
						},
						"1.0833": {
							"post": [-3, 0, 0],
							"lerp_mode": "catmullrom"
						},
						"1.1667": {
							"post": [3, 0, 0],
							"lerp_mode": "catmullrom"
						},
						"1.2917": {
							"post": [0, 0, 0],
							"lerp_mode": "catmullrom"
						}
					}
				}
			},
			"sound_effects": {
				"0.3333": {
					"effect": "pokemon.xenoster.cry"
				}
			}
		},
		"animation.xenoster.recoil": {
			"animation_length": 0.2917,
			"bones": {
				"shell": {
					"rotation": {
						"0.0": {
							"post": [0, 0, 0],
							"lerp_mode": "catmullrom"
						},
						"0.125": {
							"post": [-10, 0, 0],
							"lerp_mode": "catmullrom"
						},
						"0.2917": {
							"post": [0, 0, 0],
							"lerp_mode": "catmullrom"
						}
					}
				},
				"stalk_front1": {
					"rotation": {
						"0.0": {
							"post": [0, 0, 0],
							"lerp_mode": "catmullrom"
						},
						"0.125": {
							"post": [-22.5, 0, 0],
							"lerp_mode": "catmullrom"
						},
						"0.2917": {
							"post": [0, 0, 0],
							"lerp_mode": "catmullrom"
						}
					},
					"position": {
						"0.0": {
							"post": [0, 0, 0],
							"lerp_mode": "catmullrom"
						},
						"0.125": {
							"post": [0, 0, 3.5],
							"lerp_mode": "catmullrom"
						},
						"0.2917": {
							"post": [0, 0, 0],
							"lerp_mode": "catmullrom"
						}
					}
				},
				"stalk_back1": {
					"rotation": {
						"0.0": {
							"post": [0, 0, 0],
							"lerp_mode": "catmullrom"
						},
						"0.125": {
							"post": [-15, 0, 0],
							"lerp_mode": "catmullrom"
						},
						"0.2917": {
							"post": [0, 0, 0],
							"lerp_mode": "catmullrom"
						}
					},
					"position": {
						"0.0": {
							"post": [0, 0, 0],
							"lerp_mode": "catmullrom"
						},
						"0.125": {
							"post": [0, 0, 6.5],
							"lerp_mode": "catmullrom"
						},
						"0.2917": {
							"post": [0, 0, 0],
							"lerp_mode": "catmullrom"
						}
					}
				},
				"stalk_back7": {
					"rotation": {
						"0.0": {
							"post": [0, 0, 0],
							"lerp_mode": "catmullrom"
						},
						"0.125": {
							"post": [-96.50882, 22.6313, 96.0115],
							"lerp_mode": "catmullrom"
						},
						"0.2917": {
							"post": [0, 0, 0],
							"lerp_mode": "catmullrom"
						}
					},
					"position": {
						"0.0": {
							"post": [0, 0, 0],
							"lerp_mode": "catmullrom"
						},
						"0.125": {
							"post": [0, 0, 4.5],
							"lerp_mode": "catmullrom"
						},
						"0.2917": {
							"post": [0, 0, 0],
							"lerp_mode": "catmullrom"
						}
					}
				},
				"stalk_back4": {
					"rotation": {
						"0.0": {
							"post": [0, 0, 0],
							"lerp_mode": "catmullrom"
						},
						"0.125": {
							"post": [-96.50882, -22.63129, -96.01146],
							"lerp_mode": "catmullrom"
						},
						"0.2917": {
							"post": [0, 0, 0],
							"lerp_mode": "catmullrom"
						}
					},
					"position": {
						"0.0": {
							"post": [0, 0, 0],
							"lerp_mode": "catmullrom"
						},
						"0.125": {
							"post": [-1.75, 0, 4.5],
							"lerp_mode": "catmullrom"
						},
						"0.2917": {
							"post": [0, 0, 0],
							"lerp_mode": "catmullrom"
						}
					}
				}
			}
		}
	}
}