{
	"format_version": "1.12.0",
	"minecraft:geometry": [
		{
			"description": {
				"identifier": "geometry.lupayena",
				"texture_width": 256,
				"texture_height": 256,
				"visible_bounds_width": 8,
				"visible_bounds_height": 3.5,
				"visible_bounds_offset": [0, 1.25, 0]
			},
			"bones": [
				{
					"name": "lupayena",
					"pivot": [0, 0, 0]
				},
				{
					"name": "body",
					"parent": "lupayena",
					"pivot": [0, 0, 0]
				},
				{
					"name": "torso",
					"parent": "body",
					"pivot": [0, 10.5, 4.9]
				},
				{
					"name": "upper_torso",
					"parent": "torso",
					"pivot": [0, 14.5, 3.9]
				},
				{
					"name": "mane",
					"parent": "upper_torso",
					"pivot": [0, 18, -4],
					"cubes": [
						{"origin": [-8, 6.5, -17], "size": [16, 15, 5], "uv": [54, 77]},
						{"origin": [-7, 4.5, -12], "size": [14, 3, 11], "uv": [74, 0]},
						{"origin": [-12, 6.5, -12], "size": [24, 18, 11], "uv": [0, 27]},
						{"origin": [-10, 9.5, -15], "size": [20, 10, 17], "uv": [0, 0]},
						{"origin": [-6, 13.5, -14], "size": [12, 16, 15], "uv": [0, 56]},
						{"origin": [-10, 13.5, -10], "size": [20, 14, 7], "uv": [54, 56]},
						{"origin": [-3, 22.5, -2], "size": [6, 3, 5], "uv": [124, 115]},
						{"origin": [-4, 21.5, -16], "size": [8, 3, 2], "uv": [70, 50]},
						{"origin": [-7, 6.5, -1.1], "size": [14, 16, 5], "uv": [0, 87]}
					]
				},
				{
					"name": "mane2",
					"parent": "mane",
					"pivot": [0, 29.5, -10],
					"cubes": [
						{"origin": [-3, 29.5, -10], "size": [6, 3, 10], "uv": [70, 103]}
					]
				},
				{
					"name": "mane3",
					"parent": "mane2",
					"pivot": [0, 32.5, -6],
					"cubes": [
						{"origin": [-1.5, 31.5, -6], "size": [3, 3, 10], "uv": [108, 50]}
					]
				},
				{
					"name": "mane_end",
					"parent": "mane3",
					"pivot": [0, 34.5, 4],
					"cubes": [
						{"origin": [0, 30.5, 4], "size": [0, 5, 7], "uv": [94, 130]}
					]
				},
				{
					"name": "mane_tuft_left",
					"parent": "mane",
					"pivot": [8, 27.5, -6.6],
					"cubes": [
						{"origin": [8, 26.5, -9.1], "size": [0, 4, 6], "uv": [134, 102]}
					]
				},
				{
					"name": "mane_tuft_right",
					"parent": "mane",
					"pivot": [-8, 27.5, -6.6],
					"cubes": [
						{"origin": [-8, 26.5, -9.1], "size": [0, 4, 6], "uv": [120, 135]}
					]
				},
				{
					"name": "mane_tuft_right2",
					"parent": "mane",
					"pivot": [-11, 24.5, -6.1],
					"cubes": [
						{"origin": [-11, 24.5, -9.1], "size": [0, 4, 7], "uv": [64, 131]}
					]
				},
				{
					"name": "mane_tuft_lower_right",
					"parent": "mane",
					"pivot": [-9.5, 6.5, -9.1],
					"cubes": [
						{"origin": [-9.5, 3.5, -9.1], "size": [0, 3, 7], "uv": [0, 133]}
					]
				},
				{
					"name": "mane_tuft_lower_left",
					"parent": "mane",
					"pivot": [9.5, 6.5, -9.1],
					"cubes": [
						{"origin": [9.5, 3.5, -9.1], "size": [0, 3, 7], "uv": [134, 50]}
					]
				},
				{
					"name": "mane_tuft_lower",
					"parent": "mane",
					"pivot": [0, 4.5, -8.1],
					"cubes": [
						{"origin": [0, 1.5, -9.1], "size": [0, 3, 7], "uv": [134, 46]}
					]
				},
				{
					"name": "mane_tuft_left5",
					"parent": "mane",
					"pivot": [12, 10.5, -8.1],
					"cubes": [
						{"origin": [11, 10.5, -8.1], "size": [3, 0, 9], "uv": [122, 84]}
					]
				},
				{
					"name": "mane_tuft_left3",
					"parent": "mane",
					"pivot": [12, 20.5, -7.1],
					"cubes": [
						{"origin": [11, 20.5, -7.1], "size": [3, 0, 9], "uv": [122, 84]}
					]
				},
				{
					"name": "mane_tuft_right5",
					"parent": "mane",
					"pivot": [-12, 10.5, -8.1],
					"cubes": [
						{"origin": [-14, 10.5, -8.1], "size": [3, 0, 9], "uv": [122, 93]}
					]
				},
				{
					"name": "mane_tuft_right4",
					"parent": "mane",
					"pivot": [-12, 15.5, -5.1],
					"cubes": [
						{"origin": [-15, 15.5, -5.1], "size": [4, 0, 12], "uv": [102, 103]}
					]
				},
				{
					"name": "mane_tuft_left4",
					"parent": "mane",
					"pivot": [12, 15.5, -5.1],
					"cubes": [
						{"origin": [11, 15.5, -5.1], "size": [4, 0, 12], "uv": [106, 14]}
					]
				},
				{
					"name": "mane_tuft_right3",
					"parent": "mane",
					"pivot": [-12, 20.5, -7.1],
					"cubes": [
						{"origin": [-14, 20.5, -7.1], "size": [3, 0, 9], "uv": [122, 93]}
					]
				},
				{
					"name": "mane_tuft_lower_left2",
					"parent": "mane",
					"pivot": [4, 6.5, -1.1],
					"cubes": [
						{"origin": [4, 4.5, -1.1], "size": [0, 2, 5], "uv": [144, 25]}
					]
				},
				{
					"name": "mane_tuft_lower_right2",
					"parent": "mane",
					"pivot": [-4, 6.5, -1.1],
					"cubes": [
						{"origin": [-4, 4.5, -1.1], "size": [0, 2, 5], "uv": [108, 143]}
					]
				},
				{
					"name": "mane_tuft",
					"parent": "mane",
					"pivot": [0, 21.5, -8],
					"cubes": [
						{"origin": [0, 21.5, -21], "size": [0, 13, 13], "uv": [96, 77]}
					]
				},
				{
					"name": "mane_tuft_left2",
					"parent": "mane",
					"pivot": [11, 24.5, -6.1],
					"cubes": [
						{"origin": [11, 24.5, -9.1], "size": [0, 4, 7], "uv": [78, 131]}
					]
				},
				{
					"name": "head",
					"parent": "upper_torso",
					"pivot": [0, 12.9, -20.45],
					"cubes": [
						{"origin": [-3.5, 10, -23.5], "size": [7, 7, 7], "uv": [0, 108]},
						{"origin": [-2, 10.9, -26.25], "size": [4, 2, 3], "inflate": 0.02, "pivot": [0, 11.9, -24], "rotation": [5, 0, 0], "uv": [70, 97]},
						{"origin": [2.01, 8.7, -24.6], "size": [0, 3, 4], "pivot": [1.1, 11.35, -24.6], "rotation": [-40, 0, 0], "uv": [125, 152]},
						{"origin": [-2.01, 8.7, -24.6], "size": [0, 3, 4], "pivot": [-1.1, 11.35, -24.6], "rotation": [-40, 0, 0], "uv": [69, 157]}
					]
				},
				{
					"name": "jaw",
					"parent": "head",
					"pivot": [0, 11, -22.95],
					"cubes": [
						{"origin": [-2, 9.9, -26.25], "size": [4, 1, 3], "pivot": [0, 14, -24.5], "rotation": [5, 0, 0], "uv": [124, 9]},
						{"origin": [-1, 10.35, -25.95], "size": [0, 1, 1], "pivot": [-0.25, 10.5, -25.45], "rotation": [-40, 0, 0], "uv": [108, 75]},
						{"origin": [-1.75, 10.35, -25.05], "size": [0, 1, 1], "pivot": [-1, 10.5, -24.55], "rotation": [-40, 0, 0], "uv": [110, 75]},
						{"origin": [1, 10.35, -25.95], "size": [0, 1, 1], "pivot": [0.25, 10.5, -25.45], "rotation": [-40, 0, 0], "uv": [112, 75]},
						{"origin": [1.75, 10.35, -25.05], "size": [0, 1, 1], "pivot": [1, 10.5, -24.55], "rotation": [-40, 0, 0], "uv": [114, 75]}
					]
				},
				{
					"name": "ear_right",
					"parent": "head",
					"pivot": [-3.5, 15, -21.5],
					"cubes": [
						{"origin": [-9.5, 14, -22.5], "size": [6, 13, 0], "pivot": [-2.5, 14, -22], "rotation": [0, 45, 0], "uv": [108, 130]}
					]
				},
				{
					"name": "ear_left",
					"parent": "head",
					"pivot": [3.5, 15, -21.5],
					"cubes": [
						{"origin": [3.5, 14, -22.5], "size": [6, 13, 0], "pivot": [2.5, 14, -22], "rotation": [0, -45, 0], "uv": [40, 131]}
					]
				},
				{
					"name": "eye_right",
					"parent": "head",
					"pivot": [-2.5, 4.5, -23.25],
					"cubes": [
						{"origin": [-3, 13, -23.5], "size": [1, 1, 0], "inflate": 0.02, "uv": [70, 55]},
						{"origin": [-3.5, 12.5, -23.5], "size": [2, 2, 1], "inflate": 0.01, "uv": [50, 113]}
					]
				},
				{
					"name": "eye_left",
					"parent": "head",
					"pivot": [2.5, 4.5, -23.25],
					"cubes": [
						{"origin": [2, 13, -23.5], "size": [1, 1, 0], "inflate": 0.02, "uv": [72, 55]},
						{"origin": [1.5, 12.5, -23.5], "size": [2, 2, 1], "inflate": 0.01, "uv": [56, 113]}
					]
				},
				{
					"name": "eyelid_right",
					"parent": "head",
					"pivot": [-1.5, 4.5, -22],
					"cubes": [
						{"origin": [-2.5, 12, -22.5], "size": [2, 3, 1], "inflate": 0.01, "uv": [94, 126]}
					]
				},
				{
					"name": "eyelid_left",
					"parent": "head",
					"pivot": [1.5, 4.5, -22],
					"cubes": [
						{"origin": [0.5, 12, -22.5], "size": [2, 3, 1], "inflate": 0.01, "uv": [146, 60]}
					]
				},
				{
					"name": "tuft_head_lower",
					"parent": "head",
					"pivot": [0, 10, -20],
					"cubes": [
						{"origin": [0, 3.5, -23], "size": [0, 7, 6], "uv": [52, 131]}
					]
				},
				{
					"name": "tuft_head_upper",
					"parent": "head",
					"pivot": [0, 17, -20],
					"cubes": [
						{"origin": [0, 16.5, -23], "size": [0, 4, 6], "uv": [134, 60]}
					]
				},
				{
					"name": "waist",
					"parent": "torso",
					"pivot": [0, 15, 4],
					"cubes": [
						{"origin": [-4, 10.5, 4], "size": [8, 8, 8], "inflate": 0.1, "uv": [38, 97]}
					]
				},
				{
					"name": "waist_tuft_upper",
					"parent": "waist",
					"pivot": [0, 18.5, 6.9],
					"cubes": [
						{"origin": [0, 17.5, 3.9], "size": [0, 4, 8], "uv": [124, 123]}
					]
				},
				{
					"name": "tail",
					"parent": "waist",
					"pivot": [0, 14.5, 11.9],
					"cubes": [
						{"origin": [-2, 14.5, 11.9], "size": [4, 3, 3], "uv": [90, 50]}
					]
				},
				{
					"name": "tail2",
					"parent": "tail",
					"pivot": [0, 14.5, 14.9],
					"cubes": [
						{"origin": [-5, 12.5, 14.9], "size": [10, 7, 6], "uv": [74, 14]}
					]
				},
				{
					"name": "tuft_upper",
					"parent": "tail2",
					"pivot": [0, 19.5, 17.9],
					"cubes": [
						{"origin": [0, 19.5, 14.9], "size": [0, 3, 6], "uv": [138, 9]}
					]
				},
				{
					"name": "tuft_lower",
					"parent": "tail2",
					"pivot": [0, 12.5, 17.9],
					"cubes": [
						{"origin": [0, 9.5, 14.9], "size": [0, 3, 6], "uv": [14, 138]}
					]
				},
				{
					"name": "tail3",
					"parent": "tail2",
					"pivot": [0, 12.5, 20.9],
					"cubes": [
						{"origin": [-7, 10.5, 20.9], "size": [14, 11, 12], "uv": [70, 27]}
					]
				},
				{
					"name": "tuft_upper4",
					"parent": "tail3",
					"pivot": [-3, 21.5, 26.9],
					"cubes": [
						{"origin": [0, 21.5, 20.9], "size": [0, 4, 11], "uv": [28, 113]}
					]
				},
				{
					"name": "tuft_left_lower",
					"parent": "tail3",
					"pivot": [3, 10.5, 26.9],
					"cubes": [
						{"origin": [3, 6.5, 20.9], "size": [0, 4, 11], "uv": [50, 116]}
					]
				},
				{
					"name": "tuft_right_lower",
					"parent": "tail3",
					"pivot": [-3, 10.5, 26.9],
					"cubes": [
						{"origin": [-3, 6.5, 20.9], "size": [0, 4, 11], "uv": [72, 116]}
					]
				},
				{
					"name": "tail4",
					"parent": "tail3",
					"pivot": [0, 12.5, 32.9],
					"cubes": [
						{"origin": [-4, 12.5, 32.9], "size": [8, 7, 5], "uv": [108, 63]}
					]
				},
				{
					"name": "tuft_upper2",
					"parent": "tail4",
					"pivot": [0, 19.5, 34.9],
					"cubes": [
						{"origin": [0, 18.5, 32.9], "size": [0, 4, 5], "uv": [64, 142]}
					]
				},
				{
					"name": "tuft_lower2",
					"parent": "tail4",
					"pivot": [0, 12.5, 34.9],
					"cubes": [
						{"origin": [0, 8.5, 32.9], "size": [0, 4, 5], "uv": [74, 142]}
					]
				},
				{
					"name": "tail5",
					"parent": "tail4",
					"pivot": [0, 13.5, 37.9],
					"cubes": [
						{"origin": [-3, 13.5, 37.9], "size": [6, 5, 6], "uv": [0, 122]}
					]
				},
				{
					"name": "tail6",
					"parent": "tail5",
					"pivot": [0, 14.5, 43.9],
					"cubes": [
						{"origin": [-1, 14.5, 43.9], "size": [2, 3, 3], "uv": [144, 39]}
					]
				},
				{
					"name": "tail_end",
					"parent": "tail6",
					"pivot": [0, 14.5, 46.9],
					"cubes": [
						{"origin": [0, 14, 46.9], "size": [0, 4, 5], "uv": [140, 123]}
					]
				},
				{
					"name": "tuft_upper3",
					"parent": "tail5",
					"pivot": [0, 18.5, 40.4],
					"cubes": [
						{"origin": [0, 18.5, 38.4], "size": [0, 2, 5], "uv": [144, 32]}
					]
				},
				{
					"name": "tuft_lower3",
					"parent": "tail5",
					"pivot": [0, 13.5, 40.4],
					"cubes": [
						{"origin": [0, 11.5, 38.4], "size": [0, 2, 5], "uv": [38, 144]}
					]
				},
				{
					"name": "waist_tuft_lower",
					"parent": "waist",
					"pivot": [0, 10.5, 6.4],
					"cubes": [
						{"origin": [0, 7.5, 4.4], "size": [0, 3, 6], "uv": [132, 135], "mirror": true}
					]
				},
				{
					"name": "legs",
					"parent": "body",
					"pivot": [0, 0, 0]
				},
				{
					"name": "leg_right",
					"parent": "legs",
					"pivot": [-4, 10.4, 8],
					"cubes": [
						{"origin": [-6.5, 7.4, 5], "size": [5, 6, 6], "uv": [122, 38]}
					]
				},
				{
					"name": "knee_right",
					"parent": "leg_right",
					"pivot": [-4, 7.4, 5.75],
					"rotation": [60, 0, 0],
					"cubes": [
						{"origin": [-6, 1.4, 5.75], "size": [4, 6, 4], "uv": [24, 128]}
					]
				},
				{
					"name": "ankle_right",
					"parent": "knee_right",
					"pivot": [-4.25, 1.4, 8.75],
					"rotation": [-60, 0, 0],
					"cubes": [
						{"origin": [-5.5, -2.6, 5.75], "size": [3, 4, 3], "uv": [26, 138]}
					]
				},
				{
					"name": "back_paw_right",
					"parent": "ankle_right",
					"pivot": [-4, -2.6, 6.25],
					"cubes": [
						{"origin": [-5.5, -5.6, 5.75], "size": [3, 3, 3], "inflate": 0.01, "uv": [84, 142]},
						{"origin": [-3, -5.6, 3.75], "size": [1, 2, 3], "uv": [132, 144]},
						{"origin": [-2.5, -5.6, 2.75], "size": [0, 1, 2], "uv": [66, 113]},
						{"origin": [-4, -5.6, 2.75], "size": [0, 1, 2], "uv": [24, 122]},
						{"origin": [-5.5, -5.6, 2.75], "size": [0, 1, 2], "uv": [24, 125]},
						{"origin": [-6, -5.6, 3.75], "size": [1, 2, 3], "uv": [144, 132]},
						{"origin": [-5, -5.6, 3.75], "size": [2, 2, 3], "uv": [14, 133]}
					]
				},
				{
					"name": "leg_left",
					"parent": "legs",
					"pivot": [4, 10.4, 8],
					"cubes": [
						{"origin": [1.5, 7.4, 5], "size": [5, 6, 6], "uv": [122, 26]}
					]
				},
				{
					"name": "knee_left",
					"parent": "leg_left",
					"pivot": [4, 7.4, 5.75],
					"rotation": [60, 0, 0],
					"cubes": [
						{"origin": [2, 1.4, 5.75], "size": [4, 6, 4], "uv": [38, 87]}
					]
				},
				{
					"name": "ankle_left",
					"parent": "knee_left",
					"pivot": [3.75, 1.4, 8.75],
					"rotation": [-60, 0, 0],
					"cubes": [
						{"origin": [2.5, -2.6, 5.75], "size": [3, 4, 3], "uv": [138, 18]}
					]
				},
				{
					"name": "back_paw_left",
					"parent": "ankle_left",
					"pivot": [4, -2.6, 6.25],
					"cubes": [
						{"origin": [2.5, -5.6, 5.75], "size": [3, 3, 3], "inflate": 0.01, "uv": [84, 97]},
						{"origin": [5, -5.6, 3.75], "size": [1, 2, 3], "uv": [94, 116]},
						{"origin": [5.5, -5.6, 2.75], "size": [0, 1, 2], "uv": [104, 50]},
						{"origin": [4, -5.6, 2.75], "size": [0, 1, 2], "uv": [104, 53]},
						{"origin": [2.5, -5.6, 2.75], "size": [0, 1, 2], "uv": [62, 113]},
						{"origin": [2, -5.6, 3.75], "size": [1, 2, 3], "uv": [94, 121]},
						{"origin": [3, -5.6, 3.75], "size": [2, 2, 3], "uv": [28, 108]}
					]
				},
				{
					"name": "leg_front_right",
					"parent": "legs",
					"pivot": [-4.5, 6.5, -8.25],
					"cubes": [
						{"origin": [-6, 3, -9.25], "size": [3, 4, 2], "uv": [48, 144]}
					]
				},
				{
					"name": "foot_front_right",
					"parent": "leg_front_right",
					"pivot": [-4.5, 3, -7.25],
					"cubes": [
						{"origin": [-6, 0, -9.25], "size": [3, 3, 3], "inflate": 0.01, "uv": [84, 142]}
					]
				},
				{
					"name": "front_paw_right",
					"parent": "foot_front_right",
					"pivot": [-4.5, 2, -8.25],
					"cubes": [
						{"origin": [-6.5, 0, -11.25], "size": [1, 2, 3], "uv": [144, 132]},
						{"origin": [-5.5, 0, -11.25], "size": [2, 2, 3], "uv": [14, 133]},
						{"origin": [-3.5, 0, -11.25], "size": [1, 2, 3], "uv": [132, 144]}
					]
				},
				{
					"name": "claw_front_right",
					"parent": "front_paw_right",
					"pivot": [-4.5, 1, -11.25],
					"cubes": [
						{"origin": [-6, 0, -12.25], "size": [0, 1, 2], "uv": [120, 130]},
						{"origin": [-4.5, 0, -12.25], "size": [0, 1, 2], "uv": [44, 128]},
						{"origin": [-3, 0, -12.25], "size": [0, 1, 2], "uv": [40, 128]}
					]
				},
				{
					"name": "leg_front_left",
					"parent": "legs",
					"pivot": [4.5, 4.5, -8.25],
					"cubes": [
						{"origin": [3, 3, -9.25], "size": [3, 4, 2], "uv": [144, 70]}
					]
				},
				{
					"name": "front_front_left",
					"parent": "leg_front_left",
					"pivot": [4.5, 3, -7.25],
					"cubes": [
						{"origin": [3, 0, -9.25], "size": [3, 3, 3], "inflate": 0.01, "uv": [84, 97]}
					]
				},
				{
					"name": "front_paw_left",
					"parent": "front_front_left",
					"pivot": [4.25, 2, -8.25],
					"cubes": [
						{"origin": [2.5, 0, -11.25], "size": [1, 2, 3], "uv": [94, 121]},
						{"origin": [3.5, 0, -11.25], "size": [2, 2, 3], "uv": [28, 108]},
						{"origin": [5.5, 0, -11.25], "size": [1, 2, 3], "uv": [94, 116]}
					]
				},
				{
					"name": "paw_front_left",
					"parent": "front_paw_left",
					"pivot": [4.5, 1, -11.25],
					"cubes": [
						{"origin": [3, 0, -12.25], "size": [0, 1, 2], "uv": [134, 112]},
						{"origin": [4.5, 0, -12.25], "size": [0, 1, 2], "uv": [138, 112]},
						{"origin": [6, 0, -12.25], "size": [0, 1, 2], "uv": [140, 132]}
					]
				}
			]
		}
	]
}