{
	"format_version": "1.12.0",
	"minecraft:geometry": [
		{
			"description": {
				"identifier": "geometry.ostrike",
				"texture_width": 64,
				"texture_height": 64,
				"visible_bounds_width": 4,
				"visible_bounds_height": 3.5,
				"visible_bounds_offset": [0, 1.25, 0]
			},
			"bones": [
				{
					"name": "ostrike",
					"pivot": [0, 0, 0]
				},
				{
					"name": "body",
					"parent": "ostrike",
					"pivot": [0, 0.75, 0]
				},
				{
					"name": "torso",
					"parent": "body",
					"pivot": [0, 11.25, 0],
					"cubes": [
						{"origin": [-3, 8.75, -3.5], "size": [6, 6, 7], "uv": [0, 0]}
					]
				},
				{
					"name": "tuff_front",
					"parent": "torso",
					"pivot": [0, 12.76, -3],
					"cubes": [
						{"origin": [-2.999, 9.75, -3.501], "size": [6, 3, 0], "uv": [41, 31]}
					]
				},
				{
					"name": "tuff_left",
					"parent": "torso",
					"pivot": [3, 12.76, 0],
					"cubes": [
						{"origin": [3.001, 9.75, -3.5], "size": [0, 3, 7], "uv": [0, 22]}
					]
				},
				{
					"name": "tuff_right",
					"parent": "torso",
					"pivot": [-3, 12.76, 0],
					"cubes": [
						{"origin": [-3, 9.75, -3.5], "size": [0, 3, 7], "uv": [14, 19]}
					]
				},
				{
					"name": "neck",
					"parent": "torso",
					"pivot": [0, 15.75, -3],
					"cubes": [
						{"origin": [-1, 14.75, -3.5], "size": [2, 5, 2], "uv": [17, 38]}
					]
				},
				{
					"name": "neck2",
					"parent": "neck",
					"pivot": [0, 19.75, -3.5],
					"cubes": [
						{"origin": [-1, 19.75, -3.5], "size": [2, 5, 2], "inflate": 0.001, "uv": [40, 37]}
					]
				},
				{
					"name": "head",
					"parent": "neck2",
					"pivot": [0, 24, -3],
					"cubes": [
						{"origin": [-2.5, 23.75, -5.5], "size": [5, 5, 5], "uv": [0, 13]},
						{"origin": [-1, 25.25, -9.5], "size": [2, 1, 4], "uv": [0, 32]},
						{"origin": [-0.5, 25.75, -7], "size": [1, 1, 2], "uv": [0, 26]}
					]
				},
				{
					"name": "jaw4",
					"parent": "head",
					"pivot": [0, 25.51, -5.5],
					"cubes": [
						{"origin": [-0.5, 24.75, -8.5], "size": [1, 1, 3], "uv": [7, 40]}
					]
				},
				{
					"name": "eye_right3",
					"parent": "head",
					"pivot": [1.51, 26, -4.51],
					"cubes": [
						{"origin": [0.501, 24.5, -5.01], "size": [2, 3, 3], "uv": [0, 37]},
						{"origin": [1.515, 25.25, -4.765], "size": [1, 2, 1], "uv": [16, 34]}
					]
				},
				{
					"name": "eyelid_right3",
					"parent": "eye_right3",
					"pivot": [1.41, 26.75, -4.41]
				},
				{
					"name": "eye_left3",
					"parent": "head",
					"pivot": [-1.51, 26, -4.51],
					"cubes": [
						{"origin": [-2.501, 24.5, -5.01], "size": [2, 3, 3], "uv": [34, 31]},
						{"origin": [-2.515, 25.25, -4.765], "size": [1, 2, 1], "uv": [8, 33]}
					]
				},
				{
					"name": "eyelid_left3",
					"parent": "eye_left3",
					"pivot": [-1.41, 26.75, -4.41]
				},
				{
					"name": "hair_left5",
					"parent": "head",
					"pivot": [-0.5, 28.75, -4],
					"cubes": [
						{"origin": [-2, 28.75, -4], "size": [2, 4, 0], "uv": [8, 44]}
					]
				},
				{
					"name": "hair_left6",
					"parent": "hair_left5",
					"pivot": [-1, 32.75, -4],
					"rotation": [-90, 0, 0],
					"cubes": [
						{"origin": [-2, 32.75, -4], "size": [2, 4, 0], "uv": [4, 44]}
					]
				},
				{
					"name": "hair_left7",
					"parent": "hair_left6",
					"pivot": [-1, 36.75, 0],
					"rotation": [90, 0, 0],
					"cubes": [
						{"origin": [-2, 40.75, 0], "size": [2, 4, 0], "uv": [0, 32]}
					]
				},
				{
					"name": "hair_left8",
					"parent": "hair_left7",
					"pivot": [-1, 44.75, -8],
					"rotation": [-90, 0, 0],
					"cubes": [
						{"origin": [-2, 52.75, -8], "size": [2, 4, 0], "uv": [15, 13]}
					]
				},
				{
					"name": "hair_right5",
					"parent": "head",
					"pivot": [0.5, 28.75, -4],
					"cubes": [
						{"origin": [0, 28.75, -4], "size": [2, 4, 0], "uv": [29, 43]}
					]
				},
				{
					"name": "hair_right6",
					"parent": "hair_right5",
					"pivot": [1, 32.75, -4],
					"rotation": [-90, 0, 0],
					"cubes": [
						{"origin": [0, 32.75, -4], "size": [2, 4, 0], "uv": [25, 43]}
					]
				},
				{
					"name": "hair_right7",
					"parent": "hair_right6",
					"pivot": [1, 36.75, 0],
					"rotation": [90, 0, 0],
					"cubes": [
						{"origin": [0, 40.75, 0], "size": [2, 4, 0], "uv": [0, 43]}
					]
				},
				{
					"name": "hair_right8",
					"parent": "hair_right7",
					"pivot": [1, 36.75, 0],
					"cubes": [
						{"origin": [0, 10.25, -28.5], "size": [2, 4, 0], "pivot": [0, 13.25, 3], "rotation": [-90, 0, 0], "uv": [33, 42]}
					]
				},
				{
					"name": "wing_left",
					"parent": "torso",
					"pivot": [0, 12.75, -1],
					"cubes": [
						{"origin": [3, 12.75, -2], "size": [4, 0, 3], "uv": [31, 10]}
					]
				},
				{
					"name": "wing_right",
					"parent": "torso",
					"pivot": [0, 12.75, -1],
					"cubes": [
						{"origin": [-7, 12.75, -2], "size": [4, 0, 3], "uv": [31, 7]}
					]
				},
				{
					"name": "tail",
					"parent": "torso",
					"pivot": [0, 9.75, 3]
				},
				{
					"name": "tail_left",
					"parent": "tail",
					"pivot": [0, 3.75, 0],
					"cubes": [
						{"origin": [-4, 8.5, 3.25], "size": [4, 0, 6], "pivot": [0, 4.75, 0], "rotation": [30.40773, 24.1782, 13.51584], "uv": [22, 25]},
						{"origin": [-4, 14.65, -1.3], "size": [4, 0, 6], "pivot": [0, 4.75, 0], "rotation": [-45, 24.1782, 13.51584], "uv": [22, 19]},
						{"origin": [-4, 2.7, 10.75], "size": [4, 0, 6], "pivot": [0, 4.75, 0], "rotation": [30.40773, 24.1782, 13.51584], "uv": [22, 13]}
					]
				},
				{
					"name": "tail_middle",
					"parent": "tail",
					"pivot": [0, 3.75, 0],
					"cubes": [
						{"origin": [-2, 8.75, 5], "size": [4, 0, 7], "pivot": [0, 4.75, 0], "rotation": [27.5, 0, 0], "uv": [20, 0]},
						{"origin": [-2, 17.4, -0.21], "size": [4, 0, 7], "pivot": [0, 4.75, 0], "rotation": [-45, 0, 0], "uv": [13, 13]},
						{"origin": [-2, 2.1, 14.1], "size": [4, 0, 7], "pivot": [0, 4.75, 0], "rotation": [27.5, 0, 0], "uv": [12, 0]}
					]
				},
				{
					"name": "tail_right",
					"parent": "tail",
					"pivot": [0, 3.75, 0],
					"cubes": [
						{"origin": [0, 8.51, 3.25], "size": [4, 0, 6], "pivot": [0, 4.75, 0], "rotation": [30.40773, -24.172, -13.5158], "uv": [0, 23]},
						{"origin": [0, 14.65, -1.3], "size": [4, 0, 6], "pivot": [0, 4.75, 0], "rotation": [-45, -24.172, -13.5158], "uv": [20, 7]},
						{"origin": [0, 2.7, 10.75], "size": [4, 0, 6], "pivot": [0, 4.75, 0], "rotation": [30.40773, -24.172, -13.5158], "uv": [14, 20]}
					]
				},
				{
					"name": "wheel",
					"parent": "body",
					"pivot": [0, 4.25, 0],
					"cubes": [
						{"origin": [-2, 8.25, -1.5], "size": [4, 0, 3], "inflate": 0.02, "uv": [33, 28]},
						{"origin": [-2, 8.25, -1.5], "size": [4, 0, 3], "inflate": 0.01, "pivot": [0, 4.25, 0], "rotation": [40, 0, 0], "uv": [33, 25]},
						{"origin": [-2, 8.25, -1.5], "size": [4, 0, 3], "inflate": 0.02, "pivot": [0, 4.25, 0], "rotation": [80, 0, 0], "uv": [33, 22]},
						{"origin": [-2, 8.25, -1.5], "size": [4, 0, 3], "inflate": 0.01, "pivot": [0, 4.25, 0], "rotation": [120, 0, 0], "uv": [33, 19]},
						{"origin": [-2, 8.25, -1.5], "size": [4, 0, 3], "inflate": 0.015, "pivot": [0, 4.25, 0], "rotation": [160, 0, 0], "uv": [33, 16]},
						{"origin": [-2, 8.25, -1.5], "size": [4, 0, 3], "inflate": 0.02, "pivot": [0, 4.25, 0], "rotation": [-160, 0, 0], "uv": [33, 13]},
						{"origin": [-2, 8.25, -1.5], "size": [4, 0, 3], "inflate": 0.01, "pivot": [0, 4.25, 0], "rotation": [-120, 0, 0], "uv": [32, 3]},
						{"origin": [-2, 8.25, -1.5], "size": [4, 0, 3], "inflate": 0.02, "pivot": [0, 4.25, 0], "rotation": [-80, 0, 0], "uv": [32, 0]},
						{"origin": [-2, 8.25, -1.5], "size": [4, 0, 3], "inflate": 0.01, "pivot": [0, 4.25, 0], "rotation": [-40, 0, 0], "uv": [26, 31]}
					]
				},
				{
					"name": "leg_left",
					"parent": "body",
					"pivot": [-2.75, 10.5, 0.25],
					"rotation": [0, 0, 0],
					"cubes": [
						{"origin": [1.25, 5, -0.25], "size": [1, 3, 1], "inflate": 0.001, "uv": [0, 13]},
						{"origin": [0.75, 8, -1.25], "size": [2, 3, 3], "inflate": 0.001, "uv": [9, 34]}
					]
				},
				{
					"name": "leg_left2",
					"parent": "leg_left",
					"pivot": [-2.25, 5, 0.75],
					"cubes": [
						{"origin": [1.25, 0, -0.25], "size": [1, 5, 1], "uv": [0, 0]}
					]
				},
				{
					"name": "foot_left",
					"parent": "leg_left2",
					"pivot": [-2.25, 0.06031, 0.73298],
					"cubes": [
						{"origin": [0.75, 0, -1.25], "size": [2, 1, 2], "inflate": 0.001, "uv": [42, 7]}
					]
				},
				{
					"name": "toe_left",
					"parent": "foot_left",
					"pivot": [-2.65, 1, -1],
					"rotation": [0, 12.5, 0],
					"cubes": [
						{"origin": [1.25518, -0.01, -3.13424], "size": [0, 1, 1], "uv": [4, 4]},
						{"origin": [0.75518, -0.01, -2.13424], "size": [1, 1, 2], "inflate": -0.001, "uv": [0, 23]}
					]
				},
				{
					"name": "toe_left2",
					"parent": "foot_left",
					"pivot": [-2.25, 1, -1]
				},
				{
					"name": "toe_left3",
					"parent": "foot_left",
					"pivot": [-2.25, 1, 0.5],
					"cubes": [
						{"origin": [1.75, 0, 2.5], "size": [0, 1, 1], "uv": [4, 3]},
						{"origin": [1.25, 0, 0.5], "size": [1, 1, 2], "inflate": -0.001, "uv": [14, 23]}
					]
				},
				{
					"name": "toe_left4",
					"parent": "foot_left",
					"pivot": [-1.85, 1, -1],
					"rotation": [0, -12.5, 0],
					"cubes": [
						{"origin": [2.05518, -0.02, -4.86576], "size": [0, 1, 1], "uv": [4, 2]},
						{"origin": [1.55518, -0.02, -3.86576], "size": [1, 1, 2], "inflate": -0.001, "uv": [0, 23]}
					]
				},
				{
					"name": "leg_right",
					"parent": "body",
					"pivot": [2.75, 10.5, 0.25],
					"rotation": [0, 0, 0],
					"cubes": [
						{"origin": [-2.25, 5, -0.25], "size": [1, 3, 1], "inflate": 0.001, "uv": [0, 13]},
						{"origin": [-2.75, 8, -1.25], "size": [2, 3, 3], "inflate": 0.001, "uv": [9, 34]}
					]
				},
				{
					"name": "leg_right2",
					"parent": "leg_right",
					"pivot": [2.25, 5, 0.75],
					"cubes": [
						{"origin": [-2.25, 0, -0.25], "size": [1, 5, 1], "uv": [0, 0]}
					]
				},
				{
					"name": "foot_right",
					"parent": "leg_right2",
					"pivot": [2.25, 0.06031, 0.73298],
					"cubes": [
						{"origin": [-2.75, 0, -1.25], "size": [2, 1, 2], "inflate": 0.001, "uv": [42, 7]}
					]
				},
				{
					"name": "toe_right",
					"parent": "foot_right",
					"pivot": [0, 0, -0.25],
					"rotation": [0, -12.5, 0],
					"cubes": [
						{"origin": [-1.6, -0.02, -3.71837], "size": [0, 1, 1], "uv": [4, 0]},
						{"origin": [-2.1, -0.02, -2.71837], "size": [1, 1, 2], "inflate": -0.001, "uv": [0, 23]}
					]
				},
				{
					"name": "toe_right2",
					"parent": "foot_right",
					"pivot": [2.25, 1, -1]
				},
				{
					"name": "toe_right3",
					"parent": "foot_right",
					"pivot": [2.25, 1, 0.5],
					"cubes": [
						{"origin": [-1.75, 0, 2.5], "size": [0, 1, 1], "uv": [4, 1]},
						{"origin": [-2.25, 0, 0.5], "size": [1, 1, 2], "inflate": -0.001, "uv": [14, 23]}
					]
				},
				{
					"name": "toe_right4",
					"parent": "foot_right",
					"pivot": [0.25, 0, 0.25],
					"rotation": [0, 12.5, 0],
					"cubes": [
						{"origin": [-1.80518, -0.01, -4.61576], "size": [0, 1, 1], "uv": [4, 0]},
						{"origin": [-2.30518, -0.01, -3.61576], "size": [1, 1, 2], "inflate": -0.001, "uv": [0, 23]}
					]
				},
				{
					"name": "dust",
					"parent": "ostrike",
					"pivot": [0, 0, 2],
					"cubes": [
						{"origin": [-1, 0.2, 6.25], "size": [2, 3, 4], "inflate": 0.2, "uv": [21, 31]},
						{"origin": [-1, 0.01, 3.25], "size": [2, 1, 3], "inflate": 0.01, "uv": [40, 3]},
						{"origin": [-0.5, -2.25, 4.5], "size": [1, 1, 3], "inflate": 0.01, "pivot": [0, 0, 2], "rotation": [45, 0, 0], "uv": [25, 39]},
						{"origin": [-2, 0.75, 6.75], "size": [4, 2, 3], "uv": [11, 29]},
						{"origin": [-1, 0.75, 8], "size": [2, 2, 3], "uv": [30, 37]}
					]
				}
			]
		}
	]
}