{
    "variants": {
        "age=0": { "model": "block/carrots_age_0" },
        "age=1": { "model": "block/carrots_age_1" },
        "age=2": { "model": "block/carrots_age_2" },
        "age=3": { "model": "block/carrots_age_3" },
        "age=4": { "model": "block/carrots_age_4" },
        "age=5": { "model": "block/carrots_age_5" },
        "age=6": { "model": "block/carrots_age_6" },
        "age=7": [
		{ "model": "block/carrots_age_7", "weight": 90 },
		{ "model": "block/carrots_age_7_2", "weight": 20 },
		{ "model": "block/carrots_age_7_3", "weight": 20 },
		{ "model": "block/carrots_age_7_4", "weight": 20 },
		{ "model": "block/carrots_age_7_5", "weight": 20 }
		]		
    }
}
