{
  "variants": {
    "persistent=true,distance=1": [
	{ "model": "minecraft:block/mangrove_leaves_distance_1", "uvlock": true  },
	{ "model": "minecraft:block/mangrove_leaves_distance_1", "uvlock": true , "y": 90 },
	{ "model": "minecraft:block/mangrove_leaves_distance_1", "uvlock": true , "y": 180 },	
	{ "model": "minecraft:block/mangrove_leaves_distance_1", "uvlock": true , "y": 270 },
	{ "model": "minecraft:block/mangrove_leaves_distance_1_2", "uvlock": true  },
	{ "model": "minecraft:block/mangrove_leaves_distance_1_2", "uvlock": true , "y": 90 },
	{ "model": "minecraft:block/mangrove_leaves_distance_1_2", "uvlock": true , "y": 180 },	
	{ "model": "minecraft:block/mangrove_leaves_distance_1_2", "uvlock": true , "y": 270 }	
	],
    "persistent=false,distance=1": [
	{ "model": "minecraft:block/mangrove_leaves_distance_1", "uvlock": true  },
	{ "model": "minecraft:block/mangrove_leaves_distance_1", "uvlock": true ,  "y": 90 },	
	{ "model": "minecraft:block/mangrove_leaves_distance_1", "uvlock": true ,  "y": 180 },	
	{ "model": "minecraft:block/mangrove_leaves_distance_1", "uvlock": true ,  "y": 270 },
	{ "model": "minecraft:block/mangrove_leaves_distance_1_2", "uvlock": true  },
	{ "model": "minecraft:block/mangrove_leaves_distance_1_2", "uvlock": true , "y": 90 },
	{ "model": "minecraft:block/mangrove_leaves_distance_1_2", "uvlock": true , "y": 180 },	
	{ "model": "minecraft:block/mangrove_leaves_distance_1_2", "uvlock": true , "y": 270 }
	],
    "persistent=true,distance=2": [
	{ "model": "minecraft:block/mangrove_leaves_distance_2", "uvlock": true  },
	{ "model": "minecraft:block/mangrove_leaves_distance_2", "uvlock": true , "y": 90 },	
	{ "model": "minecraft:block/mangrove_leaves_distance_2", "uvlock": true , "y": 180 },	
	{ "model": "minecraft:block/mangrove_leaves_distance_2", "uvlock": true , "y": 270 },
	{ "model": "minecraft:block/mangrove_leaves_distance_2_2", "uvlock": true  },
	{ "model": "minecraft:block/mangrove_leaves_distance_2_2", "uvlock": true , "y": 90 },
	{ "model": "minecraft:block/mangrove_leaves_distance_2_2", "uvlock": true , "y": 180 },	
	{ "model": "minecraft:block/mangrove_leaves_distance_2_2", "uvlock": true , "y": 270 }
	],
    "persistent=false,distance=2": [
	{ "model": "minecraft:block/mangrove_leaves_distance_2", "uvlock": true  },
	{ "model": "minecraft:block/mangrove_leaves_distance_2", "uvlock": true ,  "y": 90 },	
	{ "model": "minecraft:block/mangrove_leaves_distance_2", "uvlock": true ,  "y": 180 },	
	{ "model": "minecraft:block/mangrove_leaves_distance_2", "uvlock": true ,  "y": 270 },
	{ "model": "minecraft:block/mangrove_leaves_distance_2_2", "uvlock": true  },
	{ "model": "minecraft:block/mangrove_leaves_distance_2_2", "uvlock": true , "y": 90 },
	{ "model": "minecraft:block/mangrove_leaves_distance_2_2", "uvlock": true , "y": 180 },	
	{ "model": "minecraft:block/mangrove_leaves_distance_2_2", "uvlock": true , "y": 270 }
	],
    "persistent=true,distance=3": [
	{ "model": "minecraft:block/mangrove_leaves_distance_3", "uvlock": true  },
	{ "model": "minecraft:block/mangrove_leaves_distance_3", "uvlock": true ,  "y": 90 },		
	{ "model": "minecraft:block/mangrove_leaves_distance_3", "uvlock": true ,  "y": 180 },	
	{ "model": "minecraft:block/mangrove_leaves_distance_3", "uvlock": true ,  "y": 270 },
	{ "model": "minecraft:block/mangrove_leaves_distance_3_2", "uvlock": true  },
	{ "model": "minecraft:block/mangrove_leaves_distance_3_2", "uvlock": true , "y": 90 },
	{ "model": "minecraft:block/mangrove_leaves_distance_3_2", "uvlock": true , "y": 180 },	
	{ "model": "minecraft:block/mangrove_leaves_distance_3_2", "uvlock": true , "y": 270 }
	],
    "persistent=false,distance=3": [
	{ "model": "minecraft:block/mangrove_leaves_distance_3", "uvlock": true  },	
	{ "model": "minecraft:block/mangrove_leaves_distance_3", "uvlock": true ,  "y": 90 },	
	{ "model": "minecraft:block/mangrove_leaves_distance_3", "uvlock": true ,  "y": 180 },	
	{ "model": "minecraft:block/mangrove_leaves_distance_3", "uvlock": true ,  "y": 270 },
	{ "model": "minecraft:block/mangrove_leaves_distance_3_2", "uvlock": true  },
	{ "model": "minecraft:block/mangrove_leaves_distance_3_2", "uvlock": true , "y": 90 },
	{ "model": "minecraft:block/mangrove_leaves_distance_3_2", "uvlock": true , "y": 180 },	
	{ "model": "minecraft:block/mangrove_leaves_distance_3_2", "uvlock": true , "y": 270 }
	],
    "persistent=true,distance=4": [
	{ "model": "minecraft:block/mangrove_leaves_distance_4", "uvlock": true  },
	{ "model": "minecraft:block/mangrove_leaves_distance_4", "uvlock": true ,  "y": 90 },		
	{ "model": "minecraft:block/mangrove_leaves_distance_4", "uvlock": true ,  "y": 180 },	
	{ "model": "minecraft:block/mangrove_leaves_distance_4", "uvlock": true ,  "y": 270 },
	{ "model": "minecraft:block/mangrove_leaves_distance_4_2", "uvlock": true  },
	{ "model": "minecraft:block/mangrove_leaves_distance_4_2", "uvlock": true , "y": 90 },
	{ "model": "minecraft:block/mangrove_leaves_distance_4_2", "uvlock": true , "y": 180 },	
	{ "model": "minecraft:block/mangrove_leaves_distance_4_2", "uvlock": true , "y": 270 }
	],
    "persistent=false,distance=4": [
	{ "model": "minecraft:block/mangrove_leaves_distance_4", "uvlock": true  },
	{ "model": "minecraft:block/mangrove_leaves_distance_4", "uvlock": true ,  "y": 90 },		
	{ "model": "minecraft:block/mangrove_leaves_distance_4", "uvlock": true ,  "y": 180 },	
	{ "model": "minecraft:block/mangrove_leaves_distance_4", "uvlock": true ,  "y": 270 },
	{ "model": "minecraft:block/mangrove_leaves_distance_4_2", "uvlock": true  },
	{ "model": "minecraft:block/mangrove_leaves_distance_4_2", "uvlock": true , "y": 90 },
	{ "model": "minecraft:block/mangrove_leaves_distance_4_2", "uvlock": true , "y": 180 },	
	{ "model": "minecraft:block/mangrove_leaves_distance_4_2", "uvlock": true , "y": 270 }
	],
    "persistent=true,distance=5": [
	{ "model": "minecraft:block/mangrove_leaves_distance_5", "uvlock": true  },
	{ "model": "minecraft:block/mangrove_leaves_distance_5", "uvlock": true ,  "y": 90 },		
	{ "model": "minecraft:block/mangrove_leaves_distance_5", "uvlock": true ,  "y": 180 },	
	{ "model": "minecraft:block/mangrove_leaves_distance_5", "uvlock": true ,  "y": 270 },
	{ "model": "minecraft:block/mangrove_leaves_distance_5_2", "uvlock": true  },
	{ "model": "minecraft:block/mangrove_leaves_distance_5_2", "uvlock": true , "y": 90 },
	{ "model": "minecraft:block/mangrove_leaves_distance_5_2", "uvlock": true , "y": 180 },	
	{ "model": "minecraft:block/mangrove_leaves_distance_5_2", "uvlock": true , "y": 270 }
	],
    "persistent=false,distance=5": [
	{ "model": "minecraft:block/mangrove_leaves_distance_5", "uvlock": true  },
	{ "model": "minecraft:block/mangrove_leaves_distance_5", "uvlock": true ,  "y": 90 },		
	{ "model": "minecraft:block/mangrove_leaves_distance_5", "uvlock": true ,  "y": 180 },	
	{ "model": "minecraft:block/mangrove_leaves_distance_5", "uvlock": true ,  "y": 270 },
	{ "model": "minecraft:block/mangrove_leaves_distance_5_2", "uvlock": true  },
	{ "model": "minecraft:block/mangrove_leaves_distance_5_2", "uvlock": true , "y": 90 },
	{ "model": "minecraft:block/mangrove_leaves_distance_5_2", "uvlock": true , "y": 180 },	
	{ "model": "minecraft:block/mangrove_leaves_distance_5_2", "uvlock": true , "y": 270 }
	],
    "persistent=true,distance=6": [
	{ "model": "minecraft:block/mangrove_leaves_distance_6", "uvlock": true  },
	{ "model": "minecraft:block/mangrove_leaves_distance_6", "uvlock": true ,  "y": 90 },		
	{ "model": "minecraft:block/mangrove_leaves_distance_6", "uvlock": true ,  "y": 180 },	
	{ "model": "minecraft:block/mangrove_leaves_distance_6", "uvlock": true ,  "y": 270 },
	{ "model": "minecraft:block/mangrove_leaves_distance_6_2", "uvlock": true  },
	{ "model": "minecraft:block/mangrove_leaves_distance_6_2", "uvlock": true , "y": 90 },
	{ "model": "minecraft:block/mangrove_leaves_distance_6_2", "uvlock": true , "y": 180 },	
	{ "model": "minecraft:block/mangrove_leaves_distance_6_2", "uvlock": true , "y": 270 }
	],
    "persistent=false,distance=6": [
	{ "model": "minecraft:block/mangrove_leaves_distance_6", "uvlock": true  },	
	{ "model": "minecraft:block/mangrove_leaves_distance_6", "uvlock": true ,  "y": 90 },		
	{ "model": "minecraft:block/mangrove_leaves_distance_6", "uvlock": true ,  "y": 180 },	
	{ "model": "minecraft:block/mangrove_leaves_distance_6", "uvlock": true ,  "y": 270 },
	{ "model": "minecraft:block/mangrove_leaves_distance_6_2", "uvlock": true  },
	{ "model": "minecraft:block/mangrove_leaves_distance_6_2", "uvlock": true , "y": 90 },
	{ "model": "minecraft:block/mangrove_leaves_distance_6_2", "uvlock": true , "y": 180 },	
	{ "model": "minecraft:block/mangrove_leaves_distance_6_2", "uvlock": true , "y": 270 }
	],
    "persistent=true,distance=7": [
	{ "model": "minecraft:block/mangrove_leaves_distance_7", "uvlock": true  },
	{ "model": "minecraft:block/mangrove_leaves_distance_7", "uvlock": true ,  "y": 90 },		
	{ "model": "minecraft:block/mangrove_leaves_distance_7", "uvlock": true ,  "y": 180 },	
	{ "model": "minecraft:block/mangrove_leaves_distance_7", "uvlock": true ,  "y": 270 },
	{ "model": "minecraft:block/mangrove_leaves_distance_7_2", "uvlock": true  },
	{ "model": "minecraft:block/mangrove_leaves_distance_7_2", "uvlock": true , "y": 90 },
	{ "model": "minecraft:block/mangrove_leaves_distance_7_2", "uvlock": true , "y": 180 },	
	{ "model": "minecraft:block/mangrove_leaves_distance_7_2", "uvlock": true , "y": 270 }
	],
	"persistent=false,distance=7": {"model": "minecraft:block/mangrove_leaves_decayed"}	
  }
}