{
  "variants": {
    "snowy=false": [
      { "model": "minecraft:block/mycelium" },
      { "model": "minecraft:block/mycelium", "y": 90 },
      { "model": "minecraft:block/mycelium", "y": 180 },
      { "model": "minecraft:block/mycelium", "y": 270 }
    ],
    "snowy=true": [
      { "model": "minecraft:block/mycelium_snow" },
      { "model": "minecraft:block/mycelium_snow", "y": 90 },
      { "model": "minecraft:block/mycelium_snow", "y": 180 },
      { "model": "minecraft:block/mycelium_snow", "y": 270 }
    ]
    }
}