{
	"credit": "Made by Zartrix, WeNAN Studios",
	"ambientocclusion": false,
	"textures": {
		"particle": "#bottom"
	},
	"elements": [
		{
			"from": [0, 0, 0],
			"to": [3, 16, 16],
			"faces": {
				"north": {"uv": [13, 0, 16, 16], "texture": "#bottom", "cullface": "north"},
				"east": {"uv": [0, 0, 16, 16], "texture": "#bottom"},
				"south": {"uv": [13, 0, 16, 16], "texture": "#bottom", "cullface": "south"},
				"west": {"uv": [16, 0, 0, 16], "texture": "#bottom", "cullface": "west"},
				"down": {"uv": [0, 16, 16, 13], "rotation": 90, "texture": "#bottom", "cullface": "down"}
			}
		}
	]
}