{
	"credit": "by mr_ch0c0late",
	"parent": "block/cube_top",
	"textures": {
		"2": "block/jukebox_record",
		"particle": "block/jukebox_top",
		"top": "block/jukebox_top",
		"side": "block/jukebox_side"
	},
	"elements": [
		{
			"from": [0, 0, 0],
			"to": [16, 16, 16],
			"faces": {
				"north": {"uv": [0, 0, 16, 16], "texture": "#side", "cullface": "north"},
				"east": {"uv": [0, 0, 16, 16], "texture": "#side", "cullface": "east"},
				"south": {"uv": [0, 0, 16, 16], "texture": "#side", "cullface": "south"},
				"west": {"uv": [0, 0, 16, 16], "texture": "#side", "cullface": "west"},
				"up": {"uv": [0, 0, 16, 16], "texture": "#top", "cullface": "up"},
				"down": {"uv": [0, 0, 16, 16], "texture": "#side", "cullface": "down"}
			}
		},
		{
			"from": [8, 16, 3],
			"to": [8, 17, 13],
			"faces": {
				"east": {"uv": [3, 15, 13, 16], "texture": "#2", "cullface": "up"},
				"west": {"uv": [3, 15, 13, 16], "texture": "#2", "cullface": "up"}
			}
		},
		{
			"from": [8, 17, 5],
			"to": [8, 18, 11],
			"faces": {
				"east": {"uv": [5, 14, 11, 15], "texture": "#2", "cullface": "up"},
				"west": {"uv": [5, 14, 11, 15], "texture": "#2", "cullface": "up"}
			}
		}
	]
}