{
	"credit": "Made by Zartrix",
	"ambientocclusion": false,
	"textures": {
		"particle": "block/mangrove_propagule_age_1",
		"sapling": "block/mangrove_propagule_age_1"
	},
	"elements": [
		{
			"name": "leaves",
			"from": [4.5, 2, 8],
			"to": [11.5, 8, 8],
			"rotation": {"angle": 45, "axis": "y", "origin": [8, 0, 8], "rescale": true},
			"faces": {
				"north": {"uv": [4, 8, 11, 14], "texture": "#sapling"},
				"south": {"uv": [4, 8, 11, 14], "texture": "#sapling"}
			}
		},
		{
			"name": "leaves",
			"from": [8, 2, 4.5],
			"to": [8, 8, 11.5],
			"rotation": {"angle": 45, "axis": "y", "origin": [8, 0, 8], "rescale": true},
			"faces": {
				"east": {"uv": [4, 8, 11, 14], "texture": "#sapling"},
				"west": {"uv": [4, 8, 11, 14], "texture": "#sapling"}
			}
		},
		{
			"name": "hypocotyl",
			"from": [8, 0, 7],
			"to": [8, 2, 9],
			"rotation": {"angle": 45, "axis": "y", "origin": [8, 0, 8], "rescale": true},
			"faces": {
				"east": {"uv": [7, 14, 9, 16], "texture": "#sapling"},
				"west": {"uv": [7, 14, 9, 16], "texture": "#sapling"}
			}
		},
		{
			"name": "hypocotyl",
			"from": [7, 0, 8],
			"to": [9, 2, 8],
			"rotation": {"angle": 45, "axis": "y", "origin": [8, 0, 8], "rescale": true},
			"faces": {
				"north": {"uv": [7, 14, 9, 16], "texture": "#sapling"},
				"south": {"uv": [7, 14, 9, 16], "texture": "#sapling"}
			}
		}
	]
}