{
	"format_version": "1.8.0",
	"animations": {
		"animation.orbiclad.ground_idle": {
			"loop": true,
			"bones": {
				"stalk1_middle": {
					"rotation": ["-math.sin(q.anim_time*90*3.5+50)*3", 0, "math.sin(q.anim_time*90*3.5+50)*6"]
				},
				"torso": {
					"scale": "1+math.sin(q.anim_time*90*2.5-20)*0.01"
				},
				"arm_left": {
					"rotation": ["math.sin(q.anim_time*90*3.5)*3", 0, "math.sin(q.anim_time*90*3.5)*6"]
				},
				"arm_right": {
					"rotation": ["-math.sin(q.anim_time*90*3.5)*3", 0, "math.sin(q.anim_time*90*3.5)*6"]
				},
				"shell": {
					"position": [0, "math.sin(q.anim_time*90*3.5)*0.25", 0]
				},
				"stalk1_right": {
					"rotation": ["-math.sin(q.anim_time*90*3.5)*3", 0, "math.sin(q.anim_time*90*3.5)*6"]
				},
				"stalk1_left": {
					"rotation": ["math.sin(q.anim_time*90*3.5)*3", 0, "math.sin(q.anim_time*90*3.5)*6"]
				},
				"stalk2_right": {
					"rotation": [0, 0, "math.sin(q.anim_time*90*3.5-50)*6"]
				},
				"stalk2_left": {
					"rotation": [0, 0, "math.sin(q.anim_time*90*3.5-50)*6"]
				},
				"stalk2_middle": {
					"rotation": [0, 0, "math.sin(q.anim_time*90*3.5)*6"]
				}
			}
		},
		"animation.orbiclad.air_idle": {
			"loop": true,
			"bones": {
				"body": {
					"rotation": ["-math.sin(q.anim_time*45*3.5-15)*6", "-math.sin(q.anim_time*45*3.5-15)*6", "-math.sin(q.anim_time*45*3.5-15)*6"],
					"position": ["-0.5+math.cos(q.anim_time*180*1.5)*0.71", "1+math.cos(q.anim_time*90*3.5)*0.71", "-8+math.cos(q.anim_time*90*3.5)*0.71"]
				},
				"stalk1_middle": {
					"rotation": ["-math.sin(q.anim_time*90*3.5+50)*3", 0, "math.sin(q.anim_time*90*3.5+50)*6"]
				},
				"eye_middle": {
					"rotation": [-90, 0, 0]
				},
				"torso": {
					"scale": "1+math.sin(q.anim_time*90*2.5-20)*0.01"
				},
				"arm_left": {
					"rotation": ["-math.sin(q.anim_time*90*3.5-10)*1", 0, 0]
				},
				"arm_right": {
					"rotation": ["math.sin(q.anim_time*90*3.5-10)*1", 0, 0]
				},
				"shell": {
					"rotation": [0, "-math.sin(q.anim_time*45*3.5-15)*6", 0]
				},
				"rotate": {
					"rotation": [90, 0, -180],
					"position": [0, 8, 11]
				},
				"stalk1_right": {
					"rotation": ["-math.sin(q.anim_time*90*3.5)*3", 0, "math.sin(q.anim_time*90*3.5)*6"]
				},
				"eye_right": {
					"rotation": [-90, 0, 0]
				},
				"stalk1_left": {
					"rotation": ["math.sin(q.anim_time*90*3.5)*3", 0, "math.sin(q.anim_time*90*3.5)*6"]
				},
				"eye_left": {
					"rotation": [-90, 0, 0]
				},
				"stalk2_right": {
					"rotation": [0, 0, "math.sin(q.anim_time*90*3.5-50)*6"]
				},
				"stalk2_left": {
					"rotation": [0, 0, "math.sin(q.anim_time*90*3.5-50)*6"]
				},
				"stalk2_middle": {
					"rotation": [0, 0, "math.sin(q.anim_time*90*3.5)*6"]
				}
			}
		},
		"animation.orbiclad.air_fly": {
			"loop": true,
			"bones": {
				"body": {
					"rotation": ["-math.sin(q.anim_time*45*3.5-15)*6*1.25", "-math.sin(q.anim_time*45*3.5-15)*6*1.25", "-math.sin(q.anim_time*45*3.5-15)*6*1.25"],
					"position": ["-0.5+math.cos(q.anim_time*180*1.5)*0.71*2", "1+math.cos(q.anim_time*90*3.5)*0.71*2", "-8+math.cos(q.anim_time*90*3.5)*0.71*2"]
				},
				"stalk1_middle": {
					"rotation": ["-math.sin(q.anim_time*90*3.5+50)*3", 0, "math.sin(q.anim_time*90*3.5+50)*6"]
				},
				"eye_middle": {
					"rotation": [-90, 0, 0]
				},
				"torso": {
					"scale": "1+math.sin(q.anim_time*90*2.5-20)*0.01"
				},
				"arm_left": {
					"rotation": ["-math.sin(q.anim_time*90*3.5-10)*1", 0, 0]
				},
				"arm_right": {
					"rotation": ["math.sin(q.anim_time*90*3.5-10)*1", 0, 0]
				},
				"shell": {
					"rotation": [0, "-math.sin(q.anim_time*45*3.5-15)*6", 0]
				},
				"rotate": {
					"rotation": [90, 0, -180],
					"position": [0, 8, 11]
				},
				"stalk1_right": {
					"rotation": ["-math.sin(q.anim_time*90*3.5)*3", 0, "math.sin(q.anim_time*90*3.5)*6"]
				},
				"eye_right": {
					"rotation": [-90, 0, 0]
				},
				"stalk1_left": {
					"rotation": ["math.sin(q.anim_time*90*3.5)*3", 0, "math.sin(q.anim_time*90*3.5)*6"]
				},
				"eye_left": {
					"rotation": [-90, 0, 0]
				},
				"stalk2_right": {
					"rotation": [0, 0, "math.sin(q.anim_time*90*3.5-50)*6"]
				},
				"stalk2_left": {
					"rotation": [0, 0, "math.sin(q.anim_time*90*3.5-50)*6"]
				},
				"stalk2_middle": {
					"rotation": [0, 0, "math.sin(q.anim_time*90*3.5)*6"]
				}
			}
		},
		"animation.orbiclad.sleep": {
			"loop": true,
			"bones": {
				"stalk1_middle": {
					"rotation": [0, 0, 117.5],
					"scale": 0
				},
				"torso": {
					"position": [-6.25, 0.1, 0],
					"scale": [0.6, 1, 0.6]
				},
				"shell": {
					"rotation": [0, 0, "math.sin(q.anim_time*45*2.5)*1"],
					"position": [0, -4, 0]
				},
				"stalk1_right": {
					"rotation": [0, 0, 127.5],
					"scale": 0
				},
				"stalk1_left": {
					"rotation": [0, 0, 127.5],
					"scale": 0
				}
			}
		},
		"animation.orbiclad.blink1": {
			"animation_length": 0.1667,
			"bones": {
				"eye_right": {
					"scale": {
						"0.0": [1, 1, 1],
						"0.0833": [1, 0, 1],
						"0.1667": [1, 1, 1]
					}
				}
			}
		},
		"animation.orbiclad.blink2": {
			"animation_length": 0.1667,
			"bones": {
				"eye_middle": {
					"scale": {
						"0.0": [1, 1, 1],
						"0.0833": [1, 0, 1],
						"0.1667": [1, 1, 1]
					}
				}
			}
		},
		"animation.orbiclad.blink3": {
			"animation_length": 0.1667,
			"bones": {
				"eye_left": {
					"scale": {
						"0.0": [1, 1, 1],
						"0.0833": [1, 0, 1],
						"0.1667": [1, 1, 1]
					}
				}
			}
		},
		"animation.orbiclad.faint": {
			"loop": "hold_on_last_frame",
			"animation_length": 10.2083,
			"bones": {
				"stalk1_middle": {
					"rotation": {
						"0.0": ["0-math.sin(q.anim_time*65*3.5-30)*6", 0, 0],
						"0.25": ["0.7116-math.sin(q.anim_time*65*3.5-30)*6", -1.83205, -42.46802],
						"0.5": ["0.7116-math.sin(q.anim_time*65*3.5-30)*6", -1.83205, -42.46802]
					},
					"scale": {
						"0.25": [1, 1, 1],
						"0.5": {
							"pre": [1, 1, 1],
							"post": [1, 1, 1],
							"lerp_mode": "catmullrom"
						},
						"1.7083": {
							"post": [0.1, 1, 1],
							"lerp_mode": "catmullrom"
						}
					}
				},
				"torso": {
					"rotation": [0, 0, 0],
					"position": {
						"0.0": [0, 0, 0],
						"1.7083": [0, 1.3, 0]
					},
					"scale": {
						"0.0": ["1+math.sin(q.anim_time*90*2.5-20)*0.01", "1+math.sin(q.anim_time*90*2.5-20)*0.01", "1+math.sin(q.anim_time*90*2.5-20)*0.01"],
						"0.25": ["1+math.sin(q.anim_time*90*2.5-20)*0.01", "1+math.sin(q.anim_time*90*2.5-20)*0.01", "1+math.sin(q.anim_time*90*2.5-20)*0.01"],
						"0.5": ["1+math.sin(q.anim_time*90*2.5-20)*0.01", "0.7+math.sin(q.anim_time*90*2.5-20)*0.01", "1+math.sin(q.anim_time*90*2.5-20)*0.01"],
						"1.7083": ["1+math.sin(q.anim_time*90*2.5-20)*0.01", "0.1+math.sin(q.anim_time*90*2.5-20)*0.01", "1+math.sin(q.anim_time*90*2.5-20)*0.01"]
					}
				},
				"arm_left": {
					"rotation": {
						"0.0": ["-math.sin(q.anim_time*90*3.5-10)*1", 0, 0],
						"0.25": ["57.5-math.sin(q.anim_time*90*3.5-10)*1", 0, 0],
						"0.5": ["57.5-math.sin(q.anim_time*90*3.5-10)*1", 0, 0]
					}
				},
				"arm_right": {
					"rotation": {
						"0.0": ["math.sin(q.anim_time*90*3.5-10)*1", 0, 0],
						"0.25": ["-60+math.sin(q.anim_time*90*3.5-10)*1", 0, 0],
						"0.5": ["-60+math.sin(q.anim_time*90*3.5-10)*1", 0, 0]
					}
				},
				"shell": {
					"rotation": {
						"0.0": [0, 0, 0],
						"0.125": [-58.95124, -30.95903, 27.79257],
						"0.25": [-127.5, 0, 90],
						"0.5": [-127.5, 0, 90]
					},
					"position": {
						"0.0": [0, "math.sin(q.anim_time*90*2.5-20)*0.25", 0],
						"0.125": [-8, 4.27, 12.25],
						"0.25": [-16, -11.5, 16.5],
						"0.375": [-16, -11.5, 21.75]
					}
				},
				"stalk1_right": {
					"rotation": {
						"0.0": ["-math.sin(q.anim_time*90*3.5-30)*3", 1.46448, 0],
						"0.25": ["-3.9448-math.sin(q.anim_time*90*3.5-30)*3", -9.45168, -25.58],
						"0.5": ["-3.9448-math.sin(q.anim_time*90*3.5-30)*3", -9.45168, -25.58]
					},
					"scale": {
						"0.25": {
							"pre": [1, 1, 1],
							"post": [1, 1, 1],
							"lerp_mode": "catmullrom"
						},
						"0.5": {
							"post": [1, 1, 1],
							"lerp_mode": "catmullrom"
						},
						"1.7083": {
							"post": [0.1, 1, 1],
							"lerp_mode": "catmullrom"
						}
					}
				},
				"stalk1_left": {
					"rotation": {
						"0.0": ["math.sin(q.anim_time*90*3.5-30)*3", 0, 0],
						"0.25": ["3.3676+math.sin(q.anim_time*90*3.5-30)*3", 11.80322, -27.83013],
						"0.5": ["3.3676+math.sin(q.anim_time*90*3.5-30)*3", 11.80322, -27.83013]
					},
					"scale": {
						"0.25": {
							"pre": [1, 1, 1],
							"post": [1, 1, 1],
							"lerp_mode": "catmullrom"
						},
						"0.5": {
							"post": [1, 1, 1],
							"lerp_mode": "catmullrom"
						},
						"1.7083": {
							"post": [0.1, 1, 1],
							"lerp_mode": "catmullrom"
						}
					}
				}
			}
		},
		"animation.orbiclad.cry": {
			"animation_length": 0.9167,
			"bones": {
				"stalk1_middle": {
					"rotation": {
						"0.0": {
							"post": [0, 0, 0],
							"lerp_mode": "catmullrom"
						},
						"0.125": {
							"post": [0, 0, -22.5],
							"lerp_mode": "catmullrom"
						},
						"0.2083": {
							"post": [0, 0, -15],
							"lerp_mode": "catmullrom"
						},
						"0.2917": {
							"post": [0, 0, -22.5],
							"lerp_mode": "catmullrom"
						},
						"0.375": {
							"post": [0, 0, -15],
							"lerp_mode": "catmullrom"
						},
						"0.4583": {
							"post": [0, 0, -22.5],
							"lerp_mode": "catmullrom"
						},
						"0.5417": {
							"post": [0, 0, -15],
							"lerp_mode": "catmullrom"
						},
						"0.625": {
							"post": [0, 0, -22.5],
							"lerp_mode": "catmullrom"
						},
						"0.7083": {
							"post": [0, 0, -15],
							"lerp_mode": "catmullrom"
						},
						"0.9167": {
							"post": [0, 0, 0],
							"lerp_mode": "catmullrom"
						}
					}
				},
				"shell": {
					"rotation": {
						"0.0": {
							"post": [0, 0, 0],
							"lerp_mode": "catmullrom"
						},
						"0.125": {
							"post": [0, 0, -7.5],
							"lerp_mode": "catmullrom"
						},
						"0.7083": {
							"post": [0, 0, -7.5],
							"lerp_mode": "catmullrom"
						},
						"0.9167": {
							"post": [0, 0, 0],
							"lerp_mode": "catmullrom"
						}
					},
					"position": {
						"0.0": {
							"post": [0, 0, 0],
							"lerp_mode": "catmullrom"
						},
						"0.125": {
							"post": [-1.5, 0, 0],
							"lerp_mode": "catmullrom"
						},
						"0.7083": {
							"post": [-1.5, 0, 0],
							"lerp_mode": "catmullrom"
						},
						"0.9167": {
							"post": [0, 0, 0],
							"lerp_mode": "catmullrom"
						}
					}
				},
				"stalk1_right": {
					"rotation": {
						"0.0": {
							"post": [0, 0, 0],
							"lerp_mode": "catmullrom"
						},
						"0.125": {
							"post": [0, 0, -25],
							"lerp_mode": "catmullrom"
						},
						"0.2083": {
							"post": [0, 0, -15],
							"lerp_mode": "catmullrom"
						},
						"0.2917": {
							"post": [0, 0, -25],
							"lerp_mode": "catmullrom"
						},
						"0.375": {
							"post": [0, 0, -15],
							"lerp_mode": "catmullrom"
						},
						"0.4583": {
							"post": [0, 0, -25],
							"lerp_mode": "catmullrom"
						},
						"0.5417": {
							"post": [0, 0, -15],
							"lerp_mode": "catmullrom"
						},
						"0.625": {
							"post": [0, 0, -25],
							"lerp_mode": "catmullrom"
						},
						"0.7083": {
							"post": [0, 0, -15],
							"lerp_mode": "catmullrom"
						},
						"0.9167": {
							"post": [0, 0, 0],
							"lerp_mode": "catmullrom"
						}
					}
				},
				"stalk1_left": {
					"rotation": {
						"0.0": {
							"post": [0, 0, 0],
							"lerp_mode": "catmullrom"
						},
						"0.125": {
							"post": [0, 0, -25],
							"lerp_mode": "catmullrom"
						},
						"0.2083": {
							"post": [0, 0, -15],
							"lerp_mode": "catmullrom"
						},
						"0.2917": {
							"post": [0, 0, -25],
							"lerp_mode": "catmullrom"
						},
						"0.375": {
							"post": [0, 0, -15],
							"lerp_mode": "catmullrom"
						},
						"0.4583": {
							"post": [0, 0, -25],
							"lerp_mode": "catmullrom"
						},
						"0.5417": {
							"post": [0, 0, -15],
							"lerp_mode": "catmullrom"
						},
						"0.625": {
							"post": [0, 0, -25],
							"lerp_mode": "catmullrom"
						},
						"0.7083": {
							"post": [0, 0, -15],
							"lerp_mode": "catmullrom"
						},
						"0.9167": {
							"post": [0, 0, 0],
							"lerp_mode": "catmullrom"
						}
					}
				}
			},
			"sound_effects": {
				"0.125": {
					"effect": "pokemon.orbiclad.cry"
				}
			}
		},
		"animation.orbiclad.recoil": {
			"animation_length": 0.9167,
			"bones": {
				"stalk1_middle": {
					"rotation": {
						"0.0": {
							"post": [0, 0, 0],
							"lerp_mode": "catmullrom"
						},
						"0.0833": {
							"post": [0, 0, -22.5],
							"lerp_mode": "catmullrom"
						},
						"0.2083": {
							"post": [0, 0, -15],
							"lerp_mode": "catmullrom"
						},
						"0.4167": {
							"post": [0, 0, 0],
							"lerp_mode": "catmullrom"
						}
					}
				},
				"shell": {
					"rotation": {
						"0.0": {
							"post": [0, 0, 0],
							"lerp_mode": "catmullrom"
						},
						"0.125": {
							"post": [0, 0, -7.5],
							"lerp_mode": "catmullrom"
						},
						"0.25": {
							"post": [0, 0, -7.5],
							"lerp_mode": "catmullrom"
						},
						"0.4583": {
							"post": [0, 0, 0],
							"lerp_mode": "catmullrom"
						}
					},
					"position": {
						"0.0": {
							"post": [0, 0, 0],
							"lerp_mode": "catmullrom"
						},
						"0.125": {
							"post": [-1.5, 0, 0],
							"lerp_mode": "catmullrom"
						},
						"0.25": {
							"post": [-1.5, 0, 0],
							"lerp_mode": "catmullrom"
						},
						"0.4583": {
							"post": [0, 0, 0],
							"lerp_mode": "catmullrom"
						}
					}
				},
				"stalk1_right": {
					"rotation": {
						"0.0": {
							"post": [0, 0, 0],
							"lerp_mode": "catmullrom"
						},
						"0.0833": {
							"post": [0, 0, -25],
							"lerp_mode": "catmullrom"
						},
						"0.2083": {
							"post": [0, 0, -15],
							"lerp_mode": "catmullrom"
						},
						"0.4167": {
							"post": [0, 0, 0],
							"lerp_mode": "catmullrom"
						}
					}
				},
				"stalk1_left": {
					"rotation": {
						"0.0": {
							"post": [0, 0, 0],
							"lerp_mode": "catmullrom"
						},
						"0.0833": {
							"post": [0, 0, -25],
							"lerp_mode": "catmullrom"
						},
						"0.2083": {
							"post": [0, 0, -15],
							"lerp_mode": "catmullrom"
						},
						"0.4167": {
							"post": [0, 0, 0],
							"lerp_mode": "catmullrom"
						}
					}
				}
			}
		}
	}
}