{
	"format_version": "1.8.0",
	"animations": {
		"animation.voltite.ground_idle": {
			"loop": true,
			"bones": {
				"body": {
					"rotation": [0, 10, 0],
					"position": [0, "-0.5+math.cos(q.anim_time*90*3.5)*0.3", 0]
				},
				"torso": {
					"rotation": ["7.5-math.sin(q.anim_time*90*3.5-30)*3", "0+math.cos(q.anim_time*90*2)*2", 0],
					"position": [0, "0+math.cos(q.anim_time*90*3.5)*0.2", 0]
				},
				"neck_left": {
					"rotation": ["16.1469-math.sin(q.anim_time*90*3.5-130)*3", -10.11366, "1.3946-math.cos(q.anim_time*90*3.5-30)*2"],
					"position": [0, -0.75, 0]
				},
				"neck_left2": {
					"rotation": ["-35.59-math.sin(q.anim_time*90*3.5-30)*3", -0.59, -1.5]
				},
				"head": {
					"rotation": ["19.6819+math.sin(q.anim_time*90*3.5-30)*7", 5.74694, "2.0485+math.cos(q.anim_time*90*3.5-30)*2"]
				},
				"thingy": {
					"rotation": ["-1.3611+math.sin(q.anim_time*90*4+30)*10", 0, -1.72167],
					"position": [0.25, 0, 0]
				},
				"wing_right": {
					"rotation": [24.93288, "-1.3611+math.sin(q.anim_time*90*4+30)*10", -1.72167],
					"position": [0.75, 0.5, 3]
				},
				"wing_left": {
					"rotation": [21.48442, "-10.0895+math.sin(q.anim_time*90*4+30)*10", -360.65765],
					"position": [-0.5, 0.25, 2]
				},
				"tail": {
					"rotation": [24.93288, "-1.3611+math.sin(q.anim_time*90*4+30)*10", -1.72167],
					"position": [0, -0.75, 2.3]
				},
				"leg_left": {
					"rotation": ["21.4012+math.cos(q.anim_time*90*3.5)*-5", -32.12939, -3.04219],
					"position": [0, -0.25, -1.25]
				},
				"leg_left2": {
					"rotation": ["-35+math.cos(q.anim_time*90*3.5)*10", 0, 0]
				},
				"foot_left": {
					"rotation": ["15-math.cos(q.anim_time*90*3.5)*3.5", 0, 0]
				},
				"toe_left": {
					"rotation": ["0-math.cos(q.anim_time*90*3.5)*1", 0, 0]
				},
				"toe_left2": {
					"rotation": [0, -45, "0-math.cos(q.anim_time*90*3.5)*1"]
				},
				"toe_left3": {
					"rotation": [0, 37.5, "0-math.cos(q.anim_time*90*3.5)*1"]
				},
				"toe_left4": {
					"rotation": ["0-math.cos(q.anim_time*90*3.5)*1", -7.5, 0]
				},
				"leg_right": {
					"rotation": ["21.8719+math.cos(q.anim_time*90*3.5)*-5", 34.5248, 3.89876],
					"position": [-1, -0.5, -4]
				},
				"leg_right2": {
					"rotation": ["-35+math.cos(q.anim_time*90*3.5)*10", 0, 0]
				},
				"foot_right": {
					"rotation": ["15-math.cos(q.anim_time*90*3.5)*3.5", 0, 0]
				},
				"toe_right": {
					"rotation": ["0-math.cos(q.anim_time*90*3.5)*1", 0, 0]
				},
				"toe_right2": {
					"rotation": ["0-math.cos(q.anim_time*90*3.5)*1", 45, 0]
				},
				"toe_right3": {
					"rotation": ["0-math.cos(q.anim_time*90*3.5)*1", -37.5, 0]
				},
				"toe_right4": {
					"rotation": ["0-math.cos(q.anim_time*90*3.5)*1", 7.5, 0]
				}
			}
		},
		"animation.voltite.ground_walk": {
			"loop": true,
			"animation_length": 1,
			"bones": {
				"body": {
					"position": [0, "-0.5+math.cos(q.anim_time*90*4*2)*0.5", 0]
				},
				"torso": {
					"rotation": ["17.5-math.sin(q.anim_time*90*4*2-30)*3", "0-math.cos(q.anim_time*90*4)*2", "0+math.sin(q.anim_time*90*4)*6"],
					"position": [0, "2+math.cos(q.anim_time*90*4*2)*0.6", 0.5]
				},
				"neck_left": {
					"rotation": ["37.9379-math.sin(q.anim_time*90*4*2+120)*2", -0.79548, 0.63603],
					"position": [0, -1.25, 0]
				},
				"neck_left2": {
					"rotation": ["-48.0853-math.sin(q.anim_time*90*4*2+60)*4", -0.59152, -1.50462]
				},
				"head": {
					"rotation": ["5.0944+math.sin(q.anim_time*90*4*2-30)*2", 3.08716, 0.31988]
				},
				"leg_left": {
					"rotation": ["10+math.sin(q.anim_time*90*4-150)*45", 0, 0],
					"position": {
						"0.0": [-0.5, "0+math.clamp(math.sin(q.anim_time*90*4-180)*2,0,2)", "-1.25+math.cos(q.anim_time*90*4-180)*1"],
						"0.1667": [-0.5, "0+math.clamp(math.sin(q.anim_time*90*4-180)*2,0,2)", -1.56],
						"0.6667": [-0.5, "0+math.clamp(math.sin(q.anim_time*90*4-180)*2,0,2)", "-2.5+math.cos(q.anim_time*90*4-180)*1"],
						"1.0": [-0.5, "0+math.clamp(math.sin(q.anim_time*90*4-180)*2,0,2)", "-1.25+math.cos(q.anim_time*90*4-180)*1"]
					}
				},
				"leg_left2": {
					"rotation": ["-47.5-math.sin(q.anim_time*90*4-180)*47", 0, 0]
				},
				"foot_left": {
					"rotation": ["42.5+math.clamp(math.sin(q.anim_time*90*4-180)*90,0,90)-math.clamp(math.sin(q.anim_time*90*4-20)*30,0,90)", 0, 0],
					"position": {
						"0.0": [0, 0, 0],
						"0.4167": [0, 0, 0],
						"0.5": [0, 0.1, -0.05],
						"0.75": [0, 0.4, -0.2],
						"1.0": [0, 0, 0]
					}
				},
				"toe_left": {
					"rotation": ["32.5-math.cos(q.anim_time*90*4-150)*30", 7.5, 0]
				},
				"toe_left2": {
					"rotation": [-2.5, -30, "-28+math.cos(q.anim_time*90*4-150)*20"],
					"position": {
						"0.0": [0, -0.2, 0],
						"0.3333": [0, 0, 0],
						"0.5": [0, -0.13, 0],
						"0.5833": [0, -0.2, 0],
						"1.0": [0, -0.2, 0]
					}
				},
				"toe_left3": {
					"rotation": [5, 32.5, "27.57-math.cos(q.anim_time*90*4-150)*20"],
					"position": {
						"0.0": [0, -0.2, 0],
						"0.3333": [0, 0, 0],
						"0.5833": [0, -0.2, 0],
						"1.0": [0, -0.2, 0]
					}
				},
				"toe_left4": {
					"rotation": ["32.5-math.cos(q.anim_time*90*4-150)*30", 7.5, 0]
				},
				"leg_right": {
					"rotation": ["10+math.sin(q.anim_time*90*4+30)*40", 0, 0],
					"position": {
						"0.0": [0.5, "0+math.clamp(math.sin(q.anim_time*90*4)*2,0,2)", "-1.5+math.cos(q.anim_time*90*4)*1"],
						"0.1667": [0.5, "0+math.clamp(math.sin(q.anim_time*90*4)*2,0,2)", "-2.25+math.cos(q.anim_time*90*4)*1"],
						"0.5833": [0.5, "0+math.clamp(math.sin(q.anim_time*90*4)*2,0,2)", "-1.5+math.cos(q.anim_time*90*4)*1"]
					}
				},
				"leg_right2": {
					"rotation": ["-47.5-math.sin(q.anim_time*90*4)*47", 0, 0]
				},
				"foot_right": {
					"rotation": ["42.5+math.clamp(math.sin(q.anim_time*90*4)*90,0,90)-math.clamp(math.sin(q.anim_time*90*4+160)*30,0,90)", 0, 0],
					"position": {
						"0.0": [0, 0.1, -0.05],
						"0.25": [0, 0.4, -0.2],
						"0.5": [0, 0, 0],
						"0.9167": [0, 0, 0],
						"1.0": [0, 0.1, -0.05]
					}
				},
				"toe_right": {
					"rotation": ["32.5-math.cos(q.anim_time*90*4+30)*30", 0, 0]
				},
				"toe_right2": {
					"rotation": [-2.5, 30, "28-math.cos(q.anim_time*90*4+30)*20"],
					"position": {
						"0.0": [0, -0.13, 0],
						"0.0833": [0, -0.2, 0],
						"0.5": [0, -0.2, 0],
						"0.8333": [0, 0, 0],
						"1.0": [0, -0.13, 0]
					}
				},
				"toe_right3": {
					"rotation": [5, -32.5, "-27.57+math.cos(q.anim_time*90*4+30)*20"],
					"position": {
						"0.0": [0, -0.13, 0],
						"0.0833": [0, -0.2, 0],
						"0.5": [0, -0.2, 0],
						"0.8333": [0, 0, 0],
						"1.0": [0, -0.13, 0]
					}
				},
				"toe_right4": {
					"rotation": ["32.5-math.cos(q.anim_time*90*4+30)*30", 7.5, 0]
				},
				"thingy": {
					"rotation": ["-1.3611+math.sin(q.anim_time*90*4+30)*10", 0, -1.72167],
					"position": [0.25, 0, 0]
				},
				"wing_right": {
					"rotation": [24.93288, "-1.3611+math.sin(q.anim_time*90*4+30)*10", -1.72167],
					"position": [0.75, 0.5, 3]
				},
				"wing_left": {
					"rotation": [21.48442, "-10.0895+math.sin(q.anim_time*90*4+30)*10", -360.65765],
					"position": [-0.5, 0.25, 2]
				},
				"tail": {
					"rotation": [24.93288, "-1.3611+math.sin(q.anim_time*90*4+30)*10", -1.72167],
					"position": [0, -0.75, 2.3]
				}
			}
		},
		"animation.voltite.sleep": {
			"loop": true,
			"bones": {
				"body": {
					"position": [0, -5.85, 0]
				},
				"torso": {
					"rotation": ["42.5-math.sin(q.anim_time*90*3/2)*1", "0-math.sin(q.anim_time*90*3/2/2)*2", 0],
					"position": [0, "7.25+math.cos(q.anim_time*90*3/2)*0.1", 3.25]
				},
				"neck_left": {
					"rotation": ["101.9581-math.sin(q.anim_time*90*3/2-60)*1", 2.25778, "-4.8956-math.sin(q.anim_time*90*3/2/2-90)*4"],
					"position": [0, -2.75, -1.5]
				},
				"neck_left2": {
					"rotation": ["34.4147-math.sin(q.anim_time*90*3/2-120)*2", -0.59152, -1.50462],
					"position": [0, -1.25, 0.4]
				},
				"head": {
					"rotation": ["-5.4331-math.sin(q.anim_time*90*3/2-140)*1", -3.3738, -0.37585],
					"position": [0, 0, 0]
				},
				"eye_left": {
					"position": [0, -1, 0],
					"scale": [1, 0, 1]
				},
				"eyelid_left": {
					"position": [0, 0, -0.1]
				},
				"eye_right": {
					"position": [0, 0, 0],
					"scale": [1, 0, 1]
				},
				"eyelid_right": {
					"position": [0, 0, -0.1]
				},
				"wing_right": {
					"rotation": [18.07099, "16.9947+math.sin(q.anim_time*60*4+30)*1", -46.22805],
					"position": [5.5, 3.75, 0.75]
				},
				"wing_left": {
					"rotation": [5.45867, "-23.325+math.sin(q.anim_time*60*4+30)*1", -307.43696],
					"position": [-5, 4.75, -1.5]
				},
				"tail": {
					"rotation": [-85.06712, "-1.3611+math.sin(q.anim_time*60*4+30)*1", -1.72167],
					"position": [0, 6.5, -2.2]
				},
				"leg_left": {
					"rotation": [27.5, 0, 0],
					"position": [0, 5, 0]
				},
				"leg_left2": {
					"rotation": [-20, 0, 0]
				},
				"foot_left": {
					"rotation": [-7.5, 0, 0]
				},
				"toe_left2": {
					"rotation": [0, -45, 0]
				},
				"toe_left3": {
					"rotation": [0, 37.5, 0]
				},
				"leg_right": {
					"rotation": [27.5, 0, 0],
					"position": [0, 5, 0]
				},
				"leg_right2": {
					"rotation": [-20, 0, 0]
				},
				"foot_right": {
					"rotation": [-7.5, 0, 0]
				},
				"toe_right2": {
					"rotation": [0, 45, 0]
				},
				"toe_right3": {
					"rotation": [0, -37.5, 0]
				}
			}
		},
		"animation.voltite.blink": {
			"animation_length": 0.25,
			"bones": {
				"eye_left": {
					"scale": {
						"0.0": [1, 1, 1],
						"0.125": [1, 0, 1],
						"0.25": [1, 1, 1]
					}
				},
				"eye_right": {
					"scale": {
						"0.0": [1, 1, 1],
						"0.125": [1, 0, 1],
						"0.25": [1, 1, 1]
					}
				}
			}
		},
		"animation.voltite.faint": {
			"loop": "hold_on_last_frame",
			"animation_length": 10.83333,
			"bones": {
				"body": {
					"rotation": [0, 10, 0],
					"position": {
						"0.0": [0, "-0.5+math.cos(q.anim_time*90*3.5)*0.3", 0],
						"1.7917": [0, -5.85, 0]
					}
				},
				"torso": {
					"rotation": {
						"0.0": ["7.5-math.sin(q.anim_time*90*3.5-30)*3", "0+math.cos(q.anim_time*90*2)*2", 0],
						"1.7917": ["42.5-math.sin(q.anim_time*90*3/2)*1", "0-math.sin(q.anim_time*90*3/2/2)*2", 0]
					},
					"position": {
						"0.0": [0, "0+math.cos(q.anim_time*90*3.5)*0.2", 0],
						"1.7917": [0, "7.25+math.cos(q.anim_time*90*3/2)*0.1", 3.25]
					}
				},
				"neck_left": {
					"rotation": {
						"0.0": ["16.1469-math.sin(q.anim_time*90*3.5-130)*3", -10.11366, "1.3946-math.cos(q.anim_time*90*3.5-30)*2"],
						"0.125": [0, 0, 0],
						"0.3333": {
							"pre": [-10, 0, 0],
							"post": [-10, 0, 0],
							"lerp_mode": "catmullrom"
						},
						"0.5": {
							"post": [35, 0, 0],
							"lerp_mode": "catmullrom"
						},
						"0.6667": {
							"post": [36, 0, 0],
							"lerp_mode": "catmullrom"
						},
						"0.9583": {
							"post": [-2.5, 0, 0],
							"lerp_mode": "catmullrom"
						},
						"1.5": [0, 0, 0],
						"1.7917": ["101.9581-math.sin(q.anim_time*90*3/2-60)*1", 2.25778, "-4.8956-math.sin(q.anim_time*90*3/2/2-90)*4"]
					},
					"position": {
						"0.0": [0, -0.75, 0],
						"0.125": [0, -0.5, 0],
						"0.5": [0, -1.25, 0],
						"0.8333": [0, -1.64, -0.08],
						"1.2083": [0, -1.58, -0.04],
						"1.5": [0, -2.1, -0.33],
						"1.7917": [0, -3, -1.5]
					}
				},
				"neck_left2": {
					"rotation": {
						"0.0": ["-35.59-math.sin(q.anim_time*90*3.5-30)*3", -0.59, -1.5],
						"0.125": [0, 0, 0],
						"0.2917": {
							"pre": [-12.5, 0, 0],
							"post": [-12.5, 0, 0],
							"lerp_mode": "catmullrom"
						},
						"0.5": {
							"post": [10, 0, 0],
							"lerp_mode": "catmullrom"
						},
						"0.75": {
							"post": [2, 0, 0],
							"lerp_mode": "catmullrom"
						},
						"1.0417": {
							"post": [-2.5, 0, 0],
							"lerp_mode": "catmullrom"
						},
						"1.4167": [0, 0, 0],
						"1.7917": ["34.4147-math.sin(q.anim_time*90*3/2-120)*2", -0.59152, -1.50462]
					},
					"position": {
						"0.125": [0, 0, 0],
						"0.5": [0, -0.5, 0],
						"1.7917": [0, -1.25, 0.4]
					}
				},
				"head": {
					"rotation": {
						"0.0": ["19.6819+math.sin(q.anim_time*90*3.5-30)*7", 5.74694, "2.0485+math.cos(q.anim_time*90*3.5-30)*2"],
						"0.125": [0, 0, 0],
						"0.2917": {
							"pre": [22.5, 0, 0],
							"post": [22.5, 0, 0],
							"lerp_mode": "catmullrom"
						},
						"0.4167": {
							"post": [-29, 0, 0],
							"lerp_mode": "catmullrom"
						},
						"0.625": {
							"post": [-34, 0, 0],
							"lerp_mode": "catmullrom"
						},
						"0.9583": {
							"post": [-2.37, 0, 0],
							"lerp_mode": "catmullrom"
						},
						"1.5": [0, 0, 0],
						"1.7917": ["-5.4331-math.sin(q.anim_time*90*3/2-140)*1", -3.3738, -0.37585]
					},
					"position": [0, 0, 0]
				},
				"eye_left": {
					"position": {
						"0.0": [0, 0, 0],
						"1.7917": [0, -1, 0]
					},
					"scale": {
						"0.0": [1, 1, 1],
						"1.7917": [1, 0, 1]
					}
				},
				"eyelid_left": {
					"position": [0, 0, -0.1]
				},
				"eye_right": {
					"position": {
						"0.0": [0, 0, 0],
						"1.7917": [0, 0, 0]
					},
					"scale": {
						"0.0": [1, 1, 1],
						"1.7917": [1, 0, 1]
					}
				},
				"eyelid_right": {
					"position": [0, 0, -0.1]
				},
				"wing_right": {
					"rotation": {
						"0.0": [24.93288, "-1.3611+math.sin(q.anim_time*90*4+30)*10", -1.72167],
						"1.7917": [18.07099, "16.9947+math.sin(q.anim_time*60*4+30)*1", -46.22805]
					},
					"position": {
						"0.0": [0.75, 0.5, 3],
						"1.7917": [5.5, 3.75, 0.75]
					}
				},
				"wing_left": {
					"rotation": {
						"0.0": [21.48442, "-10.0895+math.sin(q.anim_time*90*4+30)*10", -360.65765],
						"1.7917": [5.45867, "-23.325+math.sin(q.anim_time*60*4+30)*1", -307.43696]
					},
					"position": {
						"0.0": [-0.5, 0.25, 2],
						"1.7917": [-5, 4.75, -1.5]
					}
				},
				"tail": {
					"rotation": {
						"0.0": [24.93288, "-1.3611+math.sin(q.anim_time*90*4+30)*10", -1.72167],
						"1.7917": [-85.06712, "-1.3611+math.sin(q.anim_time*60*4+30)*1", -1.72167]
					},
					"position": {
						"0.0": [0, -0.75, 2.3],
						"1.7917": [0, 6.5, -2.2]
					}
				},
				"leg_left": {
					"rotation": {
						"0.0": ["21.4012+math.cos(q.anim_time*90*3.5)*-5", -32.12939, -3.04219],
						"1.7917": [27.5, 0, 0]
					},
					"position": {
						"0.0": [0, -0.25, -1.25],
						"1.7917": [0, 5, 0]
					}
				},
				"leg_left2": {
					"rotation": {
						"0.0": ["-35+math.cos(q.anim_time*90*3.5)*10", 0, 0],
						"1.7917": [-20, 0, 0]
					}
				},
				"foot_left": {
					"rotation": {
						"0.0": ["15-math.cos(q.anim_time*90*3.5)*3.5", 0, 0],
						"1.7917": [-7.5, 0, 0]
					}
				},
				"toe_left2": {
					"rotation": {
						"0.0": [0, -45, "0-math.cos(q.anim_time*90*3.5)*1"],
						"1.7917": [0, -45, 0]
					}
				},
				"toe_left3": {
					"rotation": {
						"0.0": [0, 37.5, "0-math.cos(q.anim_time*90*3.5)*1"],
						"1.7917": [0, 37.5, 0]
					}
				},
				"leg_right": {
					"rotation": {
						"0.0": ["21.8719+math.cos(q.anim_time*90*3.5)*-5", 34.5248, 3.89876],
						"1.7917": [27.5, 0, 0]
					},
					"position": {
						"0.0": [-1, -0.5, -4],
						"1.7917": [0, 5, 0]
					}
				},
				"leg_right2": {
					"rotation": {
						"0.0": ["-35+math.cos(q.anim_time*90*3.5)*10", 0, 0],
						"1.7917": [-20, 0, 0]
					}
				},
				"foot_right": {
					"rotation": {
						"0.0": ["15-math.cos(q.anim_time*90*3.5)*3.5", 0, 0],
						"1.7917": [-7.5, 0, 0]
					}
				},
				"toe_right2": {
					"rotation": {
						"0.0": ["0-math.cos(q.anim_time*90*3.5)*1", 45, 0],
						"1.7917": [0, 45, 0]
					}
				},
				"toe_right3": {
					"rotation": {
						"0.0": ["0-math.cos(q.anim_time*90*3.5)*1", -37.5, 0],
						"1.7917": [0, -37.5, 0]
					}
				},
				"jaw": {
					"rotation": {
						"0.125": [0, 0, 0],
						"0.2917": {
							"pre": [35, 0, 0],
							"post": [35, 0, 0],
							"lerp_mode": "catmullrom"
						},
						"0.4583": {
							"post": [29, 0, 0],
							"lerp_mode": "catmullrom"
						},
						"0.5417": [1.5, 0, 0],
						"0.875": [0, 0, 0]
					}
				},
				"thingy": {
					"rotation": ["-1.3611+math.sin(q.anim_time*90*4+30)*10", 0, -1.72167],
					"position": [0.25, 0, 0]
				},
				"toe_left": {
					"rotation": ["0-math.cos(q.anim_time*90*3.5)*1", 0, 0]
				},
				"toe_left4": {
					"rotation": ["0-math.cos(q.anim_time*90*3.5)*1", -7.5, 0]
				},
				"toe_right": {
					"rotation": ["0-math.cos(q.anim_time*90*3.5)*1", 0, 0]
				},
				"toe_right4": {
					"rotation": ["0-math.cos(q.anim_time*90*3.5)*1", 7.5, 0]
				}
			}
		},
		"animation.voltite.cry": {
			"animation_length": 0.3333,
			"bones": {
				"neck_left2": {
					"rotation": {
						"0.0": {
							"post": [0, 0, 0],
							"lerp_mode": "catmullrom"
						},
						"0.0833": {
							"post": [-10, 0, 0],
							"lerp_mode": "catmullrom"
						},
						"0.1667": {
							"post": [0, 0, 0],
							"lerp_mode": "catmullrom"
						},
						"0.25": {
							"post": [-10, 0, 0],
							"lerp_mode": "catmullrom"
						},
						"0.3333": {
							"post": [0, 0, 0],
							"lerp_mode": "catmullrom"
						}
					}
				},
				"jaw": {
					"rotation": {
						"0.0": {
							"post": [0, 0, 0],
							"lerp_mode": "catmullrom"
						},
						"0.0833": {
							"post": [40, 0, 0],
							"lerp_mode": "catmullrom"
						},
						"0.1667": {
							"post": [0, 0, 0],
							"lerp_mode": "catmullrom"
						},
						"0.25": {
							"post": [40, 0, 0],
							"lerp_mode": "catmullrom"
						},
						"0.3333": {
							"post": [0, 0, 0],
							"lerp_mode": "catmullrom"
						}
					}
				}
			},
			"sound_effects": {
				"0.0": {
					"effect": "pokemon.voltite.cry"
				}
			}
		}
	}
}