{
    "enabled": true,
    "neededInstalledMods": [],
    "neededUninstalledMods": [],
    "spawns": [
        {
            "id": "dollamb-1",
            "pokemon": "dollamb",
            "presets": [
                "natural"
            ],
            "type": "pokemon",
            "context": "grounded",
            "bucket": "common",
            "level": "2-27",
            "weight": 4.0,
            "condition": {
                "canSeeSky": true,
                "biomes": [
                    "#cobblemon:is_mountain",
                    "#cobblemon:is_plains"
                ]
            }
        }
    ]
}
