{
    "enabled": true,
    "neededInstalledMods": [],
    "neededUninstalledMods": [],
    "spawns": [
        {
            "id": "fungalith-1",
            "pokemon": "fungalith",
            "presets": [
                "natural",
                "wild"
            ],
            "type": "pokemon",
            "context": "grounded",
            "bucket": "rare",
            "level": "20-50",
            "weight": 5.0,
            "condition": {
                "minSkyLight": 8,
                "maxSkyLight": 15,
                "biomes": [
                    "#cobblemon:is_desert"
                ]
            }
        }
    ]
}
