{
    "enabled": true,
    "neededInstalledMods": [],
    "neededUninstalledMods": [],
    "spawns": [
        {
            "id": "moistery-1",
            "pokemon": "moistery",
            "type": "pokemon",
            "context": "grounded",
            "bucket": "common",
            "level": "5-24",
            "weight": 999.9,
            "condition": {
                "canSeeSky": true,
                "biomes": [
                    "#cobblemon:is_coast"
                ],
                "timeRange":"night",
                
                "isRaining": false,         
                "moonPhase":"0"
            }
        },
        {
            "id": "moistery-2",
            "pokemon": "moistery",
            "type": "pokemon",
            "context": "grounded",
            "bucket": "uncommon",
            "level": "5-24",
            "weight": 999.9,
            "condition": {
                "canSeeSky": true,
                "biomes": [
                    "#cobblemon:is_coast"
                ],
                "timeRange":"night",
                
                "isRaining": false,         
                "moonPhase":"0"
            }
        },
        {
            "id": "moistery-3",
            "pokemon": "moistery",
            "type": "pokemon",
            "context": "grounded",
            "bucket": "rare",
            "level": "5-24",
            "weight": 999.9,
            "condition": {
                "canSeeSky": true,
                "biomes": [
                    "#cobblemon:is_coast"
                ],
                "timeRange":"night",
                
                "isRaining": false,         
                "moonPhase":"0"
            }
        },
        {
            "id": "moistery-4",
            "pokemon": "moistery",
            "type": "pokemon",
            "context": "grounded",
            "bucket": "ultra-rare",
            "level": "5-24",
            "weight": 999.9,
            "condition": {
                "canSeeSky": true,
                "biomes": [
                    "#cobblemon:is_coast"
                ],
                "timeRange":"night",
                
                "isRaining": false,         
                "moonPhase":"0"
            }
        },
        {
            "id": "moistery-5",
            "pokemon": "moistery",
            "type": "pokemon",
            "context": "submerged",
            "bucket": "common",
            "level": "5-24",
            "weight": 999.9,
            "condition": {
                "canSeeSky": true,
                "biomes": [
                    "#cobblemon:is_coast"
                ],
                "timeRange":"night",
                
                "isRaining": false,         
                "moonPhase":"0"
            }
        },
        {
            "id": "moistery-6",
            "pokemon": "moistery",
            "type": "pokemon",
            "context": "submerged",
            "bucket": "uncommon",
            "level": "5-24",
            "weight": 999.9,
            "condition": {
                "canSeeSky": true,
                "biomes": [
                    "#cobblemon:is_coast"
                ],
                "timeRange":"night",
                
                "isRaining": false,         
                "moonPhase":"0"
            }
        },
        {
            "id": "moistery-7",
            "pokemon": "moistery",
            "type": "pokemon",
            "context": "submerged",
            "bucket": "rare",
            "level": "5-24",
            "weight": 999.9,
            "condition": {
                "canSeeSky": true,
                "biomes": [
                    "#cobblemon:is_coast"
                ],
                "timeRange":"night",
                
                "isRaining": false,         
                "moonPhase":"0"
            }
        },
        {
            "id": "moistery-8",
            "pokemon": "moistery",
            "type": "pokemon",
            "context": "submerged",
            "bucket": "ultra-rare",
            "level": "5-24",
            "weight": 999.9,
            "condition": {
                "canSeeSky": true,
                "biomes": [
                    "#cobblemon:is_coast"
                ],
                "timeRange":"night",
                
                "isRaining": false,         
                "moonPhase":"0"
            }
        },
        {
            "id": "moistery-9",
            "pokemon": "moistery",
            "type": "pokemon",
            "context": "grounded",
            "bucket": "uncommon",
            "level": "5-24",
            "weight": 5.0,
            "condition": {
                "biomes": [
                    "#minecraft:is_end"
                ]
            }
        }
    ]
}
