{
    "enabled": true,
    "neededInstalledMods": [],
    "neededUninstalledMods": [],
    "spawns": [
        {
            "id": "orbiclad-1",
            "pokemon": "orbiclad",
            "type": "pokemon",
            "context": "grounded",
            "bucket": "common",
            "level": "24-38",
            "weight": 200.9,
            "condition": {
                "canSeeSky": true,
                "biomes": [
                    "#cobblemon:is_coast"
                ],
                "timeRange":"night",
                
                "isRaining": false,         
                "moonPhase":"0"
            }
        },
        {
            "id": "orbiclad-2",
            "pokemon": "orbiclad",
            "type": "pokemon",
            "context": "grounded",
            "bucket": "uncommon",
            "level": "24-38",
            "weight": 200.9,
            "condition": {
                "canSeeSky": true,
                "biomes": [
                    "#cobblemon:is_coast"
                ],
                "timeRange":"night",
                
                "isRaining": false,         
                "moonPhase":"0"
            }
        },
        {
            "id": "orbiclad-3",
            "pokemon": "orbiclad",
            "type": "pokemon",
            "context": "grounded",
            "bucket": "rare",
            "level": "24-38",
            "weight": 200.9,
            "condition": {
                "canSeeSky": true,
                "biomes": [
                    "#cobblemon:is_coast"
                ],
                "timeRange":"night",
                
                "isRaining": false,         
                "moonPhase":"0"
            }
        },
        {
            "id": "orbiclad-4",
            "pokemon": "orbiclad",
            "type": "pokemon",
            "context": "grounded",
            "bucket": "ultra-rare",
            "level": "24-38",
            "weight": 200.9,
            "condition": {
                "canSeeSky": true,
                "biomes": [
                    "#cobblemon:is_coast"
                ],
                "timeRange":"night",
                
                "isRaining": false,         
                "moonPhase":"0"
            }
        },
        {
            "id": "orbiclad-5",
            "pokemon": "orbiclad",
            "type": "pokemon",
            "context": "submerged",
            "bucket": "common",
            "level": "24-38",
            "weight": 200.9,
            "condition": {
                "canSeeSky": true,
                "biomes": [
                    "#cobblemon:is_coast"
                ],
                "timeRange":"night",
                
                "isRaining": false,         
                "moonPhase":"0"
            }
        },
        {
            "id": "orbiclad-6",
            "pokemon": "orbiclad",
            "type": "pokemon",
            "context": "submerged",
            "bucket": "uncommon",
            "level": "24-38",
            "weight": 200.9,
            "condition": {
                "canSeeSky": true,
                "biomes": [
                    "#cobblemon:is_coast"
                ],
                "timeRange":"night",
                
                "isRaining": false,         
                "moonPhase":"0"
            }
        },
        {
            "id": "orbiclad-7",
            "pokemon": "orbiclad",
            "type": "pokemon",
            "context": "submerged",
            "bucket": "rare",
            "level": "24-38",
            "weight": 200.9,
            "condition": {
                "canSeeSky": true,
                "biomes": [
                    "#cobblemon:is_coast"
                ],
                "timeRange":"night",
                
                "isRaining": false,         
                "moonPhase":"0"
            }
        },
        {
            "id": "orbiclad-8",
            "pokemon": "orbiclad",
            "type": "pokemon",
            "context": "submerged",
            "bucket": "ultra-rare",
            "level": "24-38",
            "weight": 200.9,
            "condition": {
                "canSeeSky": true,
                "biomes": [
                    "#cobblemon:is_coast"
                ],
                "timeRange":"night",
                
                "isRaining": false,         
                "moonPhase":"0"
            }
        },        
        {
            "id": "orbiclad-9",
            "pokemon": "orbiclad",
            "type": "pokemon",
            "context": "grounded",
            "bucket": "uncommon",
            "level": "24-38",
            "weight": 1.0,
            "condition": {
                "biomes": [
                    "#minecraft:is_end"
                ]
            }
        }
    ]
}
