{
	"format_version": "1.12.0",
	"minecraft:geometry": [
		{
			"description": {
				"identifier": "geometry.dollamb",
				"texture_width": 64,
				"texture_height": 64,
				"visible_bounds_width": 2,
				"visible_bounds_height": 2.5,
				"visible_bounds_offset": [0, 0.75, 0]
			},
			"bones": [
				{
					"name": "dollamb",
					"pivot": [0, 0, 0]
				},
				{
					"name": "body",
					"parent": "dollamb",
					"pivot": [0, 0, 3]
				},
				{
					"name": "torso",
					"parent": "body",
					"pivot": [0, 0, 3],
					"cubes": [
						{"origin": [-3, 5, -3], "size": [6, 6, 6], "uv": [22, 18]},
						{"origin": [-1, 11, -1], "size": [2, 1, 2], "uv": [24, 36]}
					]
				},
				{
					"name": "neck",
					"parent": "torso",
					"pivot": [0, 0, 3],
					"cubes": [
						{"origin": [-1.5, 6, -5], "size": [3, 3, 5], "uv": [10, 40]}
					]
				},
				{
					"name": "head",
					"parent": "neck",
					"pivot": [0, 8.33752, -8.84702],
					"cubes": [
						{"origin": [-4, 5.40002, -12.59702], "size": [8, 8, 8], "inflate": 0.01, "uv": [0, 0]},
						{"origin": [-3.5, 13.40002, -7.59702], "size": [2, 2, 2], "inflate": 0.01, "uv": [30, 14]},
						{"origin": [1.5, 12.15002, -7.59702], "size": [2, 3, 2], "inflate": 0.01, "uv": [34, 30]},
						{"origin": [-3.5, 6.40002, -14.59702], "size": [7, 3, 2], "inflate": 0.01, "uv": [0, 24]}
					]
				},
				{
					"name": "ears",
					"parent": "head",
					"pivot": [0, 0, 3]
				},
				{
					"name": "ear_left",
					"parent": "ears",
					"pivot": [0, 12.41832, -6.59702],
					"cubes": [
						{"origin": [-9.69146, 9.9977, -8.59702], "size": [6, 0, 4], "pivot": [-0.19146, -1.5023, 3.40298], "rotation": [0, 0, 55], "uv": [20, 0]}
					]
				},
				{
					"name": "ear_right",
					"parent": "ears",
					"pivot": [0, 12.4183, -6.59702],
					"cubes": [
						{"origin": [4.19856, 9.99263, -8.59702], "size": [6, 0, 4], "pivot": [0.19856, -1.50737, 3.40298], "rotation": [0, 0, -55], "uv": [20, 4]}
					]
				},
				{
					"name": "eyes",
					"parent": "head",
					"pivot": [-2, 8.40002, -9.59702],
					"cubes": [
						{"origin": [-5, 6.90002, -10.09702], "size": [0, 3, 1], "inflate": 0.01, "uv": [4, 0]},
						{"origin": [-5, 7.90002, -11.09702], "size": [0, 1, 1], "inflate": 0.01, "uv": [0, 15]},
						{"origin": [-5, 7.90002, -9.09702], "size": [0, 1, 1], "inflate": 0.01, "uv": [2, 2]},
						{"origin": [-5, 6.40002, -11.59702], "size": [10, 4, 4], "uv": [0, 16]},
						{"origin": [5, -16.09998, -7.09702], "size": [0, 3, 1], "inflate": 0.01, "pivot": [0, -1.59998, 3.40298], "rotation": [-90, 0, 0], "uv": [0, 2]}
					]
				},
				{
					"name": "jaw",
					"parent": "head",
					"pivot": [0, -0.59998, 3.40298],
					"cubes": [
						{"origin": [-3.5, 5.40002, -14.59702], "size": [7, 1, 2], "uv": [0, 29]}
					]
				},
				{
					"name": "goatee",
					"parent": "head",
					"pivot": [0, 5.90002, -12.09702],
					"cubes": [
						{"origin": [-1, 2.40002, -12.09702], "size": [2, 3, 0], "uv": [0, 0]}
					]
				},
				{
					"name": "tail",
					"parent": "torso",
					"pivot": [0, 9, 2.75],
					"cubes": [
						{"origin": [-1, 1, -1.75], "size": [2, 2, 2], "pivot": [0, 0, 2.75], "rotation": [-77.5, 0, 0], "uv": [0, 4]},
						{"origin": [-0.5, 2, -6.75], "size": [1, 0, 6], "pivot": [0, 0, 2.75], "rotation": [-77.5, 0, 0], "uv": [0, 0]}
					]
				},
				{
					"name": "legs",
					"parent": "body",
					"pivot": [0, 10, 2]
				},
				{
					"name": "leg_front_left",
					"parent": "legs",
					"pivot": [2, 8.5, -0.75]
				},
				{
					"name": "leg_front_left2",
					"parent": "leg_front_left",
					"pivot": [1.75, 5, -2.5],
					"cubes": [
						{"origin": [0.75, 1.25, -2.5], "size": [2, 4, 2], "uv": [32, 8]}
					]
				},
				{
					"name": "leg_front_left3",
					"parent": "leg_front_left2",
					"pivot": [1.75, 2.25, -1.5],
					"cubes": [
						{"origin": [0.75, 0, -2.75], "size": [2, 2, 2], "inflate": 0.01, "uv": [36, 4]}
					]
				},
				{
					"name": "leg_back_left",
					"parent": "legs",
					"pivot": [2, 8.5, 3.75]
				},
				{
					"name": "leg_back_left2",
					"parent": "leg_back_left",
					"pivot": [1.75, 5.25, 1.75],
					"cubes": [
						{"origin": [0.75, 1.25, 0.5], "size": [2, 4, 2], "uv": [8, 32]}
					]
				},
				{
					"name": "leg_back_left3",
					"parent": "leg_back_left2",
					"pivot": [1.75, 2.25, 1.5],
					"cubes": [
						{"origin": [0.75, 0, 0.25], "size": [2, 2, 2], "inflate": 0.01, "uv": [36, 0]}
					]
				},
				{
					"name": "leg_front_right",
					"parent": "legs",
					"pivot": [-2, 8.5, -0.75]
				},
				{
					"name": "leg_front_right2",
					"parent": "leg_front_right",
					"pivot": [-1.75, 5, -2.5],
					"cubes": [
						{"origin": [-2.75, 1.25, -2.5], "size": [2, 4, 2], "uv": [0, 32]}
					]
				},
				{
					"name": "leg_front_right3",
					"parent": "leg_front_right2",
					"pivot": [-1.75, 2.25, -1.5],
					"cubes": [
						{"origin": [-2.75, 0, -2.75], "size": [2, 2, 2], "inflate": 0.01, "uv": [32, 35]}
					]
				},
				{
					"name": "leg_back_right",
					"parent": "legs",
					"pivot": [-2, 8.5, 3.75]
				},
				{
					"name": "leg_back_right2",
					"parent": "leg_back_right",
					"pivot": [-1.75, 5.25, 1.75],
					"cubes": [
						{"origin": [-2.75, 1.25, 0.5], "size": [2, 4, 2], "uv": [26, 30]}
					]
				},
				{
					"name": "leg_back_right3",
					"parent": "leg_back_right2",
					"pivot": [-1.75, 2.25, 1.5],
					"cubes": [
						{"origin": [-2.75, 0, 0.25], "size": [2, 2, 2], "inflate": 0.01, "uv": [16, 35]}
					]
				}
			]
		}
	]
}