{
	"format_version": "1.12.0",
	"minecraft:geometry": [
		{
			"description": {
				"identifier": "geometry.krillcracker",
				"texture_width": 64,
				"texture_height": 64,
				"visible_bounds_width": 2,
				"visible_bounds_height": 2.5,
				"visible_bounds_offset": [0, 0.75, 0]
			},
			"bones": [
				{
					"name": "krillcracker",
					"pivot": [0, 0, 0]
				},
				{
					"name": "body",
					"parent": "krillcracker",
					"pivot": [-0.25, 3.75, 7.5],
					"rotation": [90, 0, 0]
				},
				{
					"name": "torso",
					"parent": "body",
					"pivot": [-0.01006, 11.74963, 8]
				},
				{
					"name": "segment1",
					"parent": "torso",
					"pivot": [-0.01006, 11.74963, 8]
				},
				{
					"name": "segment2",
					"parent": "segment1",
					"pivot": [-0.01006, 11.74963, 8],
					"cubes": [
						{"origin": [-2.5, 10.75, 5.5], "size": [5, 3, 5], "inflate": 0.02, "uv": [0, 0]},
						{"origin": [-2.5, 13.75, 5.5], "size": [5, 1, 5], "inflate": 0.02, "uv": [0, 0]},
						{"origin": [-0.38756, 9.18566, 9.5], "size": [2, 2, 1], "inflate": 0.001, "pivot": [-0.01256, 10.81066, 8], "rotation": [90, -45, -89.99999], "uv": [33, 0]},
						{"origin": [-1.63756, 10.43566, 9.5], "size": [2, 2, 1], "pivot": [-0.01256, 10.81066, 8], "rotation": [90, -45, -89.99999], "uv": [11, 32]},
						{"origin": [-1.25, 9.25, 9.5], "size": [2, 2, 1], "pivot": [-1.25, 9.75, 6.5], "rotation": [0, 0, -45], "uv": [23, 33]},
						{"origin": [0, 8, 9.5], "size": [2, 2, 1], "inflate": 0.001, "pivot": [-1.25, 9.75, 6.5], "rotation": [0, 0, -45], "uv": [17, 33]},
						{"origin": [-0.38756, 9.18566, 5.5], "size": [2, 2, 1], "inflate": 0.001, "pivot": [-0.01256, 10.81066, 8], "rotation": [90, -45, -89.99999], "uv": [0, 32]},
						{"origin": [-1.63756, 10.43566, 5.5], "size": [2, 2, 1], "pivot": [-0.01256, 10.81066, 8], "rotation": [90, -45, -89.99999], "uv": [32, 6]},
						{"origin": [0, 8, 5.5], "size": [2, 2, 1], "inflate": 0.001, "pivot": [-1.25, 9.75, 6.5], "rotation": [0, 0, -45], "uv": [5, 34]},
						{"origin": [-1.25, 9.25, 5.5], "size": [2, 2, 1], "pivot": [-1.25, 9.75, 6.5], "rotation": [0, 0, -45], "uv": [34, 30]}
					]
				},
				{
					"name": "segment3",
					"parent": "segment2",
					"pivot": [-0.01006, 11.74963, 8],
					"cubes": [
						{"origin": [-2, 8.75, 6], "size": [4, 2, 4], "inflate": 0.02, "uv": [16, 4]},
						{"origin": [-1.01256, 7.86612, 6], "size": [2, 2, 1], "pivot": [-0.01256, 8.86612, 8], "rotation": [90, -45, -90], "uv": [34, 3]},
						{"origin": [-1.01256, 7.86612, 9], "size": [2, 2, 1], "pivot": [-0.01256, 8.86612, 8], "rotation": [90, -45, -90], "uv": [29, 33]},
						{"origin": [-2, 7.25, 9], "size": [2, 2, 1], "pivot": [-1.25, 9.75, 6.5], "rotation": [0, 0, -45], "uv": [28, 30]},
						{"origin": [-2, 7.25, 6], "size": [2, 2, 1], "pivot": [-1.25, 9.75, 6.5], "rotation": [0, 0, -45], "uv": [15, 0]}
					]
				},
				{
					"name": "fuse_tail",
					"parent": "segment3",
					"pivot": [0, 9.75, 7.5],
					"cubes": [
						{"origin": [-0.5, 6, 7.5], "size": [1, 3, 1], "uv": [0, 0]}
					]
				},
				{
					"name": "head",
					"parent": "segment1",
					"pivot": [0, 13.75, 8],
					"cubes": [
						{"origin": [-3.5, 13.75, 4.5], "size": [7, 6, 7], "inflate": 0.02, "uv": [17, 17]},
						{"origin": [-1.01256, 12.81586, 10.49], "size": [2, 2, 1], "inflate": 0.001, "pivot": [-0.01256, 13.81586, 8], "rotation": [90, -45, -90], "uv": [24, 10]},
						{"origin": [-2.26256, 14.06586, 10.49], "size": [2, 2, 1], "pivot": [-0.01256, 13.81586, 8], "rotation": [90, -45, -90], "uv": [21, 0]},
						{"origin": [0.23744, 11.56586, 10.49], "size": [2, 2, 1], "pivot": [-0.01256, 13.81586, 8], "rotation": [90, -45, -90], "uv": [24, 13]},
						{"origin": [0.25, 12, 10.5], "size": [2, 2, 1], "pivot": [-1.25, 9.75, 6.5], "rotation": [0, 0, -45], "uv": [0, 29]},
						{"origin": [1.5, 10.75, 10.5], "size": [2, 2, 1], "inflate": 0.001, "pivot": [-1.25, 9.75, 6.5], "rotation": [0, 0, -45], "uv": [6, 30]},
						{"origin": [2.75, 9.5, 10.5], "size": [2, 2, 1], "pivot": [-1.25, 9.75, 6.5], "rotation": [0, 0, -45], "uv": [30, 10]},
						{"origin": [0.23744, 11.56586, 4.5], "size": [2, 2, 1], "pivot": [-0.01256, 13.81586, 8], "rotation": [90, -45, -90], "uv": [27, 0]},
						{"origin": [-1.01256, 12.81586, 4.5], "size": [2, 2, 1], "inflate": 0.001, "pivot": [-0.01256, 13.81586, 8], "rotation": [90, -45, -90], "uv": [28, 3]},
						{"origin": [-2.26256, 14.06586, 4.5], "size": [2, 2, 1], "pivot": [-0.01256, 13.81586, 8], "rotation": [90, -45, -90], "uv": [11, 28]},
						{"origin": [2.75, 9.5, 4.5], "size": [2, 2, 1], "pivot": [-1.25, 9.75, 6.5], "rotation": [0, 0, -45], "uv": [30, 13]},
						{"origin": [1.5, 10.75, 4.5], "size": [2, 2, 1], "inflate": 0.001, "pivot": [-1.25, 9.75, 6.5], "rotation": [0, 0, -45], "uv": [22, 30]},
						{"origin": [0.25, 12, 4.5], "size": [2, 2, 1], "pivot": [-1.25, 9.75, 6.5], "rotation": [0, 0, -45], "uv": [16, 30]}
					]
				},
				{
					"name": "eyes",
					"parent": "head",
					"pivot": [0, 19, 7.75],
					"rotation": [-90, 0, 0],
					"cubes": [
						{"origin": [-3.5, 18, 7], "size": [2, 2, 2], "inflate": 0.03, "uv": [0, 8]},
						{"origin": [-2.75, 18.5, 7], "size": [1, 1, 1], "inflate": 0.04, "uv": [12, 24]},
						{"origin": [1.5, 18, 7], "size": [2, 2, 2], "inflate": 0.03, "uv": [8, 8]},
						{"origin": [1.75, 18.5, 7], "size": [1, 1, 1], "inflate": 0.04, "uv": [12, 26]}
					]
				},
				{
					"name": "whiskers",
					"parent": "head",
					"pivot": [0, 16.25, 6.75],
					"rotation": [-90, 0, 0]
				},
				{
					"name": "whisker_right",
					"parent": "whiskers",
					"pivot": [0, 16.25, 6.75],
					"cubes": [
						{"origin": [-4, 10.75, 11.5], "size": [0, 5, 6], "pivot": [-0.25, 6.75, 7.5], "rotation": [37.5, -25, 0], "uv": [0, 18]}
					]
				},
				{
					"name": "whisker_left",
					"parent": "whiskers",
					"pivot": [0, 16.25, 6.75],
					"cubes": [
						{"origin": [4, 10.75, 11.5], "size": [0, 5, 6], "pivot": [-0.25, 6.75, 7.5], "rotation": [37.5, 25, 0], "uv": [0, 18]}
					]
				},
				{
					"name": "jaw",
					"parent": "head",
					"pivot": [-0.25, 3.75, 7.5]
				},
				{
					"name": "fuse",
					"parent": "head",
					"pivot": [0, 16.75, 10.5],
					"cubes": [
						{"origin": [0, 0.5, -13.5], "size": [0, 12, 12], "pivot": [-0.25, 3.75, 7.5], "rotation": [-117.5, 0, 0], "uv": [0, 0]}
					]
				},
				{
					"name": "legs",
					"parent": "body",
					"pivot": [-0.25, 3.75, 7.5]
				},
				{
					"name": "front_left_leg",
					"parent": "legs",
					"pivot": [2, 12, 7.75],
					"cubes": [
						{"origin": [2, 11.25, 3.75], "size": [0, 1, 2], "inflate": 0.015, "uv": [0, 2]},
						{"origin": [2, 10.25, 3.75], "size": [0, 1, 1], "inflate": 0.01, "uv": [6, 8]}
					]
				},
				{
					"name": "front_right_leg",
					"parent": "legs",
					"pivot": [-2, 12, 7.75],
					"cubes": [
						{"origin": [-2, 11.25, 3.75], "size": [0, 1, 2], "inflate": 0.015, "uv": [6, 6]},
						{"origin": [-2, 10.25, 3.75], "size": [0, 1, 1], "inflate": 0.01, "uv": [8, 8]}
					]
				},
				{
					"name": "back_left_leg",
					"parent": "legs",
					"pivot": [1.5, 10, 7.75],
					"cubes": [
						{"origin": [1.5, 9, 3.75], "size": [0, 1, 3], "inflate": 0.015, "uv": [15, 0]},
						{"origin": [1.5, 8, 3.75], "size": [0, 1, 1], "inflate": 0.01, "uv": [0, 7]}
					]
				},
				{
					"name": "back_right_leg",
					"parent": "legs",
					"pivot": [-1.5, 10, 7.75],
					"cubes": [
						{"origin": [-1.5, 9, 3.75], "size": [0, 1, 3], "inflate": 0.015, "uv": [16, 7]},
						{"origin": [-1.5, 8, 3.75], "size": [0, 1, 1], "inflate": 0.01, "uv": [0, 8]}
					]
				}
			]
		}
	]
}