{
	"format_version": "1.12.0",
	"minecraft:geometry": [
		{
			"description": {
				"identifier": "geometry.citrillume",
				"texture_width": 64,
				"texture_height": 64,
				"visible_bounds_width": 3,
				"visible_bounds_height": 2.5,
				"visible_bounds_offset": [0, 0.75, 0]
			},
			"bones": [
				{
					"name": "citrilume",
					"pivot": [0, 0, 0]
				},
				{
					"name": "body",
					"parent": "citrilume",
					"pivot": [0, 0, 0]
				},
				{
					"name": "torso",
					"parent": "body",
					"pivot": [0, 0, 0]
				},
				{
					"name": "tail",
					"parent": "torso",
					"pivot": [-0.46496, 5.72887, 4.18228]
				},
				{
					"name": "tail_left",
					"parent": "tail",
					"pivot": [-0.46496, 5.72887, 4.18228],
					"cubes": [
						{"origin": [0.66454, 5.99383, 4.03225], "size": [2, 1, 0], "pivot": [-0.33546, 5.99383, 4.03225], "rotation": [-139.8421, -63.3228, -137.8594], "uv": [30, 28]}
					]
				},
				{
					"name": "tail_left2",
					"parent": "tail_left",
					"pivot": [-0.46496, 5.72887, 4.18228],
					"cubes": [
						{"origin": [-1.33419, 5.89753, 6.7129], "size": [2, 3, 0], "pivot": [-1.33419, 6.89753, 6.7129], "rotation": [-139.8421, -63.3228, -137.8594], "uv": [23, 17]}
					]
				},
				{
					"name": "tail_left3",
					"parent": "tail_left2",
					"pivot": [-0.46496, 5.72887, 4.18228],
					"cubes": [
						{"origin": [-2, 6.5, 8.5], "size": [2, 3, 0], "pivot": [-2, 7.5, 8.5], "rotation": [-158.0092, -39.3568, -115.2081], "uv": [4, 6]}
					]
				},
				{
					"name": "tail_left4",
					"parent": "tail_left3",
					"pivot": [-0.46496, 5.72887, 4.18228],
					"cubes": [
						{"origin": [0, 7, 8.5], "size": [1, 2, 0], "pivot": [-2, 7.5, 8.5], "rotation": [-158.0092, -39.3568, -115.2081], "uv": [0, 0]}
					]
				},
				{
					"name": "tail_middle",
					"parent": "tail",
					"pivot": [-0.46496, 5.72887, 4.18228],
					"cubes": [
						{"origin": [0.53504, 5.97887, 4.18228], "size": [2, 1, 0], "pivot": [-0.46496, 5.97887, 4.18228], "rotation": [-179.2972, -59.7168, -90.7963], "uv": [27, 3]}
					]
				},
				{
					"name": "tail_middle2",
					"parent": "tail_middle",
					"pivot": [-0.46496, 5.72887, 4.18228],
					"cubes": [
						{"origin": [-0.48598, 6.49155, 6.77291], "size": [2, 3, 0], "pivot": [-0.48598, 7.49155, 6.77291], "rotation": [-179.2972, -59.7168, -90.7963], "uv": [0, 6]}
					]
				},
				{
					"name": "tail_middle3",
					"parent": "tail_middle2",
					"pivot": [-0.46496, 5.72887, 4.18228],
					"cubes": [
						{"origin": [-0.05, 6.51839, 8.48828], "size": [3, 4, 0], "pivot": [-0.00048, 8.51839, 8.48828], "rotation": [-179.5811, -32.2179, -90.4127], "uv": [0, 17]}
					]
				},
				{
					"name": "tail_middle4",
					"parent": "tail_middle3",
					"pivot": [-0.46496, 5.72887, 4.18228],
					"cubes": [
						{"origin": [2.95, 7.01839, 8.48828], "size": [1, 3, 0], "pivot": [-0.00048, 8.51839, 8.48828], "rotation": [-179.5811, -32.2179, -90.4127], "uv": [18, 17]}
					]
				},
				{
					"name": "tail_right",
					"parent": "tail",
					"pivot": [-0.46496, 5.72887, 4.18228],
					"cubes": [
						{"origin": [0.32488, 5.85488, 4.08553], "size": [2, 1, 0], "pivot": [-0.67512, 5.85488, 4.08553], "rotation": [142.3565, -61.9935, -44.4822], "uv": [9, 32]}
					]
				},
				{
					"name": "tail_right2",
					"parent": "tail_right",
					"pivot": [-0.46496, 5.72887, 4.18228],
					"cubes": [
						{"origin": [0.32995, 5.84195, 6.73421], "size": [2, 3, 0], "pivot": [0.32995, 6.84195, 6.73421], "rotation": [142.3565, -61.9935, -44.4822], "uv": [27, 0]}
					]
				},
				{
					"name": "tail_right3",
					"parent": "tail_right2",
					"pivot": [-0.46496, 5.72887, 4.18228],
					"cubes": [
						{"origin": [1, 6.5, 8.5], "size": [2, 3, 0], "pivot": [1, 7.5, 8.5], "rotation": [158.7501, -37.6944, -65.3614], "uv": [0, 29]}
					]
				},
				{
					"name": "tail_right4",
					"parent": "tail_right3",
					"pivot": [-0.46496, 5.72887, 4.18228],
					"cubes": [
						{"origin": [3, 7, 8.5], "size": [1, 2, 0], "pivot": [1, 7.5, 8.5], "rotation": [158.7501, -37.6944, -65.3614], "uv": [6, 0]}
					]
				},
				{
					"name": "head",
					"parent": "torso",
					"pivot": [0, 14, 0],
					"cubes": [
						{"origin": [-4.5, 9.75, -4.25], "size": [9, 8, 9], "uv": [0, 0]}
					]
				},
				{
					"name": "beak",
					"parent": "head",
					"pivot": [0, 12.49083, -3.8019],
					"cubes": [
						{"origin": [-1, 11.7359, -8.65636], "size": [2, 1, 5], "inflate": 0.02, "pivot": [1.5, 8.2359, -6.65636], "rotation": [-7.5, 0, 0], "uv": [0, 29]},
						{"origin": [-1, 12.24446, -4.53688], "size": [2, 1, 4], "pivot": [1.5, 8.74446, -3.53688], "rotation": [20, 0, 0], "uv": [36, 9]}
					]
				},
				{
					"name": "beak2",
					"parent": "beak",
					"pivot": [0, 12.5, -8],
					"cubes": [
						{"origin": [-0.5, 12.53343, -10.76702], "size": [1, 1, 3], "inflate": 0.001, "pivot": [0, 13.03343, -9.26702], "rotation": [-25, 0, 0], "uv": [18, 17]}
					]
				},
				{
					"name": "jaw",
					"parent": "beak",
					"pivot": [0, 11.57971, -4.27334],
					"cubes": [
						{"origin": [-0.5, 11.24446, -7.78688], "size": [1, 1, 4], "pivot": [2, 7.74446, -6.78688], "rotation": [-7.5, 0, 0], "uv": [9, 29]}
					]
				},
				{
					"name": "stem",
					"parent": "head",
					"pivot": [0, 17.75, -1.25],
					"cubes": [
						{"origin": [-1, 16.5, -2], "size": [2, 4, 2], "pivot": [0, 17.5, -1], "rotation": [-17.5, 0, 0], "uv": [0, 0]}
					]
				},
				{
					"name": "stem2",
					"parent": "stem",
					"pivot": [0, 19.5, -0.25],
					"cubes": [
						{"origin": [-1.5, 19.75, -2], "size": [3, 4, 3], "pivot": [-0.5, 19.75, -1], "rotation": [-62.5, 0, 0], "uv": [31, 31]}
					]
				},
				{
					"name": "stem3",
					"parent": "stem2",
					"pivot": [0, 20.75, 1.75],
					"cubes": [
						{"origin": [-2, 22, 0.5], "size": [4, 4, 4], "pivot": [-1, 22, 1.5], "rotation": [-105, 0, 0], "uv": [24, 17]},
						{"origin": [-1.5, 20, 1], "size": [3, 2, 3], "inflate": 0.04, "pivot": [-0.5, 20, 3], "rotation": [-105, 0, 0], "uv": [0, 35]}
					]
				},
				{
					"name": "leaf_left",
					"parent": "stem",
					"pivot": [0, 18.5, -1.25],
					"cubes": [
						{"origin": [0.71846, 17.38691, -1.5], "size": [2, 1, 0], "pivot": [-0.28154, 17.38691, -1.5], "rotation": [-25, 0, -25], "uv": [15, 32]}
					]
				},
				{
					"name": "leaf_left2",
					"parent": "leaf_left",
					"pivot": [2, 19, -1.25],
					"cubes": [
						{"origin": [2.43738, 17.65476, -1.5], "size": [2, 3, 0], "pivot": [2.43738, 18.65476, -1.5], "rotation": [-25, 0, -25], "uv": [26, 34]}
					]
				},
				{
					"name": "leaf_left3",
					"parent": "leaf_left2",
					"pivot": [4, 20, -1.25],
					"cubes": [
						{"origin": [4.25, 18.5, -1.5], "size": [2, 3, 0], "pivot": [4.25, 19.5, -1.5], "rotation": [-27.7312, -24.7391, -12.5925], "uv": [15, 29]}
					]
				},
				{
					"name": "leaf_left4",
					"parent": "leaf_left3",
					"pivot": [6, 20, -0.25],
					"cubes": [
						{"origin": [6.25, 19, -1.5], "size": [1, 2, 0], "pivot": [4.25, 19.5, -1.5], "rotation": [-27.7312, -24.7391, -12.5925], "uv": [4, 21]}
					]
				},
				{
					"name": "leaf_right",
					"parent": "stem",
					"pivot": [0, 18.5, -1.25],
					"cubes": [
						{"origin": [-2.25, 19.5, -1.5], "size": [2, 1, 0], "pivot": [-4.25, 19.5, -1.5], "rotation": [-25, 0, 25], "uv": [36, 9]}
					]
				},
				{
					"name": "leaf_right2",
					"parent": "leaf_right",
					"pivot": [-2, 19, -1.25],
					"cubes": [
						{"origin": [-4.06262, 19.34524, -1.5], "size": [2, 3, 0], "pivot": [-6.06262, 20.34524, -1.5], "rotation": [-25, 0, 25], "uv": [30, 25]}
					]
				},
				{
					"name": "leaf_right3",
					"parent": "leaf_right2",
					"pivot": [-4, 20, -1.25],
					"cubes": [
						{"origin": [-6.25, 18.5, -1.5], "size": [2, 3, 0], "pivot": [-4.25, 19.5, -1.5], "rotation": [-27.7312, 24.7391, 12.5925], "uv": [9, 29]}
					]
				},
				{
					"name": "leaf_right4",
					"parent": "leaf_right3",
					"pivot": [-6, 20, -0.25],
					"cubes": [
						{"origin": [-7.25, 19, -1.5], "size": [1, 2, 0], "pivot": [-4.25, 19.5, -1.5], "rotation": [-27.7312, 24.7391, 12.5925], "uv": [22, 21]}
					]
				},
				{
					"name": "eyes",
					"parent": "head",
					"pivot": [0, 13.25, 0]
				},
				{
					"name": "eye_right",
					"parent": "eyes",
					"pivot": [3, 13.25, -2],
					"cubes": [
						{"origin": [3.5, 11, -2], "size": [1, 1, 1], "inflate": 0.02, "uv": [18, 21]},
						{"origin": [1.5, 10.75, -4.25], "size": [3, 5, 4], "inflate": 0.01, "uv": [20, 25]}
					]
				},
				{
					"name": "pupil_right",
					"parent": "eye_right",
					"pivot": [3, 13.25, -2],
					"cubes": [
						{"origin": [2.5, 12, -4.25], "size": [2, 3, 2], "inflate": 0.02, "uv": [36, 14]},
						{"origin": [2.25, 14.25, -4.25], "size": [1, 1, 1], "inflate": 0.03, "uv": [0, 32]}
					]
				},
				{
					"name": "eye_left",
					"parent": "eyes",
					"pivot": [-3, 13.25, -2],
					"cubes": [
						{"origin": [-4.5, 10.75, -4.25], "size": [3, 5, 4], "inflate": 0.01, "uv": [27, 0]},
						{"origin": [-4.5, 11, -2], "size": [1, 1, 1], "inflate": 0.02, "uv": [9, 35]}
					]
				},
				{
					"name": "pupil_left",
					"parent": "eye_left",
					"pivot": [-3, 13.25, -2],
					"cubes": [
						{"origin": [-4.5, 12, -4.25], "size": [2, 3, 2], "inflate": 0.02, "uv": [24, 38]},
						{"origin": [-3.25, 14.25, -4.25], "size": [1, 1, 1], "inflate": 0.03, "uv": [0, 21]}
					]
				},
				{
					"name": "wing_left",
					"parent": "torso",
					"pivot": [3, 7.5, 1.75],
					"cubes": [
						{"origin": [3, 5, 1.75], "size": [6, 6, 0], "inflate": 0.001, "pivot": [6, 7, 2.75], "rotation": [0, 0, 45], "uv": [34, 25]}
					]
				},
				{
					"name": "wing_right",
					"parent": "torso",
					"pivot": [-3, 7.5, 1.75],
					"cubes": [
						{"origin": [-10.5, 5, 1.75], "size": [6, 6, 0], "inflate": 0.001, "pivot": [-7.5, 7, 2.75], "rotation": [0, 0, 45], "uv": [14, 34]}
					]
				},
				{
					"name": "chest",
					"parent": "torso",
					"pivot": [0, 6.04173, 5.89682],
					"cubes": [
						{"origin": [-3, 5.25, 0.25], "size": [6, 6, 6], "inflate": 0.001, "pivot": [1.5, 3.75, 3.25], "rotation": [17.5, 0, 0], "uv": [0, 17]}
					]
				},
				{
					"name": "legs",
					"parent": "body",
					"pivot": [2.75, 1, 1.25]
				},
				{
					"name": "leg_left",
					"parent": "legs",
					"pivot": [-1.5, 5, 2.25],
					"cubes": [
						{"origin": [-2, 4.25, 2.25], "size": [1, 1, 0], "uv": [3, 32]}
					]
				},
				{
					"name": "leg_left2",
					"parent": "leg_left",
					"pivot": [-1.5, 4.25, 2.25],
					"cubes": [
						{"origin": [-2, 3.25, 2.25], "size": [1, 1, 0], "inflate": 0.01, "uv": [36, 20]},
						{"origin": [-1.25, 3, 2.25], "size": [1, 1, 0], "uv": [36, 15]},
						{"origin": [-2.75, 3, 2.25], "size": [1, 1, 0], "uv": [36, 14]}
					]
				},
				{
					"name": "leg_left3",
					"parent": "leg_left2",
					"pivot": [-1.5, 3, 2.25],
					"cubes": [
						{"origin": [-1.25, 2, 2.25], "size": [1, 1, 0], "uv": [36, 11]},
						{"origin": [-2.75, 2, 2.25], "size": [1, 1, 0], "uv": [36, 12]}
					]
				},
				{
					"name": "leg_right",
					"parent": "legs",
					"pivot": [1.5, 5, 2.25],
					"cubes": [
						{"origin": [1, 4.25, 2.25], "size": [1, 1, 0], "uv": [26, 20]}
					]
				},
				{
					"name": "leg_right2",
					"parent": "leg_right",
					"pivot": [1.5, 4.25, 2.25],
					"cubes": [
						{"origin": [1, 3.25, 2.25], "size": [1, 1, 0], "inflate": 0.01, "uv": [36, 19]},
						{"origin": [0.25, 3, 2.25], "size": [1, 1, 0], "uv": [36, 10]},
						{"origin": [1.75, 3, 2.25], "size": [1, 1, 0], "uv": [12, 35]}
					]
				},
				{
					"name": "leg_right3",
					"parent": "leg_right2",
					"pivot": [1.5, 3, 2.25],
					"cubes": [
						{"origin": [0.25, 2, 2.25], "size": [1, 1, 0], "uv": [0, 36]},
						{"origin": [1.75, 2, 2.25], "size": [1, 1, 0], "uv": [0, 35]}
					]
				}
			]
		}
	]
}