{
  "implemented": true,
  "name": "mantiverous",
  "nationalPokedexNumber": 9999,
  "primaryType": "bug",
  "secondaryType": "water",
  "abilities": [
    "swiftswim",
    "sheerforce",
    "h:noguard"
  ],
  "baseStats": {
    "hp": 90,
    "attack": 120,
    "defence": 75,
    "special_attack": 120,
    "special_defence": 45,
    "speed": 100
  },
  "behaviour": {
    "resting": {
      "canSleep": true,
      "depth": "normal",
      "light": "0-4",
      "willSleepOnBed": false,
      "times": "night"
    },
    "moving": {
      "canLook": true,
      "walk": {
        "canWalk": true,
        "avoidsLand": true,
        "walkSpeed": 0.15
      },
      "swim": {
        "swimSpeed": 0.5,
        "canSwimInWater": true,
        "canBreatheUnderwater": true
      },
      "fly": {
        "canFly": false,
        "flySpeedHorizontal": 0.3
      }
    }
  },
  "catchRate": 45,
  "maleRatio": 0.5,
  "shoulderMountable": false,
  "baseExperienceYield": 180,
  "experienceGroup": "medium_fast",
  "eggCycles": 20,
  "eggGroups": [
    "bug",
    "water_3"
  ],
  "drops": {
    "amount": 3,
    "entries": [
      {
        "item": "minecraft:spider_eye",
        "quantityRange": "1-1",
        "percentage": 100
      },
      {
        "item": "minecraft:tropical_fish",
        "quantityRange": "1-1",
        "percentage": 10
      },
      {
        "item": "cobblemon:razor_claw",
        "quantityRange": "1-1",
        "percentage": 5
      }
    ]
  },
  "moves": [
    "0:lunge",
    "0:watergun",
    "0:leer",
    "0:bugbite",
    "0:furycutter",
    "0:dive",
    "0:agility",
    "0:leechlife",
    "42:flipturn",
    "45:takedown",
    "50:toxic",
    "56:aquajet",
    "60:xscissor",
    "60:surf",
    "64:brickbreak",
    "70:hydropump",
    "70:focusblast",
    "74:megahorn",
    "82:dynamicpunch",
    "tm:screech",
    "tm:bugbuzz",
    "tm:doubleedge",
    "tm:takedown",
    "tm:acrobatics",
    "tm:pounce",
    "tm:trailblaze",
    "tm:facade",
    "tm:endure",
    "tm:raindance",
    "tm:uturn",
    "tm:substitute",
    "tm:terablast",
    "tm:protect",
    "tm:bugbite",
    "tm:skittersmack",
    "tm:metalclaw",
    "tm:brine",
    "tm:slash",
    "tm:crushclaw",
    "tm:xscissor",
    "tm:falseswipe",
    "tm:swordsdance",
    "tm:waterfall",
    "tm:waterpulse",
    "tm:aquacutter",
    "tm:workup",
    "tm:gunkshot",
    "tm:suckerpunch",
    "tm:bite",
    "tm:crunch",
    "tm:nightslash",
    "tm:honeclaws",
    "tm:throatchop",
    "tm:firstimpression",
    "tm:pinmissile",
    "tm:shadowclaw",
    "tm:return",
    "tm:frustration",
    "tm:fakeout",
    "tm:extremespeed",
    "tm:nastyplot",
    "egg:knockoff",
    "egg:rapidspin",
    "egg:crosspoison",
    "egg:poweruppunch"
  ],
  "labels": [
    "custom"
  ],
  "pokedex": [
    "cobblemon.species.mantiverous.desc1"
  ],
  "baseScale": 1,
  "hitbox": {
    "width": 1.5,
    "height": 1.8,
    "fixed": false
  },
  "baseFriendship": 50,
  "evYield": {
    "hp": 0,
    "attack": 1,
    "defence": 0,
    "special_attack": 1,
    "special_defence": 0,
    "speed": 0
  },
  "height": 13,
  "weight": 400,
  "evolutions": []
}