{
	"format_version": "1.12.0",
	"minecraft:geometry": [
		{
			"description": {
				"identifier": "geometry.hollorn_fetus",
				"texture_width": 64,
				"texture_height": 64,
				"visible_bounds_width": 2,
				"visible_bounds_height": 2.5,
				"visible_bounds_offset": [0, 0.75, 0]
			},
			"bones": [
				{
					"name": "hollorn_fetus",
					"pivot": [0, 0, 0]
				},
				{
					"name": "body",
					"parent": "hollorn_fetus",
					"pivot": [0, 0, 0]
				},
				{
					"name": "torso",
					"parent": "body",
					"pivot": [0, 0, 0],
					"cubes": [
						{"origin": [-1.5, 6, 1.75], "size": [3, 3, 1], "uv": [0, 27]},
						{"origin": [-2, 5, -2.25], "size": [4, 5, 4], "uv": [0, 12]}
					]
				},
				{
					"name": "neck",
					"parent": "torso",
					"pivot": [0, 10, 0.75],
					"cubes": [
						{"origin": [-1, 10, -1.25], "size": [2, 1, 2], "uv": [8, 30]}
					]
				},
				{
					"name": "head",
					"parent": "neck",
					"pivot": [0, 11, 0.75],
					"cubes": [
						{"origin": [-2.5, 11, -2.75], "size": [5, 1, 5], "uv": [0, 0]},
						{"origin": [-2.5, 15, -2.75], "size": [5, 1, 5], "uv": [0, 6]},
						{"origin": [-2.5, 12, -2.75], "size": [5, 3, 1], "uv": [20, 0]},
						{"origin": [-2.5, 12, 1.25], "size": [5, 3, 1], "uv": [20, 4]},
						{"origin": [-1.5, 12, -1.75], "size": [3, 3, 3], "inflate": 0.1, "uv": [16, 12]},
						{"origin": [-1.5, 11.25, -4.25], "size": [3, 2, 2], "uv": [20, 8]}
					]
				},
				{
					"name": "horn",
					"parent": "head",
					"pivot": [0, 16, -2.75],
					"rotation": [52, 0, 0],
					"cubes": [
						{"origin": [-1, 14, -2.75], "size": [2, 2, 3], "uv": [20, 24]},
						{"origin": [-0.5, 16.01, -1.75], "size": [1, 0, 1], "uv": [10, 23]}
					]
				},
				{
					"name": "horn2",
					"parent": "horn",
					"pivot": [0, 16, 0.25],
					"rotation": [-22.5, 0, 0],
					"cubes": [
						{"origin": [-1, 14, 3.26], "size": [2, 2, 0], "uv": [18, 24]},
						{"origin": [-1.5, 13.5, 0.25], "size": [3, 3, 3], "uv": [16, 18]}
					]
				},
				{
					"name": "arm_left",
					"parent": "torso",
					"pivot": [2, 8, -2.25],
					"cubes": [
						{"origin": [1, 7.5, -3.25], "size": [1, 1, 1], "uv": [16, 30]}
					]
				},
				{
					"name": "hand_left",
					"parent": "arm_left",
					"pivot": [1.5, 8.5, -3.25],
					"cubes": [
						{"origin": [0.5, 7, -5.25], "size": [2, 2, 2], "uv": [20, 29]}
					]
				},
				{
					"name": "arm_right",
					"parent": "torso",
					"pivot": [-2, 8, -2.25],
					"cubes": [
						{"origin": [-2, 7.5, -3.25], "size": [1, 1, 1], "uv": [10, 21]}
					]
				},
				{
					"name": "hand_right",
					"parent": "arm_right",
					"pivot": [-1.5, 8.5, -3.25],
					"cubes": [
						{"origin": [-2.5, 7, -5.25], "size": [2, 2, 2], "uv": [28, 20]}
					]
				},
				{
					"name": "tail",
					"parent": "torso",
					"pivot": [0, 5, 1.75],
					"cubes": [
						{"origin": [-1, 3, -0.25], "size": [2, 2, 2], "uv": [28, 29]},
						{"origin": [-0.5, 3.5, 1.76], "size": [1, 1, 0], "uv": [14, 21]}
					]
				},
				{
					"name": "tail2",
					"parent": "tail",
					"pivot": [0, 3, 1.75],
					"cubes": [
						{"origin": [-0.5, 2, 0.75], "size": [1, 1, 1], "uv": [30, 27]}
					]
				},
				{
					"name": "leg_right",
					"parent": "body",
					"pivot": [-2, 6, -1.75],
					"cubes": [
						{"origin": [-3, 4.5, -3.25], "size": [2, 3, 3], "inflate": 0.01, "uv": [10, 24]}
					]
				},
				{
					"name": "leg_right2",
					"parent": "leg_right",
					"pivot": [-2, 4.5, -1.25],
					"cubes": [
						{"origin": [-3, 2.5, -3.25], "size": [2, 2, 2], "uv": [28, 16]}
					]
				},
				{
					"name": "foot_right",
					"parent": "leg_right2",
					"pivot": [-2, 2.5, -3.25],
					"cubes": [
						{"origin": [-3, 1.5, -3.25], "size": [2, 1, 2], "inflate": 0.01, "uv": [30, 24]}
					]
				},
				{
					"name": "leg_left",
					"parent": "body",
					"pivot": [2, 6, -1.75],
					"cubes": [
						{"origin": [1, 4.5, -3.25], "size": [2, 3, 3], "inflate": 0.01, "uv": [0, 21]}
					]
				},
				{
					"name": "leg_left2",
					"parent": "leg_left",
					"pivot": [2, 4.5, -1.25],
					"cubes": [
						{"origin": [1, 2.5, -3.25], "size": [2, 2, 2], "uv": [28, 12]}
					]
				},
				{
					"name": "foot_left",
					"parent": "leg_left2",
					"pivot": [2, 2.5, -3.25],
					"cubes": [
						{"origin": [1, 1.5, -3.25], "size": [2, 1, 2], "inflate": 0.01, "uv": [30, 8]}
					]
				}
			]
		}
	]
}