{
	"format_version": "1.12.0",
	"minecraft:geometry": [
		{
			"description": {
				"identifier": "geometry.seibat",
				"texture_width": 64,
				"texture_height": 64,
				"visible_bounds_width": 3,
				"visible_bounds_height": 2.5,
				"visible_bounds_offset": [0, 0.75, 0]
			},
			"bones": [
				{
					"name": "Seibat",
					"pivot": [0, 0, 0]
				},
				{
					"name": "Body",
					"parent": "Seibat",
					"pivot": [0, 0, 0]
				},
				{
					"name": "legs",
					"parent": "Body",
					"pivot": [0.5, 1, -0.5]
				},
				{
					"name": "LeftFoot",
					"parent": "legs",
					"pivot": [0.5, 1, -0.5],
					"cubes": [
						{"origin": [0.5, 0, -2.5], "size": [1, 1, 2], "inflate": 0.01, "uv": [15, 35]}
					]
				},
				{
					"name": "LeftFoot2",
					"parent": "LeftFoot",
					"pivot": [1, 0, -2.5],
					"cubes": [
						{"origin": [0.5, 0, -3.5], "size": [1, 1, 1], "uv": [1, 31]}
					]
				},
				{
					"name": "RightFoot",
					"parent": "legs",
					"pivot": [-0.5, 1, -0.5],
					"cubes": [
						{"origin": [-1.5, 0, -2.5], "size": [1, 1, 2], "inflate": 0.01, "uv": [15, 35]}
					]
				},
				{
					"name": "RightFoot2",
					"parent": "RightFoot",
					"pivot": [-1, 0, -2.5],
					"cubes": [
						{"origin": [-1.5, 0, -3.5], "size": [1, 1, 1], "uv": [31, 3]}
					]
				},
				{
					"name": "Torso",
					"parent": "Body",
					"pivot": [0, 0, 0]
				},
				{
					"name": "Upper_Torso",
					"parent": "Torso",
					"pivot": [0, 4, -1]
				},
				{
					"name": "Main_Body",
					"parent": "Upper_Torso",
					"pivot": [0, 4, -1],
					"cubes": [
						{"origin": [-1, 0, -1], "size": [2, 4, 2], "uv": [18, 0]}
					]
				},
				{
					"name": "Tail",
					"parent": "Main_Body",
					"pivot": [0, -0.00061, -0.5349],
					"cubes": [
						{"origin": [-0.5, -3.00061, -0.5349], "size": [1, 3, 1], "inflate": 0.001, "uv": [29, 28]}
					]
				},
				{
					"name": "TailEnd",
					"parent": "Tail",
					"pivot": [0, -3.00061, -0.5349],
					"cubes": [
						{"origin": [-1.5, -4.00061, -0.5349], "size": [3, 1, 1], "uv": [13, 30]},
						{"origin": [-0.5, -5.00061, -0.5349], "size": [1, 1, 1], "uv": [22, 30]}
					]
				},
				{
					"name": "Wings",
					"parent": "Upper_Torso",
					"pivot": [0, 4, -1]
				},
				{
					"name": "RightWing1",
					"parent": "Wings",
					"pivot": [-1, 4, 0],
					"cubes": [
						{"origin": [-4, 0, 0], "size": [3, 4, 0], "uv": [28, 24]}
					]
				},
				{
					"name": "RightWing2",
					"parent": "RightWing1",
					"pivot": [-4, 4, 0],
					"cubes": [
						{"origin": [-7, -1, 0], "size": [3, 5, 0], "uv": [0, 11]}
					]
				},
				{
					"name": "RightWing3",
					"parent": "RightWing2",
					"pivot": [-7, 4, 0],
					"cubes": [
						{"origin": [-10, 0, 0], "size": [3, 4, 0], "uv": [28, 20]}
					]
				},
				{
					"name": "RightTalon",
					"parent": "RightWing3",
					"pivot": [-9.75, 4, 0],
					"cubes": [
						{"origin": [-11.75, 2, -0.75], "size": [1, 1, 1], "uv": [30, 8]},
						{"origin": [-11.75, 3, -0.75], "size": [2, 1, 1], "uv": [26, 11]}
					]
				},
				{
					"name": "LeftWing1",
					"parent": "Wings",
					"pivot": [1, 4, 0],
					"cubes": [
						{"origin": [1, 0, 0], "size": [3, 4, 0], "uv": [26, 16]}
					]
				},
				{
					"name": "LeftWing2",
					"parent": "LeftWing1",
					"pivot": [4, 4, 0],
					"cubes": [
						{"origin": [4, -1, 0], "size": [3, 5, 0], "uv": [0, 0]}
					]
				},
				{
					"name": "LeftWing3",
					"parent": "LeftWing2",
					"pivot": [7, 4, 0],
					"cubes": [
						{"origin": [7, 0, 0], "size": [3, 4, 0], "uv": [26, 0]}
					]
				},
				{
					"name": "LeftTalon",
					"parent": "LeftWing3",
					"pivot": [10, 4, 0],
					"cubes": [
						{"origin": [10, 3, -0.5], "size": [2, 1, 1], "uv": [0, 33]},
						{"origin": [11, 2, -0.5], "size": [1, 1, 1], "uv": [12, 18]}
					]
				},
				{
					"name": "Head_AI",
					"parent": "Torso",
					"pivot": [0, 7, 0]
				},
				{
					"name": "Head",
					"parent": "Head_AI",
					"pivot": [0, 4, 1]
				},
				{
					"name": "MainHeadandSpikes",
					"parent": "Head",
					"pivot": [0, 5, 3],
					"cubes": [
						{"origin": [-3, 5, -3], "size": [6, 5, 6], "inflate": 0.002, "uv": [0, 0]},
						{"origin": [0.5, 8, -2], "size": [2, 2, 1], "pivot": [1, 11, -19], "rotation": [0, 0, 45], "uv": [6, 30]},
						{"origin": [0.5, 8, 0], "size": [2, 2, 1], "inflate": 0.3, "pivot": [1, 11, -19], "rotation": [0, 0, 45], "uv": [6, 35]}
					]
				},
				{
					"name": "RightEar",
					"parent": "Head",
					"pivot": [-2, 4.1, -1],
					"rotation": [0, 22.5, 0],
					"cubes": [
						{"origin": [-7, 4.1, -1], "size": [5, 10, 2], "uv": [14, 18]}
					]
				},
				{
					"name": "LeftEar",
					"parent": "Head",
					"pivot": [2, 4, -1],
					"rotation": [0, -22.5, 0],
					"cubes": [
						{"origin": [2, 4.1, -1], "size": [5, 10, 2], "uv": [0, 18]}
					]
				},
				{
					"name": "Jaw",
					"parent": "Head",
					"pivot": [0, 5, 3],
					"cubes": [
						{"origin": [-3, 4, -1], "size": [6, 1, 4], "inflate": 0.001, "uv": [2, 12]}
					]
				},
				{
					"name": "Lip",
					"parent": "Jaw",
					"pivot": [0, 5, -1],
					"cubes": [
						{"origin": [-3, 4, -3], "size": [6, 1, 2], "inflate": 0.00001, "uv": [4, 15]}
					]
				},
				{
					"name": "ToungeBase",
					"parent": "Lip",
					"pivot": [0, 5.5, 1.9],
					"cubes": [
						{"origin": [-1, 5, 0.9], "size": [2, 1, 2], "inflate": 0.02, "uv": [24, 13]}
					]
				},
				{
					"name": "BackTongue",
					"parent": "Lip",
					"pivot": [0, 5, 2],
					"cubes": [
						{"origin": [-1, 5, 0], "size": [2, 1, 2], "inflate": 0.01, "uv": [24, 13]}
					]
				},
				{
					"name": "FrontTongue",
					"parent": "BackTongue",
					"pivot": [0, 6, 0],
					"cubes": [
						{"origin": [-1, 5, -2], "size": [2, 1, 2], "uv": [24, 8]}
					]
				}
			]
		}
	]
}