{
	"format_version": "1.8.0",
	"animations": {
		"animation.anglerine.water_idle": {
			"loop": true,
			"animation_length": 4,
			"bones": {
				"RightFins": {
					"rotation": {
						"0.0": {
							"post": [0, 0, 0],
							"lerp_mode": "catmullrom"
						},
						"2.0": {
							"post": [0, 0, -11],
							"lerp_mode": "catmullrom"
						},
						"4.0": {
							"post": [0, 0, 0],
							"lerp_mode": "catmullrom"
						}
					}
				},
				"LeftFins": {
					"rotation": {
						"0.0": {
							"post": [0, 0, 0],
							"lerp_mode": "catmullrom"
						},
						"2.0": {
							"post": [0, 0, 11],
							"lerp_mode": "catmullrom"
						},
						"4.0": {
							"post": [0, 0, 0],
							"lerp_mode": "catmullrom"
						}
					}
				},
				"ElectroFin": {
					"rotation": {
						"0.0": {
							"post": [0, 0, -5],
							"lerp_mode": "catmullrom"
						},
						"1.0": {
							"post": [0, 0, 0],
							"lerp_mode": "catmullrom"
						},
						"2.0": {
							"post": [0, 0, 5],
							"lerp_mode": "catmullrom"
						},
						"3.0": {
							"post": [0, 0, 0],
							"lerp_mode": "catmullrom"
						},
						"4.0": {
							"post": [0, 0, -5],
							"lerp_mode": "catmullrom"
						}
					}
				},
				"Body": {
					"position": {
						"0.0": {
							"post": [0, 0, 0],
							"lerp_mode": "catmullrom"
						},
						"2.0": {
							"post": [0, 1, 0],
							"lerp_mode": "catmullrom"
						},
						"4.0": {
							"post": [0, 0, 0],
							"lerp_mode": "catmullrom"
						}
					},
					"scale": {
						"4.0": {
							"pre": [1, 1, 1],
							"post": [1, 1, 1],
							"lerp_mode": "catmullrom"
						}
					}
				},
				"Propeller": {
					"rotation": {
						"0.0": {
							"post": [0, 0, 0],
							"lerp_mode": "catmullrom"
						},
						"1.0": {
							"post": [0, -10, 0],
							"lerp_mode": "catmullrom"
						},
						"2.0": {
							"post": [0, 0, 0],
							"lerp_mode": "catmullrom"
						},
						"3.0": {
							"post": [0, 10, 0],
							"lerp_mode": "catmullrom"
						},
						"4.0": {
							"post": [0, 0, 0],
							"lerp_mode": "catmullrom"
						}
					}
				},
				"LeftAngler": {
					"rotation": {
						"0.0": {
							"post": [0, 0, 0],
							"lerp_mode": "catmullrom"
						},
						"1.0": {
							"post": [-2, -2, 0],
							"lerp_mode": "catmullrom"
						},
						"2.0": {
							"post": [0.15341, -0.14886, -1.72795],
							"lerp_mode": "catmullrom"
						},
						"3.0": {
							"post": [-2, -2, 0],
							"lerp_mode": "catmullrom"
						},
						"4.0": {
							"post": [0, 0, 0],
							"lerp_mode": "catmullrom"
						}
					}
				},
				"LeftBulb": {
					"rotation": {
						"0.0": {
							"post": [0, 0, 0],
							"lerp_mode": "catmullrom"
						},
						"1.0": {
							"post": [35, -17.5, 0],
							"lerp_mode": "catmullrom"
						},
						"2.0": {
							"post": [-10, 55, 0],
							"lerp_mode": "catmullrom"
						},
						"3.0": {
							"post": [-35.9416, -44.4874, 44.44285],
							"lerp_mode": "catmullrom"
						},
						"4.0": {
							"post": [0, 0, 0],
							"lerp_mode": "catmullrom"
						}
					}
				},
				"RightAngler": {
					"rotation": {
						"0.0": {
							"post": [0, 0, 0],
							"lerp_mode": "catmullrom"
						},
						"1.0": {
							"post": [-2, 2, 0],
							"lerp_mode": "catmullrom"
						},
						"2.0": {
							"post": [0, 0, 0],
							"lerp_mode": "catmullrom"
						},
						"3.0": {
							"post": [-2, 2, 0],
							"lerp_mode": "catmullrom"
						},
						"4.0": {
							"post": [0, 0, 0],
							"lerp_mode": "catmullrom"
						}
					}
				},
				"RightBulb": {
					"rotation": {
						"0.0": {
							"post": [0, 0, 0],
							"lerp_mode": "catmullrom"
						},
						"1.0": {
							"post": [-15, 67.5, 0],
							"lerp_mode": "catmullrom"
						},
						"2.0": {
							"post": [30, -50, 0],
							"lerp_mode": "catmullrom"
						},
						"3.0": {
							"post": [40.02999, -5.37924, 9.98982],
							"lerp_mode": "catmullrom"
						},
						"4.0": {
							"post": [0, 0, 0],
							"lerp_mode": "catmullrom"
						}
					}
				},
				"Jaw": {
					"rotation": {
						"0.0": {
							"post": [0, 0, 0],
							"lerp_mode": "catmullrom"
						},
						"2.0": {
							"post": [2.5, 0, 0],
							"lerp_mode": "catmullrom"
						},
						"4.0": {
							"post": [0, 0, 0],
							"lerp_mode": "catmullrom"
						}
					}
				},
				"MainBody": {
					"scale": {
						"0.0": {
							"post": [1, 1, 1],
							"lerp_mode": "catmullrom"
						},
						"2.0": {
							"post": [1, 1.05, 1],
							"lerp_mode": "catmullrom"
						},
						"4.0": {
							"post": [1, 1, 1],
							"lerp_mode": "catmullrom"
						}
					}
				}
			}
		},
		"animation.anglerine.water_swim": {
			"loop": true,
			"animation_length": 4,
			"bones": {
				"Body": {
					"rotation": {
						"0.0": {
							"post": [0, 0, 0],
							"lerp_mode": "catmullrom"
						},
						"0.25": {
							"post": [0, -7.5, 0],
							"lerp_mode": "catmullrom"
						},
						"0.75": {
							"post": [0, 7.5, 0],
							"lerp_mode": "catmullrom"
						},
						"1.25": {
							"post": [0, -7.5, 0],
							"lerp_mode": "catmullrom"
						},
						"1.75": {
							"post": [0, 7.5, 0],
							"lerp_mode": "catmullrom"
						},
						"2.25": {
							"post": [0, -7.5, 0],
							"lerp_mode": "catmullrom"
						},
						"2.75": {
							"post": [0, 7.5, 0],
							"lerp_mode": "catmullrom"
						},
						"3.25": {
							"post": [0, -7.5, 0],
							"lerp_mode": "catmullrom"
						},
						"3.75": {
							"post": [0, 7.5, 0],
							"lerp_mode": "catmullrom"
						},
						"4.0": {
							"post": [0, 0, 0],
							"lerp_mode": "catmullrom"
						}
					},
					"position": {
						"0.0": {
							"post": [0, 0, 0],
							"lerp_mode": "catmullrom"
						},
						"1.0": {
							"post": [0, 1, 0],
							"lerp_mode": "catmullrom"
						},
						"2.0": {
							"post": [0, 0, 0],
							"lerp_mode": "catmullrom"
						},
						"3.0": {
							"post": [0, 1, 0],
							"lerp_mode": "catmullrom"
						},
						"4.0": {
							"post": [0, 0, 0],
							"lerp_mode": "catmullrom"
						}
					},
					"scale": {
						"0.0": {
							"post": [1, 1, 1],
							"lerp_mode": "catmullrom"
						},
						"2.0": {
							"post": [1, 1.05, 1],
							"lerp_mode": "catmullrom"
						},
						"4.0": {
							"post": [1, 1, 1],
							"lerp_mode": "catmullrom"
						}
					}
				},
				"ElectroFin": {
					"rotation": {
						"0.0": {
							"post": [0, 0, -6],
							"lerp_mode": "catmullrom"
						},
						"0.5": {
							"post": [0, 0, 6],
							"lerp_mode": "catmullrom"
						},
						"1.0": {
							"post": [0, 0, -6],
							"lerp_mode": "catmullrom"
						},
						"1.5": {
							"post": [0, 0, 6],
							"lerp_mode": "catmullrom"
						},
						"2.0": {
							"post": [0, 0, -6],
							"lerp_mode": "catmullrom"
						},
						"2.5": {
							"post": [0, 0, 6],
							"lerp_mode": "catmullrom"
						},
						"3.0": {
							"post": [0, 0, -6],
							"lerp_mode": "catmullrom"
						},
						"3.5": {
							"post": [0, 0, 6],
							"lerp_mode": "catmullrom"
						},
						"4.0": {
							"post": [0, 0, -6],
							"lerp_mode": "catmullrom"
						}
					}
				},
				"LeftFins": {
					"rotation": {
						"0.0": {
							"post": [0, 0, 0],
							"lerp_mode": "catmullrom"
						},
						"0.25": {
							"post": [0, 0, 17.5],
							"lerp_mode": "catmullrom"
						},
						"0.5": {
							"post": [0, 0, 0],
							"lerp_mode": "catmullrom"
						},
						"0.75": {
							"post": [0, 0, 17.5],
							"lerp_mode": "catmullrom"
						},
						"1.0": {
							"post": [0, 0, 0],
							"lerp_mode": "catmullrom"
						},
						"1.25": {
							"post": [0, 0, 17.5],
							"lerp_mode": "catmullrom"
						},
						"1.5": {
							"post": [0, 0, 0],
							"lerp_mode": "catmullrom"
						},
						"1.75": {
							"post": [0, 0, 17.5],
							"lerp_mode": "catmullrom"
						},
						"2.0": {
							"post": [0, 0, 0],
							"lerp_mode": "catmullrom"
						},
						"2.25": {
							"post": [0, 0, 17.5],
							"lerp_mode": "catmullrom"
						},
						"2.5": {
							"post": [0, 0, 0],
							"lerp_mode": "catmullrom"
						},
						"2.75": {
							"post": [0, 0, 17.5],
							"lerp_mode": "catmullrom"
						},
						"3.0": {
							"post": [0, 0, 0],
							"lerp_mode": "catmullrom"
						},
						"3.25": {
							"post": [0, 0, 17.5],
							"lerp_mode": "catmullrom"
						},
						"3.5": {
							"post": [0, 0, 0],
							"lerp_mode": "catmullrom"
						},
						"3.75": {
							"post": [0, 0, 17.5],
							"lerp_mode": "catmullrom"
						},
						"4.0": {
							"post": [0, 0, 0],
							"lerp_mode": "catmullrom"
						}
					}
				},
				"RightFins": {
					"rotation": {
						"0.0": {
							"post": [0, 0, 0],
							"lerp_mode": "catmullrom"
						},
						"0.25": {
							"post": [0, 0, -17.5],
							"lerp_mode": "catmullrom"
						},
						"0.5": {
							"post": [0, 0, 0],
							"lerp_mode": "catmullrom"
						},
						"0.75": {
							"post": [0, 0, -17.5],
							"lerp_mode": "catmullrom"
						},
						"1.0": {
							"post": [0, 0, 0],
							"lerp_mode": "catmullrom"
						},
						"1.25": {
							"post": [0, 0, -17.5],
							"lerp_mode": "catmullrom"
						},
						"1.5": {
							"post": [0, 0, 0],
							"lerp_mode": "catmullrom"
						},
						"1.75": {
							"post": [0, 0, -17.5],
							"lerp_mode": "catmullrom"
						},
						"2.0": {
							"post": [0, 0, 0],
							"lerp_mode": "catmullrom"
						},
						"2.25": {
							"post": [0, 0, -17.5],
							"lerp_mode": "catmullrom"
						},
						"2.5": {
							"post": [0, 0, 0],
							"lerp_mode": "catmullrom"
						},
						"2.75": {
							"post": [0, 0, -17.5],
							"lerp_mode": "catmullrom"
						},
						"3.0": {
							"post": [0, 0, 0],
							"lerp_mode": "catmullrom"
						},
						"3.25": {
							"post": [0, 0, -17.5],
							"lerp_mode": "catmullrom"
						},
						"3.5": {
							"post": [0, 0, 0],
							"lerp_mode": "catmullrom"
						},
						"3.75": {
							"post": [0, 0, -17.5],
							"lerp_mode": "catmullrom"
						},
						"4.0": {
							"post": [0, 0, 0],
							"lerp_mode": "catmullrom"
						}
					}
				},
				"Propeller": {
					"rotation": {
						"0.0": {
							"post": [0, 0, 0],
							"lerp_mode": "catmullrom"
						},
						"0.25": {
							"post": [0, 50, 0],
							"lerp_mode": "catmullrom"
						},
						"0.75": {
							"post": [0, -50, 0],
							"lerp_mode": "catmullrom"
						},
						"1.25": {
							"post": [0, 50, 0],
							"lerp_mode": "catmullrom"
						},
						"1.75": {
							"post": [0, -50, 0],
							"lerp_mode": "catmullrom"
						},
						"2.25": {
							"post": [0, 50, 0],
							"lerp_mode": "catmullrom"
						},
						"2.75": {
							"post": [0, -50, 0],
							"lerp_mode": "catmullrom"
						},
						"3.25": {
							"post": [0, 50, 0],
							"lerp_mode": "catmullrom"
						},
						"3.75": {
							"post": [0, -50, 0],
							"lerp_mode": "catmullrom"
						},
						"4.0": {
							"post": [0, 0, 0],
							"lerp_mode": "catmullrom"
						}
					}
				},
				"LeftAngler": {
					"rotation": {
						"0.0": {
							"post": [0, 0, 0],
							"lerp_mode": "catmullrom"
						},
						"0.5": {
							"post": [-17.75, -9.5, 3],
							"lerp_mode": "catmullrom"
						},
						"1.0": {
							"post": [2.22049, -2.0057, 3.2938],
							"lerp_mode": "catmullrom"
						},
						"1.5": {
							"post": [-15.23129, -11.9981, 2.8997],
							"lerp_mode": "catmullrom"
						},
						"2.0": {
							"post": [-2.69772, 7.98, 1.9567],
							"lerp_mode": "catmullrom"
						},
						"2.5": {
							"post": [-15.17987, -4.5064, 2.5422],
							"lerp_mode": "catmullrom"
						},
						"3.0": {
							"post": [-5.23571, 2.7887, 0.5713],
							"lerp_mode": "catmullrom"
						},
						"3.5": {
							"post": [-22.8049, -9.6589, 1.7193],
							"lerp_mode": "catmullrom"
						},
						"4.0": {
							"post": [0, 0, 0],
							"lerp_mode": "catmullrom"
						}
					}
				},
				"LeftBulb": {
					"rotation": {
						"0.0": {
							"post": [0, 0, 0],
							"lerp_mode": "catmullrom"
						},
						"0.5": {
							"post": [10, -40, 0],
							"lerp_mode": "catmullrom"
						},
						"1.0": {
							"post": [-10.29961, 16.8056, 3.32675],
							"lerp_mode": "catmullrom"
						},
						"1.5": {
							"post": [13.25004, -45.78258, 6.33563],
							"lerp_mode": "catmullrom"
						},
						"2.0": {
							"post": [-8.04777, 13.26907, 18.103],
							"lerp_mode": "catmullrom"
						},
						"2.5": {
							"post": [7.69796, 50.24339, 10.44478],
							"lerp_mode": "catmullrom"
						},
						"3.0": {
							"post": [-16.65411, -32.29799, 6.39939],
							"lerp_mode": "catmullrom"
						},
						"3.5": {
							"post": [32.87339, 21.05213, 17.57722],
							"lerp_mode": "catmullrom"
						},
						"4.0": {
							"post": [0, 0, 0],
							"lerp_mode": "catmullrom"
						}
					}
				},
				"RightAngler": {
					"rotation": {
						"0.0": {
							"post": [0, 0, 0],
							"lerp_mode": "catmullrom"
						},
						"0.5": {
							"post": [-17.75, 9.5, -3],
							"lerp_mode": "catmullrom"
						},
						"1.0": {
							"post": [2.22049, 2.00569, -3.29379],
							"lerp_mode": "catmullrom"
						},
						"1.5": {
							"post": [-15.23129, 11.99806, -2.89969],
							"lerp_mode": "catmullrom"
						},
						"2.0": {
							"post": [-2.69772, -7.97995, -1.95672],
							"lerp_mode": "catmullrom"
						},
						"2.5": {
							"post": [-15.17987, 4.50639, -2.54221],
							"lerp_mode": "catmullrom"
						},
						"3.0": {
							"post": [-5.23571, -2.78869, -0.57133],
							"lerp_mode": "catmullrom"
						},
						"3.5": {
							"post": [-22.8049, 9.65888, -1.71932],
							"lerp_mode": "catmullrom"
						},
						"4.0": {
							"post": [0, 0, 0],
							"lerp_mode": "catmullrom"
						}
					}
				},
				"RightBulb": {
					"rotation": {
						"0.0": {
							"post": [0, 0, 0],
							"lerp_mode": "catmullrom"
						},
						"0.5": {
							"post": [17.5, 42.5, 0],
							"lerp_mode": "catmullrom"
						},
						"1.0": {
							"post": [54.34443, -63.10208, -38.65293],
							"lerp_mode": "catmullrom"
						},
						"1.5": {
							"post": [4.62393, -12.56383, 7.47922],
							"lerp_mode": "catmullrom"
						},
						"2.0": {
							"post": [32.70216, 29.79437, 11.07739],
							"lerp_mode": "catmullrom"
						},
						"2.5": {
							"post": [20.4709, 1.53025, -5.80401],
							"lerp_mode": "catmullrom"
						},
						"3.0": {
							"post": [11.76913, -19.49455, -13.96618],
							"lerp_mode": "catmullrom"
						},
						"3.5": {
							"post": [-7.86777, 42.13973, -10.76402],
							"lerp_mode": "catmullrom"
						},
						"4.0": {
							"post": [0, 0, 0],
							"lerp_mode": "catmullrom"
						}
					}
				},
				"Jaw": {
					"rotation": {
						"0.0": {
							"post": [15, 0, 0],
							"lerp_mode": "catmullrom"
						},
						"2.0": {
							"post": [20, 0, 0],
							"lerp_mode": "catmullrom"
						},
						"3.0417": {
							"post": [24.85, 0, 0],
							"lerp_mode": "catmullrom"
						},
						"4.0": {
							"post": [15, 0, 0],
							"lerp_mode": "catmullrom"
						}
					}
				}
			}
		},
		"animation.anglerine.sleep": {
			"loop": true,
			"animation_length": 4,
			"bones": {
				"Body": {
					"position": {
						"0.0": {
							"post": [0, -1, 0],
							"lerp_mode": "catmullrom"
						}
					}
				},
				"BackEye": {
					"position": {
						"0.0": {
							"post": [0, 8.4, 0],
							"lerp_mode": "catmullrom"
						}
					},
					"scale": {
						"0.0": {
							"post": [0.9, 0.1105, 1],
							"lerp_mode": "catmullrom"
						}
					}
				},
				"FrontEye": {
					"position": {
						"0.0": {
							"post": [0, 8.5, 0],
							"lerp_mode": "catmullrom"
						}
					},
					"scale": {
						"0.0": {
							"post": [0.9, 0.1, 1],
							"lerp_mode": "catmullrom"
						}
					}
				},
				"ElectroFin": {
					"rotation": {
						"0.0": {
							"post": [0, 0, -3],
							"lerp_mode": "catmullrom"
						},
						"1.0": {
							"post": [0, 0, 0],
							"lerp_mode": "catmullrom"
						},
						"2.0": {
							"post": [0, 0, 3],
							"lerp_mode": "catmullrom"
						},
						"3.0": {
							"post": [0, 0, 0],
							"lerp_mode": "catmullrom"
						},
						"4.0": {
							"post": [0, 0, -3],
							"lerp_mode": "catmullrom"
						}
					}
				},
				"LeftFins": {
					"rotation": {
						"0.0": {
							"post": [0, 0, -7.5],
							"lerp_mode": "catmullrom"
						}
					},
					"position": {
						"0.0": {
							"post": [0, -1, 0],
							"lerp_mode": "catmullrom"
						}
					}
				},
				"RightFins": {
					"rotation": {
						"0.0": {
							"post": [0, 0, 7.5],
							"lerp_mode": "catmullrom"
						}
					},
					"position": {
						"0.0": {
							"post": [0, -1, 0],
							"lerp_mode": "catmullrom"
						}
					}
				},
				"Propeller": {
					"rotation": {
						"0.0": {
							"post": [-10, 0, 0],
							"lerp_mode": "catmullrom"
						},
						"2.0": {
							"post": [-20, 0, 0],
							"lerp_mode": "catmullrom"
						},
						"4.0": {
							"post": [-10, 0, 0],
							"lerp_mode": "catmullrom"
						}
					}
				},
				"LeftAngler": {
					"rotation": {
						"0.0": {
							"post": [32.5, 0, 0],
							"lerp_mode": "catmullrom"
						},
						"1.0": {
							"post": [34, -2, 0],
							"lerp_mode": "catmullrom"
						},
						"2.0": {
							"post": [32.5, 0, 0],
							"lerp_mode": "catmullrom"
						},
						"3.0": {
							"post": [34, -2, 0],
							"lerp_mode": "catmullrom"
						},
						"4.0": {
							"post": [32.5, 0, 0],
							"lerp_mode": "catmullrom"
						}
					},
					"position": {
						"0.0": {
							"post": [1, -3, 0],
							"lerp_mode": "catmullrom"
						},
						"2.0": {
							"post": [1, -3, 0],
							"lerp_mode": "catmullrom"
						},
						"4.0": {
							"post": [1, -3, 0],
							"lerp_mode": "catmullrom"
						}
					}
				},
				"LeftBulb": {
					"rotation": {
						"0.0": {
							"post": [47.5, 0, 0],
							"lerp_mode": "catmullrom"
						},
						"2.0": {
							"post": [70, 10, 0],
							"lerp_mode": "catmullrom"
						},
						"4.0": {
							"post": [47.5, 0, 0],
							"lerp_mode": "catmullrom"
						}
					},
					"position": {
						"0.0": {
							"post": [0, 1, -1],
							"lerp_mode": "catmullrom"
						},
						"2.0": {
							"post": [0, 1, 0],
							"lerp_mode": "catmullrom"
						},
						"4.0": {
							"post": [0, 1, -1],
							"lerp_mode": "catmullrom"
						}
					}
				},
				"RightAngler": {
					"rotation": {
						"0.0": {
							"post": [32.5, 0, 0],
							"lerp_mode": "catmullrom"
						},
						"1.0": {
							"post": [34, 2, 0],
							"lerp_mode": "catmullrom"
						},
						"2.0": {
							"post": [32.5, 0, 0],
							"lerp_mode": "catmullrom"
						},
						"3.0": {
							"post": [34, 2, 0],
							"lerp_mode": "catmullrom"
						},
						"4.0": {
							"post": [32.5, 0, 0],
							"lerp_mode": "catmullrom"
						}
					},
					"position": {
						"0.0": {
							"post": [-1, -3, 0],
							"lerp_mode": "catmullrom"
						},
						"2.0": {
							"post": [-1, -3, 0],
							"lerp_mode": "catmullrom"
						},
						"4.0": {
							"post": [-1, -3, 0],
							"lerp_mode": "catmullrom"
						}
					}
				},
				"RightBulb": {
					"rotation": {
						"0.0": {
							"post": [47.5, 0, 0],
							"lerp_mode": "catmullrom"
						},
						"2.0": {
							"post": [70, -10, 0],
							"lerp_mode": "catmullrom"
						},
						"4.0": {
							"post": [47.5, 0, 0],
							"lerp_mode": "catmullrom"
						}
					},
					"position": {
						"0.0": {
							"post": [0, 1, -1],
							"lerp_mode": "catmullrom"
						},
						"2.0": {
							"post": [0, 1, 0],
							"lerp_mode": "catmullrom"
						},
						"4.0": {
							"post": [0, 1, -1],
							"lerp_mode": "catmullrom"
						}
					}
				},
				"Jaw": {
					"rotation": {
						"0.0": {
							"post": [0, 0, 0],
							"lerp_mode": "catmullrom"
						},
						"2.0": {
							"post": [2.5, 0, 0],
							"lerp_mode": "catmullrom"
						},
						"4.0": {
							"post": [0, 0, 0],
							"lerp_mode": "catmullrom"
						}
					}
				},
				"MainBody": {
					"rotation": {
						"0.0": {
							"post": [0, 0, 0],
							"lerp_mode": "catmullrom"
						}
					},
					"position": {
						"0.0": {
							"post": [0, 0, 0],
							"lerp_mode": "catmullrom"
						}
					},
					"scale": {
						"0.0": {
							"post": [1, 1, 1],
							"lerp_mode": "catmullrom"
						},
						"2.0": {
							"post": [1, 1.025, 1],
							"lerp_mode": "catmullrom"
						},
						"4.0": {
							"post": [1, 1, 1],
							"lerp_mode": "catmullrom"
						}
					}
				}
			}
		},
		"animation.anglerine.faint": {
			"loop": "hold_on_last_frame",
			"animation_length": 11,
			"bones": {
				"Body": {
					"rotation": {
						"0.0": {
							"post": [0, 0, 0],
							"lerp_mode": "catmullrom"
						},
						"0.25": {
							"post": [-10, 0, 0],
							"lerp_mode": "catmullrom"
						},
						"0.75": {
							"post": [0, 0, 0],
							"lerp_mode": "catmullrom"
						}
					},
					"position": {
						"0.0": {
							"post": [0, -1, 0],
							"lerp_mode": "catmullrom"
						},
						"0.25": {
							"post": [0, 1, 0],
							"lerp_mode": "catmullrom"
						},
						"0.75": {
							"post": [0, -1, 0],
							"lerp_mode": "catmullrom"
						}
					}
				},
				"BackEye": {
					"position": {
						"0.0": {
							"post": [0, 0, 0],
							"lerp_mode": "catmullrom"
						},
						"0.5": {
							"post": [0, 8.4, 0],
							"lerp_mode": "catmullrom"
						}
					},
					"scale": {
						"0.0": {
							"post": [1, 1, 1],
							"lerp_mode": "catmullrom"
						},
						"0.5": {
							"post": [0.9, 0.1105, 1],
							"lerp_mode": "catmullrom"
						}
					}
				},
				"FrontEye": {
					"position": {
						"0.0": {
							"post": [0, 0, 0],
							"lerp_mode": "catmullrom"
						},
						"0.5": {
							"post": [0, 8.5, 0],
							"lerp_mode": "catmullrom"
						}
					},
					"scale": {
						"0.0": {
							"post": [1, 1, 1],
							"lerp_mode": "catmullrom"
						},
						"0.5": {
							"post": [0.9, 0.1, 1],
							"lerp_mode": "catmullrom"
						}
					}
				},
				"ElectroFin": {
					"rotation": {
						"0.0": {
							"post": [0, 0, -2.5],
							"lerp_mode": "catmullrom"
						},
						"0.0417": {
							"post": [0, 0, 2.5],
							"lerp_mode": "catmullrom"
						},
						"0.0833": {
							"post": [0, 0, -2.5],
							"lerp_mode": "catmullrom"
						},
						"0.125": {
							"post": [0, 0, 2.5],
							"lerp_mode": "catmullrom"
						},
						"0.1667": {
							"post": [0, 0, -2.5],
							"lerp_mode": "catmullrom"
						},
						"0.2083": {
							"post": [0, 0, 2.5],
							"lerp_mode": "catmullrom"
						},
						"0.25": {
							"post": [0, 0, -2.5],
							"lerp_mode": "catmullrom"
						},
						"0.2917": {
							"post": [0, 0, 2.5],
							"lerp_mode": "catmullrom"
						},
						"0.3333": {
							"post": [0, 0, -2.5],
							"lerp_mode": "catmullrom"
						},
						"0.375": {
							"post": [0, 0, 2.5],
							"lerp_mode": "catmullrom"
						},
						"0.4167": {
							"post": [0, 0, -2.5],
							"lerp_mode": "catmullrom"
						},
						"0.4583": {
							"post": [0, 0, 2.5],
							"lerp_mode": "catmullrom"
						},
						"0.5": {
							"post": [0, 0, -2.5],
							"lerp_mode": "catmullrom"
						},
						"0.5833": {
							"post": [0, 0, 2.5],
							"lerp_mode": "catmullrom"
						},
						"0.6667": {
							"post": [0, 0, -2.5],
							"lerp_mode": "catmullrom"
						},
						"0.75": {
							"post": [0, 0, 2.5],
							"lerp_mode": "catmullrom"
						},
						"0.8333": {
							"post": [0, 0, -2.5],
							"lerp_mode": "catmullrom"
						},
						"0.9167": {
							"post": [0, 0, 2.5],
							"lerp_mode": "catmullrom"
						},
						"1.0417": {
							"post": [0, 0, -2.5],
							"lerp_mode": "catmullrom"
						},
						"1.1667": {
							"post": [0, 0, 2.5],
							"lerp_mode": "catmullrom"
						},
						"1.2917": {
							"post": [0, 0, -2.5],
							"lerp_mode": "catmullrom"
						},
						"1.4167": {
							"post": [0, 0, 2.5],
							"lerp_mode": "catmullrom"
						},
						"1.5417": {
							"post": [0, 0, -2.5],
							"lerp_mode": "catmullrom"
						},
						"1.7917": {
							"post": [0, 0, 2.5],
							"lerp_mode": "catmullrom"
						},
						"2.0417": {
							"post": [0, 0, -2.5],
							"lerp_mode": "catmullrom"
						},
						"2.7083": {
							"post": [0, 0, 2.5],
							"lerp_mode": "catmullrom"
						},
						"4.2917": {
							"post": [0, 0, -2.5],
							"lerp_mode": "catmullrom"
						}
					}
				},
				"LeftFins": {
					"rotation": {
						"0.0": {
							"post": [0, 0, -7.5],
							"lerp_mode": "catmullrom"
						},
						"0.25": {
							"post": [0, 0, 2.5],
							"lerp_mode": "catmullrom"
						},
						"0.75": {
							"post": [0, 0, -7.5],
							"lerp_mode": "catmullrom"
						}
					},
					"position": {
						"0.0": {
							"post": [0, -1, 0],
							"lerp_mode": "catmullrom"
						},
						"0.75": {
							"post": [0, -1, 0],
							"lerp_mode": "catmullrom"
						}
					}
				},
				"RightFins": {
					"rotation": {
						"0.0": {
							"post": [0, 0, 7.5],
							"lerp_mode": "catmullrom"
						},
						"0.25": {
							"post": [0, 0, -2.5],
							"lerp_mode": "catmullrom"
						},
						"0.75": {
							"post": [0, 0, 7.5],
							"lerp_mode": "catmullrom"
						}
					},
					"position": {
						"0.0": {
							"post": [0, -1, 0],
							"lerp_mode": "catmullrom"
						},
						"0.75": {
							"post": [0, -1, 0],
							"lerp_mode": "catmullrom"
						}
					}
				},
				"Propeller": {
					"rotation": {
						"0.0": {
							"post": [0, 0, 0],
							"lerp_mode": "catmullrom"
						},
						"0.5": {
							"post": [-35, 0, 0],
							"lerp_mode": "catmullrom"
						},
						"1.0": {
							"post": [-32.52473, -2.10829, 1.34386],
							"lerp_mode": "catmullrom"
						},
						"2.0": {
							"post": [-35, 0, 0],
							"lerp_mode": "catmullrom"
						},
						"4.0": {
							"post": [-32.52564, 2.04767, -1.43455],
							"lerp_mode": "catmullrom"
						},
						"8.0": {
							"post": [-35.00233, -0.06058, -0.09066],
							"lerp_mode": "catmullrom"
						}
					}
				},
				"LeftAngler": {
					"rotation": {
						"0.0": {
							"post": [0, 0, 0],
							"lerp_mode": "catmullrom"
						},
						"0.25": {
							"post": [-25, 0, 0],
							"lerp_mode": "catmullrom"
						},
						"0.75": {
							"post": [20.77259, 2.16894, 12.61456],
							"lerp_mode": "catmullrom"
						},
						"1.0": {
							"post": [25.77259, 2.16894, 12.61456],
							"lerp_mode": "catmullrom"
						},
						"1.375": {
							"post": [20.77259, 2.16894, 12.61456],
							"lerp_mode": "catmullrom"
						},
						"1.9583": {
							"post": [25.77259, 2.16894, 12.61456],
							"lerp_mode": "catmullrom"
						},
						"2.8333": {
							"post": [20.77259, 2.16894, 12.61456],
							"lerp_mode": "catmullrom"
						},
						"4.3333": {
							"post": [25.77259, 2.16894, 12.61456],
							"lerp_mode": "catmullrom"
						},
						"5.6667": {
							"post": [20.77259, 2.16894, 12.61456],
							"lerp_mode": "catmullrom"
						},
						"7.5": {
							"post": [25.77259, 2.16894, 12.61456],
							"lerp_mode": "catmullrom"
						},
						"8.625": {
							"post": [25.77259, 2.16894, 12.61456],
							"lerp_mode": "catmullrom"
						}
					},
					"position": {
						"0.0": {
							"post": [0, 0, 0],
							"lerp_mode": "catmullrom"
						},
						"0.75": {
							"post": [2, -2, -3],
							"lerp_mode": "catmullrom"
						}
					}
				},
				"LeftBulb": {
					"rotation": {
						"0.0": {
							"post": [0, 0, 0],
							"lerp_mode": "catmullrom"
						},
						"0.75": {
							"post": [77.5, 0, 0],
							"lerp_mode": "catmullrom"
						}
					}
				},
				"RightAngler": {
					"rotation": {
						"0.0": {
							"post": [0, 0, 0],
							"lerp_mode": "catmullrom"
						},
						"0.25": {
							"post": [-25, 0, 0],
							"lerp_mode": "catmullrom"
						},
						"0.75": {
							"post": [20.7726, -2.1689, -12.6146],
							"lerp_mode": "catmullrom"
						},
						"1.0": {
							"post": [25.7726, -2.1689, -12.6146],
							"lerp_mode": "catmullrom"
						},
						"1.375": {
							"post": [20.7726, -2.1689, -12.6146],
							"lerp_mode": "catmullrom"
						},
						"1.9583": {
							"post": [25.7726, -2.1689, -12.6146],
							"lerp_mode": "catmullrom"
						},
						"2.8333": {
							"post": [20.7726, -2.1689, -12.6146],
							"lerp_mode": "catmullrom"
						},
						"4.3333": {
							"post": [25.7726, -2.1689, -12.6146],
							"lerp_mode": "catmullrom"
						},
						"5.6667": {
							"post": [20.7726, -2.1689, -12.6146],
							"lerp_mode": "catmullrom"
						},
						"7.5": {
							"post": [25.7726, -2.1689, -12.6146],
							"lerp_mode": "catmullrom"
						},
						"8.625": {
							"post": [25.7726, -2.1689, -12.6146],
							"lerp_mode": "catmullrom"
						}
					},
					"position": {
						"0.0": {
							"post": [0, 0, 0],
							"lerp_mode": "catmullrom"
						},
						"0.75": {
							"post": [-2, -2, -3],
							"lerp_mode": "catmullrom"
						}
					}
				},
				"RightBulb": {
					"rotation": {
						"0.0": {
							"post": [0, 0, 0],
							"lerp_mode": "catmullrom"
						},
						"0.75": {
							"post": [77.5, 0, 0],
							"lerp_mode": "catmullrom"
						}
					}
				},
				"Jaw": {
					"rotation": {
						"0.0": {
							"post": [0, 0, 0],
							"lerp_mode": "catmullrom"
						},
						"0.25": {
							"post": [20, 0, 0],
							"lerp_mode": "catmullrom"
						},
						"0.75": {
							"post": [0, 0, 0],
							"lerp_mode": "catmullrom"
						}
					}
				},
				"MainBody": {
					"rotation": {
						"0.0": {
							"post": [0, 0, 0],
							"lerp_mode": "catmullrom"
						}
					}
				}
			}
		},
		"animation.anglerine.ground_idle": {
			"loop": true,
			"animation_length": 4,
			"bones": {
				"Body": {
					"position": {
						"0.0": {
							"post": [0, -1, 0],
							"lerp_mode": "catmullrom"
						}
					},
					"scale": {
						"0.0": {
							"post": [1, 1, 1],
							"lerp_mode": "catmullrom"
						},
						"2.0": {
							"post": [1, 1.05, 1],
							"lerp_mode": "catmullrom"
						},
						"4.0": {
							"post": [1, 1, 1],
							"lerp_mode": "catmullrom"
						}
					}
				},
				"ElectroFin": {
					"rotation": {
						"0.0": {
							"post": [0, 0, -5],
							"lerp_mode": "catmullrom"
						},
						"1.0": {
							"post": [0, 0, 0],
							"lerp_mode": "catmullrom"
						},
						"2.0": {
							"post": [0, 0, 5],
							"lerp_mode": "catmullrom"
						},
						"3.0": {
							"post": [0, 0, 0],
							"lerp_mode": "catmullrom"
						},
						"4.0": {
							"post": [0, 0, -5],
							"lerp_mode": "catmullrom"
						}
					}
				},
				"LeftFins": {
					"rotation": {
						"0.0": {
							"post": [0, 0, -12.5],
							"lerp_mode": "catmullrom"
						}
					},
					"position": {
						"0.0": {
							"post": [0, -1, 0],
							"lerp_mode": "catmullrom"
						}
					}
				},
				"RightFins": {
					"rotation": {
						"0.0": {
							"post": [0, 0, 12.5],
							"lerp_mode": "catmullrom"
						}
					},
					"position": {
						"0.0": {
							"post": [0, -1, 0],
							"lerp_mode": "catmullrom"
						}
					}
				},
				"Propeller": {
					"rotation": {
						"0.0": {
							"post": [0, 0, 0],
							"lerp_mode": "catmullrom"
						},
						"1.0": {
							"post": [0, -10, 0],
							"lerp_mode": "catmullrom"
						},
						"2.0": {
							"post": [0, 0, 0],
							"lerp_mode": "catmullrom"
						},
						"3.0": {
							"post": [0, 10, 0],
							"lerp_mode": "catmullrom"
						},
						"4.0": {
							"post": [0, 0, 0],
							"lerp_mode": "catmullrom"
						}
					}
				},
				"LeftAngler": {
					"rotation": {
						"0.0": {
							"post": [0, 0, 0],
							"lerp_mode": "catmullrom"
						},
						"1.0": {
							"post": [-2, -2, 0],
							"lerp_mode": "catmullrom"
						},
						"2.0": {
							"post": [0.15341, -0.14886, -1.72795],
							"lerp_mode": "catmullrom"
						},
						"3.0": {
							"post": [-2, -2, 0],
							"lerp_mode": "catmullrom"
						},
						"4.0": {
							"post": [0, 0, 0],
							"lerp_mode": "catmullrom"
						}
					}
				},
				"LeftBulb": {
					"rotation": {
						"0.0": {
							"post": [0, 0, 0],
							"lerp_mode": "catmullrom"
						},
						"1.0": {
							"post": [35, -17.5, 0],
							"lerp_mode": "catmullrom"
						},
						"2.0": {
							"post": [-10, 55, 0],
							"lerp_mode": "catmullrom"
						},
						"3.0": {
							"post": [-35.9416, -44.4874, 44.44285],
							"lerp_mode": "catmullrom"
						},
						"4.0": {
							"post": [0, 0, 0],
							"lerp_mode": "catmullrom"
						}
					}
				},
				"RightAngler": {
					"rotation": {
						"0.0": {
							"post": [0, 0, 0],
							"lerp_mode": "catmullrom"
						},
						"1.0": {
							"post": [-2, 2, 0],
							"lerp_mode": "catmullrom"
						},
						"2.0": {
							"post": [0, 0, 0],
							"lerp_mode": "catmullrom"
						},
						"3.0": {
							"post": [-2, 2, 0],
							"lerp_mode": "catmullrom"
						},
						"4.0": {
							"post": [0, 0, 0],
							"lerp_mode": "catmullrom"
						}
					}
				},
				"RightBulb": {
					"rotation": {
						"0.0": {
							"post": [0, 0, 0],
							"lerp_mode": "catmullrom"
						},
						"1.0": {
							"post": [-15, 67.5, 0],
							"lerp_mode": "catmullrom"
						},
						"2.0": {
							"post": [30, -50, 0],
							"lerp_mode": "catmullrom"
						},
						"3.0": {
							"post": [40.02999, -5.37924, 9.98982],
							"lerp_mode": "catmullrom"
						},
						"4.0": {
							"post": [0, 0, 0],
							"lerp_mode": "catmullrom"
						}
					}
				},
				"Jaw": {
					"rotation": {
						"0.0": {
							"post": [0, 0, 0],
							"lerp_mode": "catmullrom"
						},
						"2.0": {
							"post": [2.5, 0, 0],
							"lerp_mode": "catmullrom"
						},
						"4.0": {
							"post": [0, 0, 0],
							"lerp_mode": "catmullrom"
						}
					}
				}
			}
		},
		"animation.anglerine.ground_walk": {
			"loop": true,
			"animation_length": 4,
			"bones": {
				"Body": {
					"rotation": {
						"0.0": {
							"post": [0, 0, 0],
							"lerp_mode": "catmullrom"
						},
						"0.25": {
							"post": [0, -15, 0],
							"lerp_mode": "catmullrom"
						},
						"0.75": {
							"post": [0, 15, 0],
							"lerp_mode": "catmullrom"
						},
						"1.25": {
							"post": [0, -15, 0],
							"lerp_mode": "catmullrom"
						},
						"1.75": {
							"post": [0, 15, 0],
							"lerp_mode": "catmullrom"
						},
						"2.25": {
							"post": [0, -15, 0],
							"lerp_mode": "catmullrom"
						},
						"2.75": {
							"post": [0, 15, 0],
							"lerp_mode": "catmullrom"
						},
						"3.25": {
							"post": [0, -15, 0],
							"lerp_mode": "catmullrom"
						},
						"3.75": {
							"post": [0, 15, 0],
							"lerp_mode": "catmullrom"
						},
						"4.0": {
							"post": [0, 0, 0],
							"lerp_mode": "catmullrom"
						}
					},
					"position": {
						"0.0": {
							"post": [0, -1, 0],
							"lerp_mode": "catmullrom"
						}
					},
					"scale": {
						"0.0": {
							"post": [1, 1, 1],
							"lerp_mode": "catmullrom"
						},
						"2.0": {
							"post": [1, 1.05, 1],
							"lerp_mode": "catmullrom"
						},
						"4.0": {
							"post": [1, 1, 1],
							"lerp_mode": "catmullrom"
						}
					}
				},
				"ElectroFin": {
					"rotation": {
						"0.0": {
							"post": [0, 0, -6],
							"lerp_mode": "catmullrom"
						},
						"0.5": {
							"post": [0, 0, 6],
							"lerp_mode": "catmullrom"
						},
						"1.0": {
							"post": [0, 0, -6],
							"lerp_mode": "catmullrom"
						},
						"1.5": {
							"post": [0, 0, 6],
							"lerp_mode": "catmullrom"
						},
						"2.0": {
							"post": [0, 0, -6],
							"lerp_mode": "catmullrom"
						},
						"2.5": {
							"post": [0, 0, 6],
							"lerp_mode": "catmullrom"
						},
						"3.0": {
							"post": [0, 0, -6],
							"lerp_mode": "catmullrom"
						},
						"3.5": {
							"post": [0, 0, 6],
							"lerp_mode": "catmullrom"
						},
						"4.0": {
							"post": [0, 0, -6],
							"lerp_mode": "catmullrom"
						}
					}
				},
				"LeftFins": {
					"rotation": {
						"0.0": {
							"post": [0, 0, -37.5],
							"lerp_mode": "catmullrom"
						},
						"0.25": {
							"post": [0, 0, -7.5],
							"lerp_mode": "catmullrom"
						},
						"0.5": {
							"post": [0, 0, -37.5],
							"lerp_mode": "catmullrom"
						},
						"0.75": {
							"post": [0, 0, -7.5],
							"lerp_mode": "catmullrom"
						},
						"1.0": {
							"post": [0, 0, -37.5],
							"lerp_mode": "catmullrom"
						},
						"1.25": {
							"post": [0, 0, -7.5],
							"lerp_mode": "catmullrom"
						},
						"1.5": {
							"post": [0, 0, -37.5],
							"lerp_mode": "catmullrom"
						},
						"1.75": {
							"post": [0, 0, -7.5],
							"lerp_mode": "catmullrom"
						},
						"2.0": {
							"post": [0, 0, -37.5],
							"lerp_mode": "catmullrom"
						},
						"2.25": {
							"post": [0, 0, -7.5],
							"lerp_mode": "catmullrom"
						},
						"2.5": {
							"post": [0, 0, -37.5],
							"lerp_mode": "catmullrom"
						},
						"2.75": {
							"post": [0, 0, -7.5],
							"lerp_mode": "catmullrom"
						},
						"3.0": {
							"post": [0, 0, -37.5],
							"lerp_mode": "catmullrom"
						},
						"3.25": {
							"post": [0, 0, -7.5],
							"lerp_mode": "catmullrom"
						},
						"3.5": {
							"post": [0, 0, -37.5],
							"lerp_mode": "catmullrom"
						},
						"3.75": {
							"post": [0, 0, -7.5],
							"lerp_mode": "catmullrom"
						},
						"4.0": {
							"post": [0, 0, -37.5],
							"lerp_mode": "catmullrom"
						}
					}
				},
				"RightFins": {
					"rotation": {
						"0.0": {
							"post": [0, 0, 37.5],
							"lerp_mode": "catmullrom"
						},
						"0.25": {
							"post": [0, 0, 7.5],
							"lerp_mode": "catmullrom"
						},
						"0.5": {
							"post": [0, 0, 37.5],
							"lerp_mode": "catmullrom"
						},
						"0.75": {
							"post": [0, 0, 7.5],
							"lerp_mode": "catmullrom"
						},
						"1.0": {
							"post": [0, 0, 37.5],
							"lerp_mode": "catmullrom"
						},
						"1.25": {
							"post": [0, 0, 7.5],
							"lerp_mode": "catmullrom"
						},
						"1.5": {
							"post": [0, 0, 37.5],
							"lerp_mode": "catmullrom"
						},
						"1.75": {
							"post": [0, 0, 7.5],
							"lerp_mode": "catmullrom"
						},
						"2.0": {
							"post": [0, 0, 37.5],
							"lerp_mode": "catmullrom"
						},
						"2.25": {
							"post": [0, 0, 7.5],
							"lerp_mode": "catmullrom"
						},
						"2.5": {
							"post": [0, 0, 37.5],
							"lerp_mode": "catmullrom"
						},
						"2.75": {
							"post": [0, 0, 7.5],
							"lerp_mode": "catmullrom"
						},
						"3.0": {
							"post": [0, 0, 37.5],
							"lerp_mode": "catmullrom"
						},
						"3.25": {
							"post": [0, 0, 7.5],
							"lerp_mode": "catmullrom"
						},
						"3.5": {
							"post": [0, 0, 37.5],
							"lerp_mode": "catmullrom"
						},
						"3.75": {
							"post": [0, 0, 7.5],
							"lerp_mode": "catmullrom"
						},
						"4.0": {
							"post": [0, 0, 37.5],
							"lerp_mode": "catmullrom"
						}
					}
				},
				"Propeller": {
					"rotation": {
						"0.0": {
							"post": [0, 0, 0],
							"lerp_mode": "catmullrom"
						},
						"0.25": {
							"post": [0, 50, 0],
							"lerp_mode": "catmullrom"
						},
						"0.75": {
							"post": [0, -50, 0],
							"lerp_mode": "catmullrom"
						},
						"1.25": {
							"post": [0, 50, 0],
							"lerp_mode": "catmullrom"
						},
						"1.75": {
							"post": [0, -50, 0],
							"lerp_mode": "catmullrom"
						},
						"2.25": {
							"post": [0, 50, 0],
							"lerp_mode": "catmullrom"
						},
						"2.75": {
							"post": [0, -50, 0],
							"lerp_mode": "catmullrom"
						},
						"3.25": {
							"post": [0, 50, 0],
							"lerp_mode": "catmullrom"
						},
						"3.75": {
							"post": [0, -50, 0],
							"lerp_mode": "catmullrom"
						},
						"4.0": {
							"post": [0, 0, 0],
							"lerp_mode": "catmullrom"
						}
					}
				},
				"LeftAngler": {
					"rotation": {
						"0.0": {
							"post": [0, 0, 0],
							"lerp_mode": "catmullrom"
						},
						"0.5": {
							"post": [-17.75, -9.5, 3],
							"lerp_mode": "catmullrom"
						},
						"1.0": {
							"post": [2.22049, -2.0057, 3.2938],
							"lerp_mode": "catmullrom"
						},
						"1.5": {
							"post": [-15.23129, -11.9981, 2.8997],
							"lerp_mode": "catmullrom"
						},
						"2.0": {
							"post": [-2.69772, 7.98, 1.9567],
							"lerp_mode": "catmullrom"
						},
						"2.5": {
							"post": [-15.17987, -4.5064, 2.5422],
							"lerp_mode": "catmullrom"
						},
						"3.0": {
							"post": [-5.23571, 2.7887, 0.5713],
							"lerp_mode": "catmullrom"
						},
						"3.5": {
							"post": [-22.8049, -9.6589, 1.7193],
							"lerp_mode": "catmullrom"
						},
						"4.0": {
							"post": [0, 0, 0],
							"lerp_mode": "catmullrom"
						}
					}
				},
				"LeftBulb": {
					"rotation": {
						"0.0": {
							"post": [0, 0, 0],
							"lerp_mode": "catmullrom"
						},
						"0.5": {
							"post": [10, -40, 0],
							"lerp_mode": "catmullrom"
						},
						"1.0": {
							"post": [-10.29961, 16.8056, 3.32675],
							"lerp_mode": "catmullrom"
						},
						"1.5": {
							"post": [13.25004, -45.78258, 6.33563],
							"lerp_mode": "catmullrom"
						},
						"2.0": {
							"post": [-8.04777, 13.26907, 18.103],
							"lerp_mode": "catmullrom"
						},
						"2.5": {
							"post": [7.69796, 50.24339, 10.44478],
							"lerp_mode": "catmullrom"
						},
						"3.0": {
							"post": [-16.65411, -32.29799, 6.39939],
							"lerp_mode": "catmullrom"
						},
						"3.5": {
							"post": [32.87339, 21.05213, 17.57722],
							"lerp_mode": "catmullrom"
						},
						"4.0": {
							"post": [0, 0, 0],
							"lerp_mode": "catmullrom"
						}
					}
				},
				"RightAngler": {
					"rotation": {
						"0.0": {
							"post": [0, 0, 0],
							"lerp_mode": "catmullrom"
						},
						"0.5": {
							"post": [-17.75, 9.5, -3],
							"lerp_mode": "catmullrom"
						},
						"1.0": {
							"post": [2.22049, 2.00569, -3.29379],
							"lerp_mode": "catmullrom"
						},
						"1.5": {
							"post": [-15.23129, 11.99806, -2.89969],
							"lerp_mode": "catmullrom"
						},
						"2.0": {
							"post": [-2.69772, -7.97995, -1.95672],
							"lerp_mode": "catmullrom"
						},
						"2.5": {
							"post": [-15.17987, 4.50639, -2.54221],
							"lerp_mode": "catmullrom"
						},
						"3.0": {
							"post": [-5.23571, -2.78869, -0.57133],
							"lerp_mode": "catmullrom"
						},
						"3.5": {
							"post": [-22.8049, 9.65888, -1.71932],
							"lerp_mode": "catmullrom"
						},
						"4.0": {
							"post": [0, 0, 0],
							"lerp_mode": "catmullrom"
						}
					}
				},
				"RightBulb": {
					"rotation": {
						"0.0": {
							"post": [0, 0, 0],
							"lerp_mode": "catmullrom"
						},
						"0.5": {
							"post": [17.5, 42.5, 0],
							"lerp_mode": "catmullrom"
						},
						"1.0": {
							"post": [54.34443, -63.10208, -38.65293],
							"lerp_mode": "catmullrom"
						},
						"1.5": {
							"post": [4.62393, -12.56383, 7.47922],
							"lerp_mode": "catmullrom"
						},
						"2.0": {
							"post": [32.70216, 29.79437, 11.07739],
							"lerp_mode": "catmullrom"
						},
						"2.5": {
							"post": [20.4709, 1.53025, -5.80401],
							"lerp_mode": "catmullrom"
						},
						"3.0": {
							"post": [11.76913, -19.49455, -13.96618],
							"lerp_mode": "catmullrom"
						},
						"3.5": {
							"post": [-7.86777, 42.13973, -10.76402],
							"lerp_mode": "catmullrom"
						},
						"4.0": {
							"post": [0, 0, 0],
							"lerp_mode": "catmullrom"
						}
					}
				},
				"Jaw": {
					"rotation": {
						"0.0": {
							"post": [0, 0, 0],
							"lerp_mode": "catmullrom"
						},
						"0.5": {
							"post": [2.5, 0, 0],
							"lerp_mode": "catmullrom"
						},
						"1.0": {
							"post": [0, 0, 0],
							"lerp_mode": "catmullrom"
						},
						"1.5": {
							"post": [2.5, 0, 0],
							"lerp_mode": "catmullrom"
						},
						"2.0": {
							"post": [0, 0, 0],
							"lerp_mode": "catmullrom"
						},
						"2.5": {
							"post": [2.5, 0, 0],
							"lerp_mode": "catmullrom"
						},
						"3.0": {
							"post": [0, 0, 0],
							"lerp_mode": "catmullrom"
						},
						"3.5": {
							"post": [2.5, 0, 0],
							"lerp_mode": "catmullrom"
						},
						"4.0": {
							"post": [0, 0, 0],
							"lerp_mode": "catmullrom"
						}
					}
				}
			}
		},
		"animation.anglerine.blink": {
			"animation_length": 0.25,
			"bones": {
				"BackEye": {
					"scale": {
						"0.0": [1, 1, 1],
						"0.0833": [1, 0, 1],
						"0.1667": [1, 1, 1]
					}
				},
				"FrontEye": {
					"scale": {
						"0.0833": [1, 1, 1],
						"0.1667": [1, 0, 1],
						"0.25": [1, 1, 1]
					}
				}
			}
		},
		"animation.anglerine.angler_blink": {
			"animation_length": 0.25,
			"bones": {
				"LeftBulb": {
					"scale": {
						"0.0": [1, 1, 1],
						"0.0833": [1, 0, 1],
						"0.1667": [1, 1, 1]
					}
				},
				"RightBulb": {
					"scale": {
						"0.0833": [1, 1, 1],
						"0.1667": [1, 0, 1],
						"0.25": [1, 1, 1]
					}
				}
			}
		},
		"animation.anglerine.cry": {
			"animation_length": 1.2083,
			"bones": {
				"Body": {
					"rotation": {
						"0.0": {
							"post": [0, 0, 0],
							"lerp_mode": "catmullrom"
						},
						"0.2917": {
							"post": [-12.5, 0, 0],
							"lerp_mode": "catmullrom"
						},
						"1.0": {
							"post": [-12.5, 0, 0],
							"lerp_mode": "catmullrom"
						},
						"1.2083": {
							"post": [0, 0, 0],
							"lerp_mode": "catmullrom"
						}
					},
					"position": {
						"0.0": {
							"post": [0, 0, 0],
							"lerp_mode": "catmullrom"
						},
						"0.2917": {
							"post": [0, 2, 0],
							"lerp_mode": "catmullrom"
						},
						"1.0": {
							"post": [0, 2, 0],
							"lerp_mode": "catmullrom"
						},
						"1.2083": {
							"post": [0, 0, 0],
							"lerp_mode": "catmullrom"
						}
					}
				},
				"Jaw": {
					"rotation": {
						"0.0": {
							"post": [0, 0, 0],
							"lerp_mode": "catmullrom"
						},
						"0.0833": {
							"post": [9.17, 0, 0],
							"lerp_mode": "catmullrom"
						},
						"0.3333": {
							"post": [22.5, 0, 0],
							"lerp_mode": "catmullrom"
						},
						"0.4167": {
							"post": [30, 0, 0],
							"lerp_mode": "catmullrom"
						},
						"0.7083": {
							"post": [22.5, 0, 0],
							"lerp_mode": "catmullrom"
						},
						"0.7917": {
							"post": [15, 0, 0],
							"lerp_mode": "catmullrom"
						},
						"0.875": {
							"post": [22.5, 0, 0],
							"lerp_mode": "catmullrom"
						},
						"0.9583": {
							"post": [15, 0, 0],
							"lerp_mode": "catmullrom"
						},
						"1.0417": {
							"post": [22.5, 0, 0],
							"lerp_mode": "catmullrom"
						},
						"1.125": {
							"post": [15, 0, 0],
							"lerp_mode": "catmullrom"
						},
						"1.2083": {
							"post": [0, 0, 0],
							"lerp_mode": "catmullrom"
						}
					}
				},
				"LeftFrontFin": {
					"rotation": {
						"0.0": {
							"post": [0, 0, 0],
							"lerp_mode": "catmullrom"
						},
						"0.4167": {
							"post": [0, 0, 7.5],
							"lerp_mode": "catmullrom"
						},
						"0.9583": {
							"post": [0, 0, 7.5],
							"lerp_mode": "catmullrom"
						},
						"1.2083": {
							"post": [0, 0, 0],
							"lerp_mode": "catmullrom"
						}
					}
				},
				"RightFrontFin": {
					"rotation": {
						"0.0": {
							"post": [0, 0, 0],
							"lerp_mode": "catmullrom"
						},
						"0.4167": {
							"post": [0, 0, -7.5],
							"lerp_mode": "catmullrom"
						},
						"0.9583": {
							"post": [0, 0, -7.5],
							"lerp_mode": "catmullrom"
						},
						"1.2083": {
							"post": [0, 0, 0],
							"lerp_mode": "catmullrom"
						}
					}
				}
			},
			"sound_effects": {
				"0.0": {
					"effect": "pokemon.anglerine.cry"
				}
			}
		}
	}
}