{
	"format_version": "1.8.0",
	"animations": {
		"animation.citrillume.ground_idle": {
			"loop": true,
			"bones": {
				"body": {
					"position": ["Math.sin((query.anim_time) * 360* 2) * 0.1", "Math.sin((query.anim_time) * 180* 7.5) * 0.5", "Math.sin((query.anim_time) * 360* 2) * 0.1"]
				},
				"tail": {
					"rotation": [0, 0, 0]
				},
				"tail_left": {
					"rotation": ["-Math.sin((query.anim_time) * 90 * 7.5) * 7.5", 0, 0]
				},
				"tail_middle": {
					"rotation": ["-Math.sin((query.anim_time) * 90 * 7.5) * 10", 0, 0]
				},
				"tail_right": {
					"rotation": ["-Math.sin((query.anim_time) * 90 * 7.5) * 7.5", 0, 0]
				},
				"beak": {
					"rotation": ["Math.sin((query.anim_time) * 180* 5) * 5", 0, 0]
				},
				"beak2": {
					"rotation": [
						"Math.sin((query.anim_time) * 180* 7.5) * 5",
						"Math.sin((query.anim_time) * 360* 7.5) * 0.52",
						"Math.sin((query.anim_time) * 360* 7.5) * 0.52"
					]
				},
				"stem": {
					"rotation": ["Math.sin((query.anim_time) * 180* 3) * 2", "Math.sin((query.anim_time) * 360* 7.5) * 0.2", "Math.sin((query.anim_time) * 360* 7.5) * 0.2"]
				},
				"stem2": {
					"rotation": [
						"Math.sin((query.anim_time) * 180* 7.5) * 2",
						"Math.sin((query.anim_time) * 360* 7.5) * 0.2",
						"Math.sin((query.anim_time) * 360* 7.5) * 0.2"
					]
				},
				"stem3": {
					"rotation": [
						"Math.sin((query.anim_time) * 180* 7.5) * 2",
						"Math.sin((query.anim_time) * 360* 7.5) * 0.2",
						"Math.sin((query.anim_time) * 360* 7.5) * 0.2"
					]
				},
				"leaf_left": {
					"rotation": ["-Math.sin((query.anim_time) * 180* 5) * 4", "-Math.sin((query.anim_time) * 180* 5) * 4", "-Math.sin((query.anim_time) * 180* 5) * 4"]
				},
				"leaf_right": {
					"rotation": ["Math.sin((query.anim_time) * 180* 5) * 4", "Math.sin((query.anim_time) * 180* 5) * 4", "Math.sin((query.anim_time) * 180* 5) * 4"]
				},
				"pupil_right": {
					"position": [0, 0, 0]
				},
				"wing_left": {
					"rotation": ["Math.sin((query.anim_time) * 180* 15) * 10", "Math.sin((query.anim_time) * 180* 15) * 40", 0]
				},
				"wing_right": {
					"rotation": ["Math.sin((query.anim_time) * 180* 15) * 10", "-Math.sin((query.anim_time) * 180* 15) * 40", 0]
				},
				"leg_left": {
					"rotation": ["Math.sin((query.anim_time) * 180* 7.5) * 2", 0, 0]
				},
				"leg_left2": {
					"rotation": ["Math.sin((query.anim_time) * 180* 7.5) * 2", 0, 0]
				},
				"leg_left3": {
					"rotation": ["Math.sin((query.anim_time) * 180* 7.5) * 2", 0, 0]
				},
				"leg_right": {
					"rotation": ["Math.sin((query.anim_time) * 180* 7.5) * 2", 0, 0]
				},
				"leg_right2": {
					"rotation": ["Math.sin((query.anim_time) * 180* 7.5) * 2", 0, 0]
				},
				"leg_right3": {
					"rotation": ["Math.sin((query.anim_time) * 180* 7.5) * 2", 0, 0]
				},
				"chest": {
					"scale": "1+Math.sin((query.anim_time) * 90 * 15) * 0.025"
				}
			}
		},
		"animation.citrillume.ground_walk": {
			"loop": true,
			"bones": {
				"body": {
					"rotation": [48.97195, 6.29884, 3.28557],
					"position": [
						"Math.sin((query.anim_time) * 360* 2) * 0.1",
						"Math.sin((query.anim_time) * 180* 7.5) * 0.5",
						"6.75+Math.sin((query.anim_time) * 360* 2) * 0.1"
					]
				},
				"tail": {
					"rotation": [-52.5, 0, 0],
					"position": [0, 1.75, 0]
				},
				"tail_left": {
					"rotation": ["-Math.sin((query.anim_time) * 90 * 7.5) * 7.5", 0, 0]
				},
				"tail_middle": {
					"rotation": ["-Math.sin((query.anim_time) * 90 * 7.5) * 10", 0, 0]
				},
				"tail_right": {
					"rotation": ["-Math.sin((query.anim_time) * 90 * 7.5) * 7.5", 0, 0]
				},
				"beak": {
					"rotation": ["Math.sin((query.anim_time) * 180* 5) * 5", 0, 0]
				},
				"beak2": {
					"rotation": [
						"Math.sin((query.anim_time) * 180* 7.5) * 5",
						"Math.sin((query.anim_time) * 360* 7.5) * 0.52",
						"Math.sin((query.anim_time) * 360* 7.5) * 0.52"
					]
				},
				"stem": {
					"rotation": ["Math.sin((query.anim_time) * 180* 3) * 2", "Math.sin((query.anim_time) * 360* 7.5) * 0.2", "Math.sin((query.anim_time) * 360* 7.5) * 0.2"]
				},
				"stem2": {
					"rotation": [
						"Math.sin((query.anim_time) * 180* 7.5) * 2",
						"Math.sin((query.anim_time) * 360* 7.5) * 0.2",
						"Math.sin((query.anim_time) * 360* 7.5) * 0.2"
					]
				},
				"stem3": {
					"rotation": [
						"Math.sin((query.anim_time) * 180* 7.5) * 2",
						"Math.sin((query.anim_time) * 360* 7.5) * 0.2",
						"Math.sin((query.anim_time) * 360* 7.5) * 0.2"
					]
				},
				"leaf_left": {
					"rotation": ["-Math.sin((query.anim_time) * 180* 5) * 4", "-Math.sin((query.anim_time) * 180* 5) * 4", "-Math.sin((query.anim_time) * 180* 5) * 4"]
				},
				"leaf_right": {
					"rotation": ["Math.sin((query.anim_time) * 180* 5) * 4", "Math.sin((query.anim_time) * 180* 5) * 4", "Math.sin((query.anim_time) * 180* 5) * 4"]
				},
				"pupil_right": {
					"position": [0, 0, 0]
				},
				"wing_left": {
					"rotation": ["Math.sin((query.anim_time) * 180* 15) * 10", "Math.sin((query.anim_time) * 180* 15) * 40", 0]
				},
				"wing_right": {
					"rotation": ["Math.sin((query.anim_time) * 180* 15) * 10", "-Math.sin((query.anim_time) * 180* 15) * 40", 0]
				},
				"leg_left": {
					"rotation": ["Math.sin((query.anim_time) * 180* 7.5) * 2", 0, 0]
				},
				"leg_left2": {
					"rotation": ["Math.sin((query.anim_time) * 180* 7.5) * 2", 0, 0]
				},
				"leg_left3": {
					"rotation": ["Math.sin((query.anim_time) * 180* 7.5) * 2", 0, 0]
				},
				"leg_right": {
					"rotation": ["Math.sin((query.anim_time) * 180* 7.5) * 2", 0, 0]
				},
				"leg_right2": {
					"rotation": ["Math.sin((query.anim_time) * 180* 7.5) * 2", 0, 0]
				},
				"leg_right3": {
					"rotation": ["Math.sin((query.anim_time) * 180* 7.5) * 2", 0, 0]
				},
				"chest": {
					"scale": "1+Math.sin((query.anim_time) * 90 * 15) * 0.025"
				},
				"head": {
					"rotation": [-57.5, 0, 0],
					"position": [0, 0.25, -0.75]
				}
			}
		},
		"animation.citrillume.sleep": {
			"loop": true,
			"bones": {
				"body": {
					"rotation": [65, 0, 0],
					"position": [
						"Math.sin((query.anim_time) * 360* 2) * 0.1",
						"7.5+Math.sin((query.anim_time) * 180* 7.5) * 0.5",
						"7.5+Math.sin((query.anim_time) * 360* 2) * 0.1"
					]
				},
				"tail": {
					"rotation": [-140, 0, 0],
					"position": [0, 1.5, 1.25]
				},
				"tail_left": {
					"rotation": ["-Math.sin((query.anim_time) * 90 * 7.5) * 7.5", 0, 0]
				},
				"tail_middle": {
					"rotation": ["-Math.sin((query.anim_time) * 90 * 7.5) * 10", 0, 0]
				},
				"tail_right": {
					"rotation": ["-Math.sin((query.anim_time) * 90 * 7.5) * 7.5", 0, 0]
				},
				"beak": {
					"rotation": ["Math.sin((query.anim_time) * 180* 5) * 5", 0, 0]
				},
				"beak2": {
					"rotation": [
						"Math.sin((query.anim_time) * 180* 7.5) * 5",
						"Math.sin((query.anim_time) * 360* 7.5) * 0.52",
						"Math.sin((query.anim_time) * 360* 7.5) * 0.52"
					]
				},
				"stem": {
					"rotation": [
						"37.5+Math.sin((query.anim_time) * 180* 3) * 2",
						"0+Math.sin((query.anim_time) * 360* 7.5) * 0.2",
						"0+Math.sin((query.anim_time) * 360* 7.5) * 0.2"
					]
				},
				"stem2": {
					"rotation": [
						"75+Math.sin((query.anim_time) * 180* 7.5) * 2",
						"Math.sin((query.anim_time) * 360* 7.5) * 0.2",
						"Math.sin((query.anim_time) * 360* 7.5) * 0.2"
					]
				},
				"stem3": {
					"rotation": [
						"87.5+Math.sin((query.anim_time) * 180* 7.5) * 2",
						"Math.sin((query.anim_time) * 360* 7.5) * 0.2",
						"Math.sin((query.anim_time) * 360* 7.5) * 0.2"
					]
				},
				"leaf_left": {
					"rotation": ["-Math.sin((query.anim_time) * 180* 5) * 4", "-Math.sin((query.anim_time) * 180* 5) * 4", "-Math.sin((query.anim_time) * 180* 5) * 4"]
				},
				"leaf_right": {
					"rotation": ["Math.sin((query.anim_time) * 180* 5) * 4", "Math.sin((query.anim_time) * 180* 5) * 4", "Math.sin((query.anim_time) * 180* 5) * 4"]
				},
				"pupil_right": {
					"position": [0, 0, 0]
				},
				"wing_left": {
					"rotation": ["Math.sin((query.anim_time) * 180* 15) * 10", "Math.sin((query.anim_time) * 180* 15) * 40", 0]
				},
				"wing_right": {
					"rotation": ["Math.sin((query.anim_time) * 180* 15) * 10", "-Math.sin((query.anim_time) * 180* 15) * 40", 0]
				},
				"leg_left": {
					"rotation": ["-60+Math.sin((query.anim_time) * 180* 7.5) * 2", 0, 0]
				},
				"leg_left2": {
					"rotation": ["Math.sin((query.anim_time) * 180* 7.5) * 2", 0, 0]
				},
				"leg_left3": {
					"rotation": ["Math.sin((query.anim_time) * 180* 7.5) * 2", 0, 0]
				},
				"leg_right": {
					"rotation": ["-60+Math.sin((query.anim_time) * 180* 7.5) * 2", 0, 0]
				},
				"leg_right2": {
					"rotation": ["Math.sin((query.anim_time) * 180* 7.5) * 2", 0, 0]
				},
				"leg_right3": {
					"rotation": ["Math.sin((query.anim_time) * 180* 7.5) * 2", 0, 0]
				},
				"chest": {
					"scale": "1+Math.sin((query.anim_time) * 90 * 15) * 0.025"
				},
				"head": {
					"rotation": [42.5, 0, 0],
					"position": [0, -2, -2]
				},
				"eyes": {
					"scale": [0.9, 0, 0.9]
				}
			}
		},
		"animation.citrillume.blink": {
			"animation_length": 0.1667,
			"bones": {
				"eyes": {
					"scale": {
						"0.0": [1, 1, 1],
						"0.0833": [1, 0, 1],
						"0.1667": [1, 1, 1]
					}
				}
			}
		},
		"animation.citrillume.quirk": {
			"animation_length": 0.9583,
			"bones": {
				"body": {
					"rotation": {
						"0.0": {
							"post": [0, 0, 0],
							"lerp_mode": "catmullrom"
						},
						"0.2083": {
							"post": [0, 15, 0],
							"lerp_mode": "catmullrom"
						},
						"0.2917": {
							"post": [0, 15, 0],
							"lerp_mode": "catmullrom"
						},
						"0.4583": {
							"post": [0, -10, 0],
							"lerp_mode": "catmullrom"
						},
						"0.5417": {
							"post": [0, -10, 0],
							"lerp_mode": "catmullrom"
						},
						"0.7083": {
							"post": [-12.5, -2.5, 0],
							"lerp_mode": "catmullrom"
						},
						"0.7917": {
							"post": [-12.5, -2.5, 0],
							"lerp_mode": "catmullrom"
						},
						"0.9583": {
							"post": [0, 0, 0],
							"lerp_mode": "catmullrom"
						}
					}
				},
				"head": {
					"rotation": {
						"0.0": {
							"post": [0, 0, 0],
							"lerp_mode": "catmullrom"
						},
						"0.2083": {
							"post": [10, 32.5, 0],
							"lerp_mode": "catmullrom"
						},
						"0.2917": {
							"post": [10, 32.5, 0],
							"lerp_mode": "catmullrom"
						},
						"0.4583": {
							"post": [9.44244, -26.78554, -9.69826],
							"lerp_mode": "catmullrom"
						},
						"0.5417": {
							"post": [9.44244, -26.78554, -9.69826],
							"lerp_mode": "catmullrom"
						},
						"0.7083": {
							"post": [-24.59545, 13.22579, -0.51411],
							"lerp_mode": "catmullrom"
						},
						"0.7917": {
							"post": [-24.59545, 13.22579, -0.51411],
							"lerp_mode": "catmullrom"
						},
						"0.9583": {
							"post": [0, 0, 0],
							"lerp_mode": "catmullrom"
						}
					}
				}
			}
		},
		"animation.citrillume.battle_idle": {
			"loop": true,
			"bones": {
				"body": {
					"rotation": [10, 0, 0],
					"position": ["Math.sin((query.anim_time) * 360* 2) * 0.2", "Math.sin((query.anim_time) * 180* 7.5) * 0.5", "Math.sin((query.anim_time) * 360* 2) * 0.2"]
				},
				"tail": {
					"rotation": [0, 0, 0]
				},
				"tail_left": {
					"rotation": ["-Math.sin((query.anim_time) * 90 * 7.5) * 7.5", 0, 0]
				},
				"tail_middle": {
					"rotation": ["-Math.sin((query.anim_time) * 90 * 7.5) * 10", 0, 0]
				},
				"tail_right": {
					"rotation": ["-Math.sin((query.anim_time) * 90 * 7.5) * 7.5", 0, 0]
				},
				"beak": {
					"rotation": ["-12.5+Math.sin((query.anim_time) * 180* 5) * 5", 0, 0]
				},
				"beak2": {
					"rotation": [
						"-12.5+Math.sin((query.anim_time) * 180* 7.5) * 5",
						"0+Math.sin((query.anim_time) * 360* 7.5) * 0.52",
						"0+Math.sin((query.anim_time) * 360* 7.5) * 0.52"
					]
				},
				"stem": {
					"rotation": ["Math.sin((query.anim_time) * 180* 3) * 2", "Math.sin((query.anim_time) * 360* 7.5) * 0.2", "Math.sin((query.anim_time) * 360* 7.5) * 0.2"]
				},
				"stem2": {
					"rotation": [
						"Math.sin((query.anim_time) * 180* 7.5) * 2",
						"Math.sin((query.anim_time) * 360* 7.5) * 0.2",
						"Math.sin((query.anim_time) * 360* 7.5) * 0.2"
					]
				},
				"stem3": {
					"rotation": [
						"Math.sin((query.anim_time) * 180* 7.5) * 2",
						"Math.sin((query.anim_time) * 360* 7.5) * 0.2",
						"Math.sin((query.anim_time) * 360* 7.5) * 0.2"
					]
				},
				"leaf_left": {
					"rotation": ["-Math.sin((query.anim_time) * 180* 5) * 4", "-Math.sin((query.anim_time) * 180* 5) * 4", "-Math.sin((query.anim_time) * 180* 5) * 4"]
				},
				"leaf_right": {
					"rotation": ["Math.sin((query.anim_time) * 180* 5) * 4", "Math.sin((query.anim_time) * 180* 5) * 4", "Math.sin((query.anim_time) * 180* 5) * 4"]
				},
				"pupil_right": {
					"position": [0, 0, 0],
					"scale": [1, 0.9, 1]
				},
				"wing_left": {
					"rotation": ["Math.sin((query.anim_time) * 180* 15) * 10", "Math.sin((query.anim_time) * 180* 15) * 40", 0]
				},
				"wing_right": {
					"rotation": ["Math.sin((query.anim_time) * 180* 15) * 10", "-Math.sin((query.anim_time) * 180* 15) * 40", 0]
				},
				"leg_left": {
					"rotation": ["Math.sin((query.anim_time) * 180* 7.5) * 2", 0, 0]
				},
				"leg_left2": {
					"rotation": ["Math.sin((query.anim_time) * 180* 7.5) * 2", 0, 0]
				},
				"leg_left3": {
					"rotation": ["Math.sin((query.anim_time) * 180* 7.5) * 2", 0, 0]
				},
				"leg_right": {
					"rotation": ["Math.sin((query.anim_time) * 180* 7.5) * 2", 0, 0]
				},
				"leg_right2": {
					"rotation": ["Math.sin((query.anim_time) * 180* 7.5) * 2", 0, 0]
				},
				"leg_right3": {
					"rotation": ["Math.sin((query.anim_time) * 180* 7.5) * 2", 0, 0]
				},
				"chest": {
					"scale": "1+Math.sin((query.anim_time) * 90 * 15) * 0.025"
				},
				"eyes": {
					"scale": [1, 0.9, 1]
				},
				"pupil_left": {
					"scale": [1, 0.9, 1]
				}
			}
		},
		"animation.citrillume.status": {
			"animation_length": 1.5,
			"bones": {
				"body": {
					"rotation": {
						"0.0": [10, 0, 0],
						"0.5": [10, 360, 0],
						"1.0": [10, 360, 0],
						"1.5": [10, 360, 0]
					},
					"position": {
						"0.0": ["Math.sin((query.anim_time) * 360* 2) * 0.2", "Math.sin((query.anim_time) * 180* 7.5) * 0.5", "Math.sin((query.anim_time) * 360* 2) * 0.2"],
						"0.5": [
							"Math.sin((query.anim_time) * 360* 2) * 0.2",
							"12+Math.sin((query.anim_time) * 180* 7.5) * 0.5",
							"Math.sin((query.anim_time) * 360* 2) * 0.2"
						],
						"1.0": [
							"Math.sin((query.anim_time) * 360* 2) * 0.2",
							"12+Math.sin((query.anim_time) * 180* 7.5) * 0.5",
							"Math.sin((query.anim_time) * 360* 2) * 0.2"
						],
						"1.5": ["Math.sin((query.anim_time) * 360* 2) * 0.2", "Math.sin((query.anim_time) * 180* 7.5) * 0.5", "Math.sin((query.anim_time) * 360* 2) * 0.2"]
					}
				},
				"tail": {
					"rotation": [0, 0, 0]
				},
				"tail_left": {
					"rotation": ["-Math.sin((query.anim_time) * 90 * 7.5) * 7.5", 0, 0]
				},
				"tail_middle": {
					"rotation": ["-Math.sin((query.anim_time) * 90 * 7.5) * 10", 0, 0]
				},
				"tail_right": {
					"rotation": ["-Math.sin((query.anim_time) * 90 * 7.5) * 7.5", 0, 0]
				},
				"beak": {
					"rotation": ["-12.5+Math.sin((query.anim_time) * 180* 5) * 5", 0, 0]
				},
				"beak2": {
					"rotation": [
						"-12.5+Math.sin((query.anim_time) * 180* 7.5) * 5",
						"0+Math.sin((query.anim_time) * 360* 7.5) * 0.52",
						"0+Math.sin((query.anim_time) * 360* 7.5) * 0.52"
					]
				},
				"stem": {
					"rotation": ["Math.sin((query.anim_time) * 180* 3) * 2", "Math.sin((query.anim_time) * 360* 7.5) * 0.2", "Math.sin((query.anim_time) * 360* 7.5) * 0.2"]
				},
				"stem2": {
					"rotation": [
						"Math.sin((query.anim_time) * 180* 7.5) * 2",
						"Math.sin((query.anim_time) * 360* 7.5) * 0.2",
						"Math.sin((query.anim_time) * 360* 7.5) * 0.2"
					]
				},
				"stem3": {
					"rotation": [
						"Math.sin((query.anim_time) * 180* 7.5) * 2",
						"Math.sin((query.anim_time) * 360* 7.5) * 0.2",
						"Math.sin((query.anim_time) * 360* 7.5) * 0.2"
					]
				},
				"leaf_left": {
					"rotation": ["-Math.sin((query.anim_time) * 180* 5) * 4", "-Math.sin((query.anim_time) * 180* 5) * 4", "-Math.sin((query.anim_time) * 180* 5) * 4"]
				},
				"leaf_right": {
					"rotation": ["Math.sin((query.anim_time) * 180* 5) * 4", "Math.sin((query.anim_time) * 180* 5) * 4", "Math.sin((query.anim_time) * 180* 5) * 4"]
				},
				"pupil_right": {
					"position": [0, 0, 0],
					"scale": [1, 0.9, 1]
				},
				"wing_left": {
					"rotation": ["Math.sin((query.anim_time) * 180* 15) * 10", "Math.sin((query.anim_time) * 180* 15) * 40", 0]
				},
				"wing_right": {
					"rotation": ["Math.sin((query.anim_time) * 180* 15) * 10", "-Math.sin((query.anim_time) * 180* 15) * 40", 0]
				},
				"leg_left": {
					"rotation": ["Math.sin((query.anim_time) * 180* 7.5) * 2", 0, 0]
				},
				"leg_left2": {
					"rotation": ["Math.sin((query.anim_time) * 180* 7.5) * 2", 0, 0]
				},
				"leg_left3": {
					"rotation": ["Math.sin((query.anim_time) * 180* 7.5) * 2", 0, 0]
				},
				"leg_right": {
					"rotation": ["Math.sin((query.anim_time) * 180* 7.5) * 2", 0, 0]
				},
				"leg_right2": {
					"rotation": ["Math.sin((query.anim_time) * 180* 7.5) * 2", 0, 0]
				},
				"leg_right3": {
					"rotation": ["Math.sin((query.anim_time) * 180* 7.5) * 2", 0, 0]
				},
				"chest": {
					"scale": "1+Math.sin((query.anim_time) * 90 * 15) * 0.025"
				},
				"eyes": {
					"scale": [1, 0.9, 1]
				},
				"pupil_left": {
					"scale": [1, 0.9, 1]
				},
				"head": {
					"rotation": {
						"0.0": [0, 0, 0],
						"0.75": [-20, 0, 0],
						"1.5": [0, 0, 0]
					}
				},
				"jaw": {
					"rotation": {
						"0.0": [0, 0, 0],
						"0.75": [67.5, 0, 0],
						"0.7917": [60, 0, 0],
						"0.8333": [67.5, 0, 0],
						"1.0": [0, 0, 0],
						"1.5": [0, 0, 0]
					}
				},
				"eye_right": {
					"scale": {
						"0.0": [1, 1, 1],
						"0.5": [1, 0.9, 1],
						"1.0": [1, 0.9, 1],
						"1.5": [1, 1, 1]
					}
				},
				"eye_left": {
					"scale": {
						"0.0": [1, 1, 1],
						"0.5": [1, 0.9, 1],
						"1.0": [1, 0.9, 1],
						"1.5": [1, 1, 1]
					}
				}
			}
		},
		"animation.citrillume.special": {
			"animation_length": 1.5,
			"bones": {
				"body": {
					"rotation": {
						"0.0": [10, 0, 0],
						"0.2917": [10, 0, 0],
						"1.0833": [-5, 0, 0],
						"1.5": [10, 0, 0]
					},
					"position": {
						"0.0": ["Math.sin((query.anim_time) * 360* 2) * 0.2", "Math.sin((query.anim_time) * 180* 7.5) * 0.5", "Math.sin((query.anim_time) * 360* 2) * 0.2"],
						"0.2917": ["Math.sin((query.anim_time) * 360* 2) * 0.2", "Math.sin((query.anim_time) * 180* 7.5) * 0.5", "Math.sin((query.anim_time) * 360* 2) * 0.2"],
						"1.5": ["Math.sin((query.anim_time) * 360* 2) * 0.2", "Math.sin((query.anim_time) * 180* 7.5) * 0.5", "Math.sin((query.anim_time) * 360* 2) * 0.2"]
					}
				},
				"tail": {
					"rotation": [0, 0, 0]
				},
				"tail_left": {
					"rotation": ["-Math.sin((query.anim_time) * 90 * 7.5) * 7.5", 0, 0]
				},
				"tail_middle": {
					"rotation": ["-Math.sin((query.anim_time) * 90 * 7.5) * 10", 0, 0]
				},
				"tail_right": {
					"rotation": ["-Math.sin((query.anim_time) * 90 * 7.5) * 7.5", 0, 0]
				},
				"beak": {
					"rotation": ["-12.5+Math.sin((query.anim_time) * 180* 5) * 5", 0, 0]
				},
				"beak2": {
					"rotation": [
						"-12.5+Math.sin((query.anim_time) * 180* 7.5) * 5",
						"0+Math.sin((query.anim_time) * 360* 7.5) * 0.52",
						"0+Math.sin((query.anim_time) * 360* 7.5) * 0.52"
					]
				},
				"stem": {
					"rotation": ["Math.sin((query.anim_time) * 180* 3) * 2", "Math.sin((query.anim_time) * 360* 7.5) * 0.2", "Math.sin((query.anim_time) * 360* 7.5) * 0.2"]
				},
				"stem2": {
					"rotation": [
						"Math.sin((query.anim_time) * 180* 7.5) * 2",
						"Math.sin((query.anim_time) * 360* 7.5) * 0.2",
						"Math.sin((query.anim_time) * 360* 7.5) * 0.2"
					]
				},
				"stem3": {
					"rotation": [
						"Math.sin((query.anim_time) * 180* 7.5) * 2",
						"Math.sin((query.anim_time) * 360* 7.5) * 0.2",
						"Math.sin((query.anim_time) * 360* 7.5) * 0.2"
					]
				},
				"leaf_left": {
					"rotation": ["-Math.sin((query.anim_time) * 180* 5) * 4", "-Math.sin((query.anim_time) * 180* 5) * 4", "-Math.sin((query.anim_time) * 180* 5) * 4"]
				},
				"leaf_right": {
					"rotation": ["Math.sin((query.anim_time) * 180* 5) * 4", "Math.sin((query.anim_time) * 180* 5) * 4", "Math.sin((query.anim_time) * 180* 5) * 4"]
				},
				"pupil_right": {
					"position": [0, 0, 0],
					"scale": [1, 0.9, 1]
				},
				"wing_left": {
					"rotation": {
						"0.0": ["Math.sin((query.anim_time) * 180* 15) * 10", "Math.sin((query.anim_time) * 180* 15) * 40", 0],
						"0.2917": ["Math.sin((query.anim_time) * 180* 15) * 10", "Math.sin((query.anim_time) * 180* 15) * 40", 0],
						"1.0833": ["7.5+Math.sin((query.anim_time) * 180* 15) * 10", "0+Math.sin((query.anim_time) * 180* 15) * 40", 0],
						"1.5": ["Math.sin((query.anim_time) * 180* 15) * 10", "Math.sin((query.anim_time) * 180* 15) * 40", 0]
					}
				},
				"wing_right": {
					"rotation": {
						"0.0": ["Math.sin((query.anim_time) * 180* 15) * 10", "-Math.sin((query.anim_time) * 180* 15) * 40", 0],
						"0.2917": ["Math.sin((query.anim_time) * 180* 15) * 10", "-Math.sin((query.anim_time) * 180* 15) * 40", 0],
						"1.0833": ["7.5+Math.sin((query.anim_time) * 180* 15) * 10", "0-Math.sin((query.anim_time) * 180* 15) * 40", 0],
						"1.5": ["Math.sin((query.anim_time) * 180* 15) * 10", "-Math.sin((query.anim_time) * 180* 15) * 40", 0]
					}
				},
				"leg_left": {
					"rotation": ["Math.sin((query.anim_time) * 180* 7.5) * 2", 0, 0]
				},
				"leg_left2": {
					"rotation": ["Math.sin((query.anim_time) * 180* 7.5) * 2", 0, 0]
				},
				"leg_left3": {
					"rotation": ["Math.sin((query.anim_time) * 180* 7.5) * 2", 0, 0]
				},
				"leg_right": {
					"rotation": ["Math.sin((query.anim_time) * 180* 7.5) * 2", 0, 0]
				},
				"leg_right2": {
					"rotation": ["Math.sin((query.anim_time) * 180* 7.5) * 2", 0, 0]
				},
				"leg_right3": {
					"rotation": ["Math.sin((query.anim_time) * 180* 7.5) * 2", 0, 0]
				},
				"chest": {
					"scale": {
						"0.0": [
							"1+Math.sin((query.anim_time) * 90 * 15) * 0.025",
							"1+Math.sin((query.anim_time) * 90 * 15) * 0.025",
							"1+Math.sin((query.anim_time) * 90 * 15) * 0.025"
						],
						"0.2917": [
							"1+Math.sin((query.anim_time) * 90 * 15) * 0.025",
							"1+Math.sin((query.anim_time) * 90 * 15) * 0.025",
							"1+Math.sin((query.anim_time) * 90 * 15) * 0.025"
						],
						"1.5": [
							"1+Math.sin((query.anim_time) * 90 * 15) * 0.025",
							"1+Math.sin((query.anim_time) * 90 * 15) * 0.025",
							"1+Math.sin((query.anim_time) * 90 * 15) * 0.025"
						]
					}
				},
				"eyes": {
					"scale": [1, 0.9, 1]
				},
				"pupil_left": {
					"scale": [1, 0.9, 1]
				},
				"head": {
					"rotation": {
						"0.0": [0, 0, 0],
						"0.2917": [0, 0, 0],
						"1.0833": [-20, 0, 0],
						"1.25": [-0.22, 0, 0],
						"1.5": [0, 0, 0]
					},
					"position": {
						"0.0": [0, 0, 0],
						"0.2917": [0, 0, 0],
						"1.0833": [0, -0.5, 0.75],
						"1.25": [0, -0.13, -0.3],
						"1.5": [0, 0, 0]
					}
				},
				"jaw": {
					"rotation": {
						"0.0": [0, 0, 0],
						"0.9583": [0, 0, 0],
						"1.1667": [75, 0, 0],
						"1.2083": [80, 0, 0],
						"1.25": [75, 0, 0],
						"1.2917": [80, 0, 0],
						"1.3333": [75, 0, 0],
						"1.5": [0, 0, 0]
					}
				}
			}
		},
		"animation.citrillume.physical": {
			"animation_length": 2.5,
			"bones": {
				"body": {
					"rotation": {
						"0.0": [10, 0, 0],
						"0.25": [10, 0, 0],
						"0.5": [-110, 0, 0],
						"0.75": [-195, 0, 0],
						"1.0": [-297.5, 0, 0],
						"1.5": [-397.5, 0, 0],
						"1.7083": [-350, 0, 0],
						"1.75": {
							"pre": [-350, 0, 0],
							"post": [10, 0, 0]
						},
						"1.8333": {
							"pre": [10, 0, 0],
							"post": [10, 0, 0]
						}
					},
					"position": {
						"0.0": [0, 0, 0],
						"0.25": [
							"Math.sin((query.anim_time) * 360* 2) * 0.1",
							"16+Math.sin((query.anim_time) * 180* 7.5) * 0.5",
							"-9.25+Math.sin((query.anim_time) * 360* 2) * 0.1"
						],
						"0.375": ["Math.sin((query.anim_time) * 360* 2) * 0.1", 28.78, "-15.25+Math.sin((query.anim_time) * 360* 2) * 0.1"],
						"0.5": [
							"Math.sin((query.anim_time) * 360* 2) * 0.1",
							"41+Math.sin((query.anim_time) * 180* 7.5) * 0.5",
							"-9.25+Math.sin((query.anim_time) * 360* 2) * 0.1"
						],
						"0.625": ["Math.sin((query.anim_time) * 360* 2) * 0.1", 45.42, 1.35],
						"0.75": [
							"Math.sin((query.anim_time) * 360* 2) * 0.1",
							"39+Math.sin((query.anim_time) * 180* 7.5) * 0.5",
							"11.75+Math.sin((query.anim_time) * 360* 2) * 0.1"
						],
						"0.875": ["Math.sin((query.anim_time) * 360* 2) * 0.1", 24.49, "19.75+Math.sin((query.anim_time) * 360* 2) * 0.1"],
						"1.0": [
							"Math.sin((query.anim_time) * 360* 2) * 0.1",
							"9+Math.sin((query.anim_time) * 180* 7.5) * 0.5",
							"11.75+Math.sin((query.anim_time) * 360* 2) * 0.1"
						],
						"1.25": [
							"Math.sin((query.anim_time) * 360* 2) * 0.1",
							"7+Math.sin((query.anim_time) * 180* 7.5) * 0.5",
							"-21+Math.sin((query.anim_time) * 360* 2) * 0.1"
						],
						"1.7083": [0, 0, 0],
						"1.8333": ["Math.sin((query.anim_time) * 360* 2) * 0.2", "Math.sin((query.anim_time) * 180* 7.5) * 0.5", "Math.sin((query.anim_time) * 360* 2) * 0.2"]
					}
				},
				"tail": {
					"rotation": {
						"0.0": [0, 0, 0],
						"0.25": [-52.5, 0, 0],
						"1.7083": [0, 0, 0],
						"1.8333": [0, 0, 0]
					},
					"position": {
						"0.0": [0, 0, 0],
						"0.25": [0, 1.75, 0],
						"1.7083": [0, 0, 0]
					}
				},
				"tail_left": {
					"rotation": {
						"0.0": [0, 0, 0],
						"0.25": ["-Math.sin((query.anim_time) * 90 * 7.5) * 7.5", 0, 0],
						"1.7083": [0, 0, 0],
						"1.8333": ["-Math.sin((query.anim_time) * 90 * 7.5) * 7.5", 0, 0]
					}
				},
				"tail_middle": {
					"rotation": {
						"0.0": [0, 0, 0],
						"0.25": ["-Math.sin((query.anim_time) * 90 * 7.5) * 10", 0, 0],
						"1.7083": [0, 0, 0],
						"1.8333": ["-Math.sin((query.anim_time) * 90 * 7.5) * 10", 0, 0]
					}
				},
				"tail_right": {
					"rotation": {
						"0.0": [0, 0, 0],
						"0.25": ["-Math.sin((query.anim_time) * 90 * 7.5) * 7.5", 0, 0],
						"1.7083": [0, 0, 0],
						"1.8333": ["-Math.sin((query.anim_time) * 90 * 7.5) * 7.5", 0, 0]
					}
				},
				"beak": {
					"rotation": {
						"0.0": [-12.5, 0, 0],
						"0.25": ["Math.sin((query.anim_time) * 180* 5) * 5", 0, 0],
						"1.7083": [-12.5, 0, 0],
						"1.8333": ["-12.5+Math.sin((query.anim_time) * 180* 5) * 5", 0, 0]
					}
				},
				"beak2": {
					"rotation": {
						"0.0": [-12.5, 0, 0],
						"0.25": [
							"Math.sin((query.anim_time) * 180* 7.5) * 5",
							"Math.sin((query.anim_time) * 360* 7.5) * 0.52",
							"Math.sin((query.anim_time) * 360* 7.5) * 0.52"
						],
						"1.7083": [-12.5, 0, 0],
						"1.8333": [
							"-12.5+Math.sin((query.anim_time) * 180* 7.5) * 5",
							"0+Math.sin((query.anim_time) * 360* 7.5) * 0.52",
							"0+Math.sin((query.anim_time) * 360* 7.5) * 0.52"
						]
					}
				},
				"stem": {
					"rotation": {
						"0.0": [0, 0, 0],
						"0.25": ["Math.sin((query.anim_time) * 180* 3) * 2", "Math.sin((query.anim_time) * 360* 7.5) * 0.2", "Math.sin((query.anim_time) * 360* 7.5) * 0.2"],
						"1.7083": [0, 0, 0],
						"1.8333": ["Math.sin((query.anim_time) * 180* 3) * 2", "Math.sin((query.anim_time) * 360* 7.5) * 0.2", "Math.sin((query.anim_time) * 360* 7.5) * 0.2"]
					}
				},
				"stem2": {
					"rotation": {
						"0.0": [0, 0, 0],
						"0.25": [
							"Math.sin((query.anim_time) * 180* 7.5) * 2",
							"Math.sin((query.anim_time) * 360* 7.5) * 0.2",
							"Math.sin((query.anim_time) * 360* 7.5) * 0.2"
						],
						"1.7083": [0, 0, 0],
						"1.8333": [
							"Math.sin((query.anim_time) * 180* 7.5) * 2",
							"Math.sin((query.anim_time) * 360* 7.5) * 0.2",
							"Math.sin((query.anim_time) * 360* 7.5) * 0.2"
						]
					}
				},
				"stem3": {
					"rotation": {
						"0.0": [0, 0, 0],
						"0.25": [
							"Math.sin((query.anim_time) * 180* 7.5) * 2",
							"Math.sin((query.anim_time) * 360* 7.5) * 0.2",
							"Math.sin((query.anim_time) * 360* 7.5) * 0.2"
						],
						"1.7083": [0, 0, 0],
						"1.8333": [
							"Math.sin((query.anim_time) * 180* 7.5) * 2",
							"Math.sin((query.anim_time) * 360* 7.5) * 0.2",
							"Math.sin((query.anim_time) * 360* 7.5) * 0.2"
						]
					}
				},
				"leaf_left": {
					"rotation": {
						"0.0": [0, 0, 0],
						"0.25": ["-Math.sin((query.anim_time) * 180* 5) * 4", "-Math.sin((query.anim_time) * 180* 5) * 4", "-Math.sin((query.anim_time) * 180* 5) * 4"],
						"1.7083": [0, 0, 0],
						"1.8333": ["-Math.sin((query.anim_time) * 180* 5) * 4", "-Math.sin((query.anim_time) * 180* 5) * 4", "-Math.sin((query.anim_time) * 180* 5) * 4"]
					}
				},
				"leaf_right": {
					"rotation": {
						"0.0": [0, 0, 0],
						"0.25": ["Math.sin((query.anim_time) * 180* 5) * 4", "Math.sin((query.anim_time) * 180* 5) * 4", "Math.sin((query.anim_time) * 180* 5) * 4"],
						"1.7083": [0, 0, 0],
						"1.8333": ["Math.sin((query.anim_time) * 180* 5) * 4", "Math.sin((query.anim_time) * 180* 5) * 4", "Math.sin((query.anim_time) * 180* 5) * 4"]
					}
				},
				"pupil_right": {
					"position": {
						"0.0": [0, 0, 0],
						"0.25": [0, 0, 0],
						"1.7083": [0, 0, 0],
						"1.8333": [0, 0, 0]
					},
					"scale": {
						"0.0": [1, 0.9, 1],
						"1.7083": [1, 0.9, 1],
						"1.8333": [1, 0.9, 1]
					}
				},
				"wing_left": {
					"rotation": {
						"0.0": [0, 0, 0],
						"0.25": ["Math.sin((query.anim_time) * 180* 15) * 10", "Math.sin((query.anim_time) * 180* 15) * 40", 0],
						"1.8333": ["Math.sin((query.anim_time) * 180* 15) * 10", "Math.sin((query.anim_time) * 180* 15) * 40", 0]
					}
				},
				"wing_right": {
					"rotation": {
						"0.0": [0, 0, 0],
						"0.25": ["Math.sin((query.anim_time) * 180* 15) * 10", "-Math.sin((query.anim_time) * 180* 15) * 40", 0],
						"1.8333": ["Math.sin((query.anim_time) * 180* 15) * 10", "-Math.sin((query.anim_time) * 180* 15) * 40", 0]
					}
				},
				"leg_left": {
					"rotation": {
						"0.0": [0, 0, 0],
						"0.25": ["Math.sin((query.anim_time) * 180* 7.5) * 2", 0, 0],
						"1.7083": [0, 0, 0],
						"1.8333": ["Math.sin((query.anim_time) * 180* 7.5) * 2", 0, 0]
					}
				},
				"leg_left2": {
					"rotation": {
						"0.0": [0, 0, 0],
						"0.25": ["Math.sin((query.anim_time) * 180* 7.5) * 2", 0, 0],
						"1.7083": [0, 0, 0],
						"1.8333": ["Math.sin((query.anim_time) * 180* 7.5) * 2", 0, 0]
					}
				},
				"leg_left3": {
					"rotation": {
						"0.0": [0, 0, 0],
						"0.25": ["Math.sin((query.anim_time) * 180* 7.5) * 2", 0, 0],
						"1.7083": [0, 0, 0],
						"1.8333": ["Math.sin((query.anim_time) * 180* 7.5) * 2", 0, 0]
					}
				},
				"leg_right": {
					"rotation": {
						"0.0": [0, 0, 0],
						"0.25": ["Math.sin((query.anim_time) * 180* 7.5) * 2", 0, 0],
						"1.7083": [0, 0, 0],
						"1.8333": ["Math.sin((query.anim_time) * 180* 7.5) * 2", 0, 0]
					}
				},
				"leg_right2": {
					"rotation": {
						"0.0": [0, 0, 0],
						"0.25": ["Math.sin((query.anim_time) * 180* 7.5) * 2", 0, 0],
						"1.7083": [0, 0, 0],
						"1.8333": ["Math.sin((query.anim_time) * 180* 7.5) * 2", 0, 0]
					}
				},
				"leg_right3": {
					"rotation": {
						"0.0": [0, 0, 0],
						"0.25": ["Math.sin((query.anim_time) * 180* 7.5) * 2", 0, 0],
						"1.7083": [0, 0, 0],
						"1.8333": ["Math.sin((query.anim_time) * 180* 7.5) * 2", 0, 0]
					}
				},
				"chest": {
					"scale": {
						"0.0": [1, 1, 1],
						"0.25": [
							"1+Math.sin((query.anim_time) * 90 * 15) * 0.025",
							"1+Math.sin((query.anim_time) * 90 * 15) * 0.025",
							"1+Math.sin((query.anim_time) * 90 * 15) * 0.025"
						],
						"1.7083": [1, 1, 1],
						"1.8333": [
							"1+Math.sin((query.anim_time) * 90 * 15) * 0.025",
							"1+Math.sin((query.anim_time) * 90 * 15) * 0.025",
							"1+Math.sin((query.anim_time) * 90 * 15) * 0.025"
						]
					}
				},
				"eyes": {
					"scale": {
						"0.0": [1, 0.9, 1],
						"0.1667": [1, 0.8, 1],
						"1.7083": [1, 0.9, 1],
						"1.8333": [1, 0.9, 1]
					}
				},
				"pupil_left": {
					"scale": {
						"0.0": [1, 0.9, 1],
						"1.7083": [1, 0.9, 1],
						"1.8333": [1, 0.9, 1]
					}
				},
				"head": {
					"rotation": {
						"0.0": [0, 0, 0],
						"0.25": [-57.5, 0, 0],
						"1.7083": [0, 0, 0]
					},
					"position": {
						"0.0": [0, 0, 0],
						"0.25": [0, 0.25, -0.75],
						"1.7083": [0, 0, 0]
					}
				}
			}
		},
		"animation.citrillume.recoil": {
			"animation_length": 0.5,
			"bones": {
				"body": {
					"rotation": {
						"0.0": [0, 0, 0],
						"0.1667": [-17.5, 0, 0],
						"0.5": [0, 0, 0]
					}
				},
				"tail": {
					"rotation": {
						"0.0": [0, 0, 0],
						"0.1667": [27.5, 0, 0],
						"0.5": [0, 0, 0]
					}
				},
				"head": {
					"rotation": {
						"0.0": [0, 0, 0],
						"0.1667": [-12.5, 0, 0],
						"0.5": [0, 0, 0]
					},
					"position": {
						"0.0": [0, 0, 0],
						"0.1667": [0, -0.5, 0.75],
						"0.5": [0, 0, 0]
					}
				},
				"eye_right": {
					"scale": {
						"0.0": [1, 0, 1],
						"0.1667": [1, 0, 1],
						"0.25": [1, 1, 1]
					}
				},
				"eye_left": {
					"scale": {
						"0.0": [1, 0, 1],
						"0.1667": [1, 0, 1],
						"0.25": [1, 1, 1]
					}
				},
				"wing_left": {
					"rotation": {
						"0.0": [0, 0, 0],
						"0.1667": [0, -35, 0],
						"0.5": [0, 0, 0]
					},
					"position": {
						"0.0": [0, 0, 0],
						"0.1667": [0, -0.75, -1.75],
						"0.5": [0, 0, 0]
					}
				},
				"wing_right": {
					"rotation": {
						"0.0": [0, 0, 0],
						"0.1667": [0, 35, 0],
						"0.5": [0, 0, 0]
					},
					"position": {
						"0.0": [0, 0, 0],
						"0.1667": [0, -0.75, -1.75],
						"0.5": [0, 0, 0]
					}
				},
				"legs": {
					"rotation": {
						"0.0": [0, 0, 0],
						"0.1667": [17.5, 0, 0],
						"0.5": [0, 0, 0]
					},
					"position": {
						"0.0": [0, 0, 0],
						"0.1667": [0, -1, -2],
						"0.5": [0, 0, 0]
					}
				},
				"chest": {
					"rotation": {
						"0.0": [0, 0, 0],
						"0.1667": [-37.5, 0, 0],
						"0.5": [0, 0, 0]
					},
					"position": {
						"0.0": [0, 0, 0],
						"0.1667": [0, -3.25, -4.25],
						"0.5": [0, 0, 0]
					}
				}
			}
		},
		"animation.citrillume.faint": {
			"loop": "hold_on_last_frame",
			"animation_length": 3,
			"bones": {
				"body": {
					"rotation": {
						"0.0": [10, 0, 0],
						"0.1667": [10, 0, 0],
						"0.2917": [-110, 0, 0],
						"0.375": [-195, 0, 0],
						"0.5": [-297.5, 0, 0]
					},
					"position": {
						"0.0": [0, 0, 0],
						"0.125": [0.04, 10.92, -14.67],
						"0.1667": [
							"Math.sin((query.anim_time) * 360* 2) * 0.1",
							"16+Math.sin((query.anim_time) * 180* 7.5) * 0.5",
							"-17.25+Math.sin((query.anim_time) * 360* 2) * 0.1"
						],
						"0.2083": ["Math.sin((query.anim_time) * 360* 2) * 0.1", 28.78, "-19.25+Math.sin((query.anim_time) * 360* 2) * 0.1"],
						"0.25": ["Math.sin((query.anim_time) * 360* 2) * 0.1", 39.6, -15.63],
						"0.2917": [
							"Math.sin((query.anim_time) * 360* 2) * 0.1",
							"46+Math.sin((query.anim_time) * 180* 7.5) * 0.5",
							"-9.25+Math.sin((query.anim_time) * 360* 2) * 0.1"
						],
						"0.3333": ["Math.sin((query.anim_time) * 360* 2) * 0.1", 45.42, 4.35],
						"0.375": [
							"Math.sin((query.anim_time) * 360* 2) * 0.1",
							"39+Math.sin((query.anim_time) * 180* 7.5) * 0.5",
							"15.75+Math.sin((query.anim_time) * 360* 2) * 0.1"
						],
						"0.4167": ["Math.sin((query.anim_time) * 360* 2) * 0.1", 24.49, "18.75+Math.sin((query.anim_time) * 360* 2) * 0.1"],
						"0.4583": ["Math.sin((query.anim_time) * 360* 2) * 0.1", 13.98, 17.03],
						"0.5": [
							"Math.sin((query.anim_time) * 360* 2) * 0.1",
							"9+Math.sin((query.anim_time) * 180* 7.5) * 0.5",
							"11.75+Math.sin((query.anim_time) * 360* 2) * 0.1"
						],
						"0.5417": ["Math.sin((query.anim_time) * 360* 2) * 0.1", 3.61, 2.59],
						"0.75": [
							"Math.sin((query.anim_time) * 360* 2) * 0.1",
							"-1.75+Math.sin((query.anim_time) * 180* 7.5) * 0.5",
							"-16+Math.sin((query.anim_time) * 360* 2) * 0.1"
						],
						"2.25": [0, -1.75, -28]
					}
				},
				"tail": {
					"rotation": {
						"0.0": [0, 0, 0],
						"0.25": [-52.5, 0, 0],
						"1.7083": [-52.5, 0, 0]
					},
					"position": {
						"0.0": [0, 0, 0],
						"0.25": [0, 1.75, 0],
						"1.7083": [0, 1.75, 0]
					},
					"scale": 1
				},
				"tail_left": {
					"rotation": {
						"0.0": [0, 0, 0],
						"0.25": ["-Math.sin((query.anim_time) * 90 * 7.5) * 7.5", 0, 0],
						"1.7083": [0, 0, 0]
					},
					"position": [0, 0, 0],
					"scale": 1
				},
				"tail_middle": {
					"rotation": {
						"0.0": [0, 0, 0],
						"0.25": ["-Math.sin((query.anim_time) * 90 * 7.5) * 10", 0, 0],
						"1.7083": [0, 0, 0]
					},
					"position": [0, 0, 0],
					"scale": 1
				},
				"tail_right": {
					"rotation": {
						"0.0": [0, 0, 0],
						"0.25": ["-Math.sin((query.anim_time) * 90 * 7.5) * 7.5", 0, 0],
						"1.7083": [0, 0, 0]
					},
					"position": [0, 0, 0],
					"scale": 1
				},
				"beak": {
					"rotation": {
						"0.0": [-12.5, 0, 0],
						"0.25": ["Math.sin((query.anim_time) * 180* 5) * 5", 0, 0],
						"1.7083": [0, 0, 0]
					},
					"position": [0, 0, 0]
				},
				"beak2": {
					"rotation": {
						"0.0": [-12.5, 0, 0],
						"0.25": [
							"Math.sin((query.anim_time) * 180* 7.5) * 5",
							"Math.sin((query.anim_time) * 360* 7.5) * 0.52",
							"Math.sin((query.anim_time) * 360* 7.5) * 0.52"
						],
						"1.7083": [0, 0, 0]
					},
					"position": [0, 0, 0]
				},
				"stem": {
					"rotation": {
						"0.0": [0, 0, 0],
						"0.25": ["Math.sin((query.anim_time) * 180* 3) * 2", "Math.sin((query.anim_time) * 360* 7.5) * 0.2", "Math.sin((query.anim_time) * 360* 7.5) * 0.2"],
						"1.7083": [0, 0, 0]
					},
					"position": [0, 0, 0]
				},
				"stem2": {
					"rotation": {
						"0.0": [0, 0, 0],
						"0.25": [
							"Math.sin((query.anim_time) * 180* 7.5) * 2",
							"Math.sin((query.anim_time) * 360* 7.5) * 0.2",
							"Math.sin((query.anim_time) * 360* 7.5) * 0.2"
						],
						"1.7083": [0, 0, 0]
					},
					"position": [0, 0, 0]
				},
				"stem3": {
					"rotation": {
						"0.0": [0, 0, 0],
						"0.25": [
							"Math.sin((query.anim_time) * 180* 7.5) * 2",
							"Math.sin((query.anim_time) * 360* 7.5) * 0.2",
							"Math.sin((query.anim_time) * 360* 7.5) * 0.2"
						],
						"1.7083": [0, 0, 0]
					},
					"position": [0, 0, 0]
				},
				"leaf_left": {
					"rotation": {
						"0.0": [0, 0, 0],
						"0.25": ["-Math.sin((query.anim_time) * 180* 5) * 4", "-Math.sin((query.anim_time) * 180* 5) * 4", "-Math.sin((query.anim_time) * 180* 5) * 4"],
						"1.7083": [0, 0, 0]
					},
					"position": [0, 0, 0]
				},
				"leaf_right": {
					"rotation": {
						"0.0": [0, 0, 0],
						"0.25": ["Math.sin((query.anim_time) * 180* 5) * 4", "Math.sin((query.anim_time) * 180* 5) * 4", "Math.sin((query.anim_time) * 180* 5) * 4"],
						"1.7083": [0, 0, 0]
					},
					"position": [0, 0, 0]
				},
				"pupil_right": {
					"position": {
						"0.0": [0, 0, 0],
						"0.25": [0, 0, 0]
					},
					"scale": [1, 0.9, 1]
				},
				"wing_left": {
					"rotation": {
						"0.0": [0, 0, 0],
						"0.25": ["Math.sin((query.anim_time) * 180* 15) * 10", "Math.sin((query.anim_time) * 180* 15) * 40", 0],
						"0.9583": [1.2572, 59.4421, -8.65491]
					}
				},
				"wing_right": {
					"rotation": {
						"0.0": [0, 0, 0],
						"0.25": ["Math.sin((query.anim_time) * 180* 15) * 10", "-Math.sin((query.anim_time) * 180* 15) * 40", 0],
						"0.9583": [1.2572, -59.4421, 8.65492]
					}
				},
				"leg_left": {
					"rotation": {
						"0.0": [0, 0, 0],
						"0.25": ["Math.sin((query.anim_time) * 180* 7.5) * 2", 0, 0],
						"1.25": ["-15+Math.sin((query.anim_time) * 180* 7.5) * 2", 0, 0],
						"1.7083": [-15, 0, 0]
					}
				},
				"leg_left2": {
					"rotation": {
						"0.0": [0, 0, 0],
						"0.25": ["Math.sin((query.anim_time) * 180* 7.5) * 2", 0, 0],
						"1.7083": [0, 0, 0]
					}
				},
				"leg_left3": {
					"rotation": {
						"0.0": [0, 0, 0],
						"0.25": ["Math.sin((query.anim_time) * 180* 7.5) * 2", 0, 0],
						"1.7083": [0, 0, 0]
					}
				},
				"leg_right": {
					"rotation": {
						"0.0": [0, 0, 0],
						"0.25": ["Math.sin((query.anim_time) * 180* 7.5) * 2", 0, 0],
						"1.25": ["-15+Math.sin((query.anim_time) * 180* 7.5) * 2", 0, 0],
						"1.7083": [-15, 0, 0]
					}
				},
				"leg_right2": {
					"rotation": {
						"0.0": [0, 0, 0],
						"0.25": ["Math.sin((query.anim_time) * 180* 7.5) * 2", 0, 0],
						"1.7083": [0, 0, 0]
					}
				},
				"leg_right3": {
					"rotation": {
						"0.0": [0, 0, 0],
						"0.25": ["Math.sin((query.anim_time) * 180* 7.5) * 2", 0, 0],
						"1.7083": [0, 0, 0]
					}
				},
				"chest": {
					"scale": {
						"0.0": [1, 1, 1],
						"0.25": [
							"1+Math.sin((query.anim_time) * 90 * 15) * 0.025",
							"1+Math.sin((query.anim_time) * 90 * 15) * 0.025",
							"1+Math.sin((query.anim_time) * 90 * 15) * 0.025"
						],
						"1.7083": [1, 1, 1]
					}
				},
				"eyes": {
					"scale": {
						"0.5417": [1, 0.9, 1],
						"0.625": [0.9, 0, 0.9]
					}
				},
				"pupil_left": {
					"scale": [1, 0.9, 1]
				},
				"head": {
					"rotation": {
						"0.0": [0, 0, 0],
						"0.25": [-57.5, 0, 0]
					},
					"position": {
						"0.0": [0, 0, 0],
						"0.25": [0, 0.25, -0.75]
					}
				}
			}
		},
		"animation.citrillume.cry": {
			"animation_length": 0.4167,
			"bones": {
				"head": {
					"rotation": {
						"0.0": {
							"post": [0, 0, 0],
							"lerp_mode": "catmullrom"
						},
						"0.125": {
							"post": [-5, 0, 0],
							"lerp_mode": "catmullrom"
						},
						"0.2083": {
							"post": [0, 0, 0],
							"lerp_mode": "catmullrom"
						},
						"0.3333": {
							"post": [-5, 0, 0],
							"lerp_mode": "catmullrom"
						},
						"0.4167": {
							"post": [0, 0, 0],
							"lerp_mode": "catmullrom"
						}
					}
				},
				"beak": {
					"rotation": {
						"0.0": {
							"post": [0, 0, 0],
							"lerp_mode": "catmullrom"
						},
						"0.125": {
							"post": [-7.5, 0, 0],
							"lerp_mode": "catmullrom"
						},
						"0.2083": {
							"post": [0, 0, 0],
							"lerp_mode": "catmullrom"
						},
						"0.3333": {
							"post": [-7.5, 0, 0],
							"lerp_mode": "catmullrom"
						},
						"0.4167": {
							"post": [0, 0, 0],
							"lerp_mode": "catmullrom"
						}
					}
				},
				"beak2": {
					"rotation": {
						"0.0": {
							"post": [0, 0, 0],
							"lerp_mode": "catmullrom"
						},
						"0.125": {
							"post": [-12.5, 0, 0],
							"lerp_mode": "catmullrom"
						},
						"0.2083": {
							"post": [0, 0, 0],
							"lerp_mode": "catmullrom"
						},
						"0.3333": {
							"post": [-12.5, 0, 0],
							"lerp_mode": "catmullrom"
						},
						"0.4167": {
							"post": [0, 0, 0],
							"lerp_mode": "catmullrom"
						}
					}
				},
				"jaw": {
					"rotation": {
						"0.0": {
							"post": [0, 0, 0],
							"lerp_mode": "catmullrom"
						},
						"0.125": {
							"post": [55, 0, 0],
							"lerp_mode": "catmullrom"
						},
						"0.2083": {
							"post": [0, 0, 0],
							"lerp_mode": "catmullrom"
						},
						"0.3333": {
							"post": [55, 0, 0],
							"lerp_mode": "catmullrom"
						},
						"0.4167": {
							"post": [0, 0, 0],
							"lerp_mode": "catmullrom"
						}
					}
				}
			},
			"sound_effects": {
				"0.0": {
					"effect": "pokemon.citrillume.cry"
				}
			}
		}
	}
}