{
	"format_version": "1.12.0",
	"minecraft:geometry": [
		{
			"description": {
				"identifier": "geometry.moistery",
				"texture_width": 128,
				"texture_height": 128,
				"visible_bounds_width": 3,
				"visible_bounds_height": 2.5,
				"visible_bounds_offset": [0, 0.75, 0]
			},
			"bones": [
				{
					"name": "moistery",
					"pivot": [0, 0, 0]
				},
				{
					"name": "body",
					"parent": "moistery",
					"pivot": [0, 1, 0],
					"rotation": [0, 90, 0],
					"cubes": [
						{"origin": [-7, 1, -7], "size": [14, 3, 14], "uv": [0, 17]},
						{"origin": [-4.81, 0.25, -5], "size": [10, 1, 10], "inflate": 0.2, "uv": [30, 36]},
						{"origin": [-10, 1.5, -4], "size": [3, 4, 8], "uv": [42, 17]}
					]
				},
				{
					"name": "torso",
					"parent": "body",
					"pivot": [0, 1, 0],
					"cubes": [
						{"origin": [-5, 2.5, -5], "size": [10, 2, 10], "uv": [0, 34]},
						{"origin": [-2.5, 4.5, -2.5], "size": [5, 2, 5], "inflate": 0.3, "uv": [0, 46]}
					]
				},
				{
					"name": "arm_left",
					"parent": "torso",
					"pivot": [-0.5, 6.75, 2.75],
					"cubes": [
						{"origin": [-1.5, 5.75, 2.75], "size": [2, 1, 2], "uv": [0, 17]}
					]
				},
				{
					"name": "arm_right",
					"parent": "torso",
					"pivot": [-0.5, 6.75, -2.75],
					"cubes": [
						{"origin": [-1.5, 5.75, -4.75], "size": [2, 1, 2], "uv": [6, 18]}
					]
				},
				{
					"name": "stalk1_right",
					"parent": "torso",
					"pivot": [2.8, 5, -1.25],
					"cubes": [
						{"origin": [2.6, 5.25, -2], "size": [5, 1, 1], "inflate": 0.25, "uv": [0, 4]}
					]
				},
				{
					"name": "stalk2_right",
					"parent": "stalk1_right",
					"pivot": [7.85, 5, -1.5],
					"cubes": [
						{"origin": [8.1, 5.25, -2], "size": [5, 1, 1], "inflate": 0.24, "uv": [0, 0]}
					]
				},
				{
					"name": "eye_right",
					"parent": "stalk2_right",
					"pivot": [14.61, 5.75, -1.5],
					"rotation": [0, -90, 0],
					"cubes": [
						{"origin": [13.6, 4.75, -2.49], "size": [2, 2, 2], "inflate": 0.3, "uv": [6, 10]},
						{"origin": [13.86, 5, -2.5], "size": [1, 1, 2], "inflate": 0.3, "uv": [0, 20]},
						{"origin": [14.36, 5.5, -2.51], "size": [1, 1, 2], "inflate": 0.3, "uv": [0, 23]}
					]
				},
				{
					"name": "stalk1_left",
					"parent": "torso",
					"pivot": [2.8, 5, 1.5],
					"cubes": [
						{"origin": [2.6, 5.25, 1], "size": [5, 1, 1], "inflate": 0.25, "uv": [0, 6]}
					]
				},
				{
					"name": "stalk2_left",
					"parent": "stalk1_left",
					"pivot": [7.85, 5, 1.5],
					"cubes": [
						{"origin": [8.1, 5.25, 1], "size": [5, 1, 1], "inflate": 0.24, "uv": [0, 2]}
					]
				},
				{
					"name": "eye_left",
					"parent": "stalk2_left",
					"pivot": [14.6, 5.75, 1.5],
					"rotation": [0, -90, 0],
					"cubes": [
						{"origin": [13.6, 4.75, 0.51], "size": [2, 2, 2], "inflate": 0.3, "uv": [0, 8]},
						{"origin": [14.35, 5, 0.5], "size": [1, 1, 2], "inflate": 0.3, "uv": [4, 21]},
						{"origin": [13.85, 5.5, 0.49], "size": [1, 1, 2], "inflate": 0.3, "uv": [8, 22]}
					]
				},
				{
					"name": "top_shell",
					"parent": "body",
					"pivot": [-7, 4, 0],
					"rotation": [0, 0, -50],
					"cubes": [
						{"origin": [-6.81, 4, -7], "size": [14, 3, 14], "inflate": 0.2, "uv": [0, 0]},
						{"origin": [-4.81, 7.25, -5], "size": [10, 1, 10], "inflate": 0.2, "uv": [42, 0]}
					]
				}
			]
		}
	]
}