{
	"format_version": "1.8.0",
	"animations": {
		"animation.shiboom.air_idle": {
			"loop": true,
			"bones": {
				"body": {
					"rotation": ["0+Math.cos((query.anim_time-0.3) * 90 *2) * 2", 0, "0+Math.cos((query.anim_time-0.5) * 90 * 2) * 2"],
					"position": [12, "12.5+Math.cos((query.anim_time) * 90 * 2) * 0.4, +Math.cos((query.anim_time) * 90 *2) * 1", 14]
				},
				"segment1": {
					"rotation": ["-5.0485-2*math.cos(q.anim_time*90*2)*1", -24, "0.4432-2*math.cos(q.anim_time*90*1.5)*1"]
				},
				"segment2": {
					"rotation": ["-5-2*math.cos(q.anim_time*90*2-30)*1", -24, "-2*math.cos(q.anim_time*90*1.5-30)*1"]
				},
				"segment3": {
					"rotation": ["-5-2*math.cos(q.anim_time*90*2-60)*1", -24, "-2*math.cos(q.anim_time*90*1.5-60)*1"]
				},
				"segment4": {
					"rotation": ["-5-2*math.cos(q.anim_time*90*2-90)*1", -24, "-2*math.cos(q.anim_time*90*1.5-90)*1"]
				},
				"segment5": {
					"rotation": ["-5-2*math.cos(q.anim_time*90*2-120)*1", -24, "-2*math.cos(q.anim_time*90*1.5-120)*1"]
				},
				"segment6": {
					"rotation": ["-5-2*math.cos(q.anim_time*90*2-150)*1", -24, "-2*math.cos(q.anim_time*90*1.5-150)*1"]
				},
				"head": {
					"rotation": [15, 0, 0],
					"position": [0, -0.5, 0]
				},
				"jaw": {
					"rotation": ["-5.0485-2*math.cos(q.anim_time*90*1)*1", 0, 0]
				},
				"tuft_jaw": {
					"rotation": [0, "-2*math.cos(q.anim_time*90*1.5)*2", 0]
				},
				"whisker_left": {
					"rotation": ["-2*math.cos(q.anim_time*90*2)*1", 0, "2*math.cos(q.anim_time*90*1.5)*1"]
				},
				"whisker_left2": {
					"rotation": [0, "2*math.cos(q.anim_time*90*2-30)*1", 0]
				},
				"whisker_left3": {
					"rotation": ["-2*math.cos(q.anim_time*90*2-60)*1", 0, 0]
				},
				"whisker_left4": {
					"rotation": [0, "2*math.cos(q.anim_time*90*2-90)*1", 0]
				},
				"whisker_left5": {
					"rotation": [0, "2*math.cos(q.anim_time*90*2-120)*1", 0]
				},
				"whisker_left6": {
					"rotation": [0, "2*math.cos(q.anim_time*90*2-150)*1", 0]
				},
				"whisker_left7": {
					"rotation": ["-2*math.cos(q.anim_time*90*2-180)*1", 0, 0]
				},
				"whisker_left8": {
					"rotation": [0, "2*math.cos(q.anim_time*90*2-210)*1", 0]
				},
				"whisker_left9": {
					"rotation": ["-2*math.cos(q.anim_time*90*2-230)*1", 0, "-2*math.cos(q.anim_time*90*1.5-230)*1"]
				},
				"whisker_right": {
					"rotation": ["-2*math.cos(q.anim_time*90*2)*1", 0, "-2*math.cos(q.anim_time*90*1.5)*1"]
				},
				"whisker_right2": {
					"rotation": [0, "-2*math.cos(q.anim_time*90*2-30)*1", 0]
				},
				"whisker_right3": {
					"rotation": ["-2*math.cos(q.anim_time*90*2-60)*1", 0, 0]
				},
				"whisker_right4": {
					"rotation": [0, "-2*math.cos(q.anim_time*90*2-90)*1", 0]
				},
				"whisker_right5": {
					"rotation": [0, "-2*math.cos(q.anim_time*90*2-120)*1", 0]
				},
				"whisker_right6": {
					"rotation": [0, "-2*math.cos(q.anim_time*90*2-150)*1", 0]
				},
				"whisker_right7": {
					"rotation": ["-2*math.cos(q.anim_time*90*2-180)*1", 0, 0]
				},
				"whisker_right8": {
					"rotation": [0, "-2*math.cos(q.anim_time*90*2-210)*1", 0]
				},
				"whisker_right9": {
					"rotation": ["-2*math.cos(q.anim_time*90*2-230)*1", 0, "-2*math.cos(q.anim_time*90*1.5-230)*1"]
				},
				"arm_front_left": {
					"rotation": ["-71.3723-2*math.cos(q.anim_time*90*2)*1", -33.9466, "-9.4763-2*math.cos(q.anim_time*90*2)*1"]
				},
				"arm_front_left2": {
					"rotation": [0, "30-2*math.cos(q.anim_time*90*2-30)*1", 0]
				},
				"arm_front_left3": {
					"rotation": [0, "32.5-2*math.cos(q.anim_time*90*2-60)*1", 0]
				},
				"hand_front_left": {
					"rotation": [0, "-22.5-2*math.cos(q.anim_time*90*2-90)*1", 0]
				},
				"arm_front_right": {
					"rotation": ["-75.2153-2*math.cos(q.anim_time*90*2)*1", 36.95432, "7.033+2*math.cos(q.anim_time*90*2)*1"]
				},
				"arm_front_right2": {
					"rotation": [0, "-10+2*math.cos(q.anim_time*90*2-30)*1", 0]
				},
				"arm_front_right3": {
					"rotation": [0, "-25+2*math.cos(q.anim_time*90*2-60)*1", 0]
				},
				"hand_front_right": {
					"rotation": [0, "0+2*math.cos(q.anim_time*90*2-90)*1", 0]
				},
				"arm_mid_left": {
					"rotation": ["-59.2915-2*math.cos(q.anim_time*90*2-30)*1", -36.45301, "-9.9262-2*math.cos(q.anim_time*90*2-30)*1"]
				},
				"hand_mid_left": {
					"rotation": [0, "0-2*math.cos(q.anim_time*90*2-30)*1", 0]
				},
				"arm_mid_right": {
					"rotation": ["-62.1989-2*math.cos(q.anim_time*90*2)*1", 27.29582, "14.476+2*math.cos(q.anim_time*90*2)*1"]
				},
				"hand_mid_right": {
					"rotation": [0, "0+2*math.cos(q.anim_time*90*2-30)*1", 0]
				},
				"arm_back_right": {
					"rotation": ["-71.7797-2*math.cos(q.anim_time*90*2)*1", 40.52177, "9.0922+2*math.cos(q.anim_time*90*2)*1"]
				},
				"hand_back_right": {
					"rotation": [0, "0+2*math.cos(q.anim_time*90*2-30)*1", 0]
				},
				"arm_back_left": {
					"rotation": ["-63.2528-2*math.cos(q.anim_time*90*2-30)*1", -32.10347, "-16.3519-2*math.cos(q.anim_time*90*2-30)*1"]
				},
				"hand_back_left": {
					"rotation": [0, "0-2*math.cos(q.anim_time*90*2-30)*1", 0]
				},
				"frill2": {
					"rotation": ["math.cos(q.anim_time*90*2)*2", 0, 0]
				},
				"frill": {
					"rotation": [0, "-15-math.cos(q.anim_time*90*2)*2", 0]
				},
				"frill3": {
					"rotation": [0, "-12.5+math.cos(q.anim_time*90*2)*2", 0]
				},
				"frill4": {
					"rotation": ["-math.cos(q.anim_time*90*2)*2", 0, 0]
				},
				"frill5": {
					"rotation": ["math.cos(q.anim_time*90*2)*2", 0, 0]
				},
				"frill6": {
					"rotation": [0, "-12.5+math.cos(q.anim_time*90*2)*2", 0]
				},
				"frill7": {
					"rotation": [0, "-20-math.cos(q.anim_time*90*2)*2", 0]
				},
				"frill8": {
					"rotation": ["-math.cos(q.anim_time*90*2)*2", 0, 0]
				},
				"frill9": {
					"rotation": ["math.cos(q.anim_time*90*2)*2", 0, 0]
				},
				"frill10": {
					"rotation": [0, "-10+math.cos(q.anim_time*90*2)*2", 0]
				},
				"frill11": {
					"rotation": ["-math.cos(q.anim_time*90*2)*2", 0, 0]
				},
				"frill12": {
					"rotation": [0, "-30-math.cos(q.anim_time*90*2)*2", 0]
				},
				"frill13": {
					"rotation": ["math.cos(q.anim_time*90*2)*2", 0, 0]
				},
				"frill14": {
					"rotation": [0, "-12.5+math.cos(q.anim_time*90*2)*2", 0]
				},
				"frill15": {
					"rotation": [0, "-22.5-math.cos(q.anim_time*90*2)*2", 0]
				},
				"frill16": {
					"rotation": ["-math.cos(q.anim_time*90*2)*2", 0, 0]
				},
				"frill17": {
					"rotation": [0, "-10+math.cos(q.anim_time*90*2)*2", 0]
				},
				"frill18": {
					"rotation": ["math.cos(q.anim_time*90*2)*2", 0, 0]
				},
				"frill19": {
					"rotation": [0, "-22.5-math.cos(q.anim_time*90*2)*2", 0]
				},
				"frill20": {
					"rotation": ["-math.cos(q.anim_time*90*2)*2", 0, 0]
				},
				"frill21": {
					"rotation": [0, "-10+math.cos(q.anim_time*90*2)*2", 0]
				},
				"frill22": {
					"rotation": ["math.cos(q.anim_time*90*2)*2", 0, 0]
				},
				"frill23": {
					"rotation": [0, "-17.5-math.cos(q.anim_time*90*2)*2", 0]
				},
				"frill24": {
					"rotation": ["-math.cos(q.anim_time*90*2)*2", 0, 0]
				},
				"frill25": {
					"rotation": [0, "0-math.cos(q.anim_time*90*2)*2", 0]
				},
				"frill26": {
					"rotation": ["math.cos(q.anim_time*90*2)*2", 0, 0]
				},
				"frill27": {
					"rotation": [0, "0+math.cos(q.anim_time*90*2)*2", 0]
				},
				"frill28": {
					"rotation": ["-math.cos(q.anim_time*90*2)*2", 0, 0]
				},
				"tuft_right": {
					"rotation": [0, "-2*math.cos(q.anim_time*90*2)*2", 0]
				},
				"tuft_chin": {
					"rotation": [0, "-2*math.cos(q.anim_time*90*2)*3", 0]
				},
				"tuft_snout": {
					"rotation": [0, 0, "-2*math.cos(q.anim_time*90*1.5)*2"]
				},
				"tuft_head": {
					"rotation": [0, 0, "-2*math.cos(q.anim_time*90*2)*3"]
				},
				"tuft_left": {
					"rotation": [0, "2*math.cos(q.anim_time*90*2)*2", 0]
				}
			}
		},
		"animation.shiboom.air_fly": {
			"loop": true,
			"bones": {
				"body": {
					"rotation": ["0+Math.cos((query.anim_time-0.3) * 90 * 2) * 2", 0, "0+Math.cos((query.anim_time-0.5) * 90 * 1.5) * 2"],
					"position": [0, "12.5+Math.cos((query.anim_time) * 90 * 2) * 0.4, +Math.cos((query.anim_time) * 90 *2) * 1", 0]
				},
				"segment1": {
					"rotation": ["-2*math.cos(q.anim_time*90*1.5)*4", 0, "-2*math.cos(q.anim_time*90*1.5)*1"]
				},
				"segment2": {
					"rotation": ["-2*math.cos(q.anim_time*90*1.5-30)*4", 0, "-2*math.cos(q.anim_time*90*1.5-30)*1"]
				},
				"segment3": {
					"rotation": ["-2*math.cos(q.anim_time*90*1.5-60)*4", 0, "-2*math.cos(q.anim_time*90*1.5-60)*1"]
				},
				"segment4": {
					"rotation": ["-2*math.cos(q.anim_time*90*1.5-90)*4", 0, "-2*math.cos(q.anim_time*90*1.5-90)*1"]
				},
				"segment5": {
					"rotation": ["-2*math.cos(q.anim_time*90*1.5-120)*4", 0, "-2*math.cos(q.anim_time*90*1.5-120)*1"]
				},
				"segment6": {
					"rotation": ["-2*math.cos(q.anim_time*90*1.5-150)*4", 0, "-2*math.cos(q.anim_time*90*1.5-150)*1"]
				},
				"head": {
					"rotation": [0, 0, 0]
				},
				"jaw": {
					"rotation": ["-5.0485-2*math.cos(q.anim_time*90*1)*1", 0, 0]
				},
				"tuft_jaw": {
					"rotation": [0, "-2*math.cos(q.anim_time*90*1.5)*2", 0]
				},
				"whisker_left": {
					"rotation": ["-2*math.cos(q.anim_time*90*2)*1", 0, "2*math.cos(q.anim_time*90*1.5)*1"]
				},
				"whisker_left2": {
					"rotation": [0, "2*math.cos(q.anim_time*90*2-30)*1", 0]
				},
				"whisker_left3": {
					"rotation": ["-2*math.cos(q.anim_time*90*2-60)*1", 0, 0]
				},
				"whisker_left4": {
					"rotation": [0, "2*math.cos(q.anim_time*90*2-90)*1", 0]
				},
				"whisker_left5": {
					"rotation": [0, "2*math.cos(q.anim_time*90*2-120)*1", 0]
				},
				"whisker_left6": {
					"rotation": [0, "2*math.cos(q.anim_time*90*2-150)*1", 0]
				},
				"whisker_left7": {
					"rotation": ["-2*math.cos(q.anim_time*90*2-180)*1", 0, 0]
				},
				"whisker_left8": {
					"rotation": [0, "2*math.cos(q.anim_time*90*2-210)*1", 0]
				},
				"whisker_left9": {
					"rotation": ["-2*math.cos(q.anim_time*90*2-230)*1", 0, "-2*math.cos(q.anim_time*90*1.5-230)*1"]
				},
				"whisker_right": {
					"rotation": ["-2*math.cos(q.anim_time*90*2)*1", 0, "-2*math.cos(q.anim_time*90*1.5)*1"]
				},
				"whisker_right2": {
					"rotation": [0, "-2*math.cos(q.anim_time*90*2-30)*1", 0]
				},
				"whisker_right3": {
					"rotation": ["-2*math.cos(q.anim_time*90*2-60)*1", 0, 0]
				},
				"whisker_right4": {
					"rotation": [0, "-2*math.cos(q.anim_time*90*2-90)*1", 0]
				},
				"whisker_right5": {
					"rotation": [0, "-2*math.cos(q.anim_time*90*2-120)*1", 0]
				},
				"whisker_right6": {
					"rotation": [0, "-2*math.cos(q.anim_time*90*2-150)*1", 0]
				},
				"whisker_right7": {
					"rotation": ["-2*math.cos(q.anim_time*90*2-180)*1", 0, 0]
				},
				"whisker_right8": {
					"rotation": [0, "-2*math.cos(q.anim_time*90*2-210)*1", 0]
				},
				"whisker_right9": {
					"rotation": ["-2*math.cos(q.anim_time*90*2-230)*1", 0, "-2*math.cos(q.anim_time*90*1.5-230)*1"]
				},
				"arm_front_left": {
					"rotation": ["-6.3723-2*math.cos(q.anim_time*90*2)*1", 0, "-9.4763-2*math.cos(q.anim_time*90*2)*1"]
				},
				"arm_front_left2": {
					"rotation": [0, "-2*math.cos(q.anim_time*90*2-30)*1", 0]
				},
				"arm_front_left3": {
					"rotation": [0, "-2*math.cos(q.anim_time*90*2-60)*1", 0]
				},
				"hand_front_left": {
					"rotation": [0, "-2*math.cos(q.anim_time*90*2-90)*1", 0]
				},
				"arm_front_right": {
					"rotation": ["-11.657-2*math.cos(q.anim_time*90*2)*1", 0, "13.6201+2*math.cos(q.anim_time*90*2)*1"]
				},
				"arm_front_right2": {
					"rotation": [0, "0+2*math.cos(q.anim_time*90*2-30)*1", 0]
				},
				"arm_front_right3": {
					"rotation": [0, "0+2*math.cos(q.anim_time*90*2-60)*1", 0]
				},
				"hand_front_right": {
					"rotation": [0, "0+2*math.cos(q.anim_time*90*2-90)*1", 0]
				},
				"arm_mid_left": {
					"rotation": ["-13.5534-2*math.cos(q.anim_time*90*2-30)*1", -8.81591, "-7.0017-2*math.cos(q.anim_time*90*2-30)*1"]
				},
				"hand_mid_left": {
					"rotation": [0, "0-2*math.cos(q.anim_time*90*2-30)*1", 0]
				},
				"arm_mid_right": {
					"rotation": ["-13.241-2*math.cos(q.anim_time*90*2)*1", 2.32919, "4.8712+2*math.cos(q.anim_time*90*2)*1"]
				},
				"hand_mid_right": {
					"rotation": [0, "0+2*math.cos(q.anim_time*90*2-30)*1", 0]
				},
				"arm_back_right": {
					"rotation": ["1.7746-2*math.cos(q.anim_time*90*2)*1", 11.15576, "-2.4021+2*math.cos(q.anim_time*90*2)*1"]
				},
				"hand_back_right": {
					"rotation": [0, "0+2*math.cos(q.anim_time*90*2-30)*1", 0]
				},
				"arm_back_left": {
					"rotation": ["8.3279-2*math.cos(q.anim_time*90*2-30)*1", -7.26796, "8.7944-2*math.cos(q.anim_time*90*2-30)*1"]
				},
				"hand_back_left": {
					"rotation": [0, "0-2*math.cos(q.anim_time*90*2-30)*1", 0]
				},
				"frill2": {
					"rotation": ["math.cos(q.anim_time*90*2)*2", 0, 0]
				},
				"frill": {
					"rotation": [0, "-math.cos(q.anim_time*90*2)*2", 0]
				},
				"frill3": {
					"rotation": [0, "math.cos(q.anim_time*90*2)*2", 0]
				},
				"frill4": {
					"rotation": ["-math.cos(q.anim_time*90*2)*2", 0, 0]
				},
				"frill5": {
					"rotation": ["math.cos(q.anim_time*90*2)*2", 0, 0]
				},
				"frill6": {
					"rotation": [0, "math.cos(q.anim_time*90*2)*2", 0]
				},
				"frill7": {
					"rotation": [0, "0-math.cos(q.anim_time*90*2)*2", 0]
				},
				"frill8": {
					"rotation": ["-math.cos(q.anim_time*90*2)*2", 0, 0]
				},
				"frill9": {
					"rotation": ["math.cos(q.anim_time*90*2)*2", 0, 0]
				},
				"frill10": {
					"rotation": [0, "math.cos(q.anim_time*90*2)*2", 0]
				},
				"frill11": {
					"rotation": ["-math.cos(q.anim_time*90*2)*2", 0, 0]
				},
				"frill12": {
					"rotation": [0, "0-math.cos(q.anim_time*90*2)*2", 0]
				},
				"frill13": {
					"rotation": ["math.cos(q.anim_time*90*2)*2", 0, 0]
				},
				"frill14": {
					"rotation": [0, "math.cos(q.anim_time*90*2)*2", 0]
				},
				"frill15": {
					"rotation": [0, "-math.cos(q.anim_time*90*2)*2", 0]
				},
				"frill16": {
					"rotation": ["-math.cos(q.anim_time*90*2)*2", 0, 0]
				},
				"frill17": {
					"rotation": [0, "math.cos(q.anim_time*90*2)*2", 0]
				},
				"frill18": {
					"rotation": ["math.cos(q.anim_time*90*2)*2", 0, 0]
				},
				"frill19": {
					"rotation": [0, "-math.cos(q.anim_time*90*2)*2", 0]
				},
				"frill20": {
					"rotation": ["-math.cos(q.anim_time*90*2)*2", 0, 0]
				},
				"frill21": {
					"rotation": [0, "math.cos(q.anim_time*90*2)*2", 0]
				},
				"frill22": {
					"rotation": ["math.cos(q.anim_time*90*2)*2", 0, 0]
				},
				"frill23": {
					"rotation": [0, "-math.cos(q.anim_time*90*2)*2", 0]
				},
				"frill24": {
					"rotation": ["-math.cos(q.anim_time*90*2)*2", 0, 0]
				},
				"frill25": {
					"rotation": [0, "0-math.cos(q.anim_time*90*2)*2", 0]
				},
				"frill26": {
					"rotation": ["math.cos(q.anim_time*90*2)*2", 0, 0]
				},
				"frill27": {
					"rotation": [0, "0+math.cos(q.anim_time*90*2)*2", 0]
				},
				"frill28": {
					"rotation": ["-math.cos(q.anim_time*90*2)*2", 0, 0]
				},
				"tuft_right": {
					"rotation": [0, "-2*math.cos(q.anim_time*90*2)*2", 0]
				},
				"tuft_chin": {
					"rotation": [0, "-2*math.cos(q.anim_time*90*2)*3", 0]
				},
				"tuft_snout": {
					"rotation": [0, 0, "-2*math.cos(q.anim_time*90*1.5)*2"]
				},
				"tuft_head": {
					"rotation": [0, 0, "-2*math.cos(q.anim_time*90*2)*3"]
				},
				"tuft_left": {
					"rotation": [0, "2*math.cos(q.anim_time*90*2)*2", 0]
				}
			}
		},
		"animation.shiboom.sleep": {
			"loop": true,
			"bones": {
				"shiboom": {
					"position": [13, -2, 10]
				},
				"body": {
					"rotation": [0, 0, 90]
				},
				"segment1": {
					"rotation": [-17.5157, 2.38422, -0.7522]
				},
				"segment2": {
					"rotation": [-17.5157, 2.38422, -0.7522]
				},
				"segment3": {
					"rotation": ["-22.5193-", 2.30959, -0.95723]
				},
				"segment4": {
					"rotation": ["-22.5-2*math.cos(q.anim_time*90*0.5)*1", 0, 0]
				},
				"segment5": {
					"rotation": ["-20.0175-2*math.cos(q.anim_time*90*0.5-30)*1", 2.34914, -0.85553]
				},
				"segment6": {
					"rotation": ["-22.5-2*math.cos(q.anim_time*90*0.5-90)*1", 0, 0]
				},
				"arm_back_left": {
					"rotation": [-73.41634, -45.9806, 1.08132],
					"position": [0, -1, 0]
				},
				"hand_back_left": {
					"rotation": [0, -100, 0]
				},
				"arm_back_right": {
					"rotation": [-82.82, 44.99474, 0.77559]
				},
				"hand_back_right": {
					"rotation": [0, 60, 0]
				},
				"arm_mid_right": {
					"rotation": [-96.79217, 43.48501, -1.10654]
				},
				"hand_mid_right": {
					"rotation": [0, 47.5, 0]
				},
				"arm_mid_left": {
					"rotation": [-69.03261, -42.1534, 17.30707],
					"position": [0, -2, 0]
				},
				"hand_mid_left": {
					"rotation": [0, 50, 0]
				},
				"arm_front_left": {
					"rotation": [-70.19754, -40.0401, -3.89485]
				},
				"arm_front_left2": {
					"rotation": [0, 30, 0]
				},
				"arm_front_left3": {
					"rotation": [0, -52.5, 0]
				},
				"hand_front_left": {
					"rotation": [0, 72.5, 0]
				},
				"arm_front_right": {
					"rotation": [-57.64142, 32.01456, 6.25544]
				},
				"arm_front_right2": {
					"rotation": [0, 35, 0]
				},
				"arm_front_right3": {
					"rotation": [0, 70, 0]
				},
				"hand_front_right": {
					"rotation": [0, -125, 0]
				},
				"head": {
					"rotation": ["5+2*math.cos(q.anim_time*90*0.5)*3", 0, 0],
					"position": [0, -0.5, -0.25]
				},
				"tuft_jaw": {
					"rotation": [0, 0, -75]
				},
				"whisker_left": {
					"rotation": [22.12264, -2.28913, -1.0735]
				},
				"whisker_left2": {
					"rotation": [30.68008, 59.35835, 20.49856]
				},
				"whisker_left3": {
					"rotation": [9.65228, -10.76001, 10.20527]
				},
				"whisker_left4": {
					"rotation": [-22.83328, -79.61427, 1.95489]
				},
				"whisker_left5": {
					"rotation": [-2.49048, 72.49527, -0.21782]
				},
				"whisker_left6": {
					"rotation": [-7.38543, -57.58382, -1.29876]
				},
				"whisker_left7": {
					"rotation": [38.36421, 0.23591, 0.09238]
				},
				"whisker_left8": {
					"rotation": [-17.18915, 59.02355, 2.72723]
				},
				"whisker_left9": {
					"rotation": [0, 2.5, 0]
				},
				"whisker_right": {
					"rotation": [-3.60166, 17.9482, 14.55212]
				},
				"whisker_right2": {
					"rotation": [0, 27.5, 0]
				},
				"whisker_right3": {
					"rotation": [54.59039, 22.40972, -2.06754]
				},
				"whisker_right4": {
					"rotation": [0, 47.5, 0]
				},
				"whisker_right5": {
					"rotation": [0, -137.5, 0]
				},
				"whisker_right6": {
					"rotation": [0, 52.5, 0]
				},
				"whisker_right7": {
					"rotation": [12.26837, 6.13784, -4.31837]
				},
				"whisker_right8": {
					"rotation": [0, -77.5, 0]
				},
				"whisker_right9": {
					"rotation": [0, 10, 0]
				},
				"eye_left": {
					"scale": [1, 0, 1]
				},
				"eye_right": {
					"scale": [1, 0, 1]
				},
				"frill4": {
					"rotation": [-47.5, 0, 0]
				},
				"frill8": {
					"rotation": [-37.5, 0, 0]
				},
				"frill11": {
					"rotation": [-62.5, 0, 0]
				},
				"frill16": {
					"rotation": [-20, 0, 0]
				},
				"frill20": {
					"rotation": [-17.5, 0, 0]
				},
				"frill24": {
					"rotation": [-15, 0, 0]
				},
				"frill27": {
					"rotation": [0, -25, 0]
				},
				"tuft_chin": {
					"rotation": [0, 0, -32.5]
				},
				"tuft_snout": {
					"rotation": [0, 0, 67.5]
				},
				"tuft_head": {
					"rotation": [0, 0, 27.5]
				},
				"tuft_left": {
					"rotation": [0, -25, 0]
				},
				"tuft_right": {
					"rotation": [0, 22.5, 0]
				},
				"jaw": {
					"rotation": ["-2*math.cos(q.anim_time*90*0.5)*1", 0, 0]
				},
				"nose": {
					"rotation": ["2*math.cos(q.anim_time*90*1)*1", 0, 0]
				}
			}
		},
		"animation.shiboom.blink": {
			"animation_length": 0.1667,
			"bones": {
				"eye_left": {
					"scale": {
						"0.0": [1, 1, 1],
						"0.0833": [1, 0, 1],
						"0.1667": [1, 1, 1]
					}
				},
				"eye_right": {
					"scale": {
						"0.0": [1, 1, 1],
						"0.0833": [1, 0, 1],
						"0.1667": [1, 1, 1]
					}
				}
			}
		},
		"animation.shiboom.twinkle": {
			"animation_length": 0.4583,
			"bones": {
				"head": {
					"rotation": {
						"0.0": [0, 0, 0],
						"0.0417": [-0.34226, 0, 0],
						"0.0833": [-1.57537, 0, 0],
						"0.125": [-3.42463, 0, 0],
						"0.1667": [-4.65774, 0, 0],
						"0.2083": [-5, 0, 0],
						"0.25": [-4.7005, 0, 0],
						"0.2917": [-3.80782, 0, 0],
						"0.375": [-1.19218, 0, 0],
						"0.4167": [-0.2995, 0, 0],
						"0.4583": [0, 0, 0]
					}
				},
				"jaw": {
					"rotation": {
						"0.0": {
							"post": [0, 0, 0],
							"lerp_mode": "catmullrom"
						},
						"0.1667": {
							"post": [7.5, 0, 0],
							"lerp_mode": "catmullrom"
						},
						"0.2917": {
							"post": [7.5, 0, 0],
							"lerp_mode": "catmullrom"
						},
						"0.4583": {
							"post": [0, 0, 0],
							"lerp_mode": "catmullrom"
						}
					}
				},
				"eye_sparkle_left": {
					"scale": {
						"0.0": [1, 1, 1],
						"0.0417": [1, 1.02054, 1.02054],
						"0.0833": [1, 1.09452, 1.09452],
						"0.125": [1, 1.20548, 1.20548],
						"0.1667": [1, 1.27946, 1.27946],
						"0.2083": [1, 1.3, 1.3],
						"0.25": [1, 1.28203, 1.28203],
						"0.2917": [1, 1.22847, 1.22847],
						"0.375": [1, 1.07153, 1.07153],
						"0.4167": [1, 1.01797, 1.01797],
						"0.4583": [1, 1, 1]
					}
				},
				"eye_sparkle_right": {
					"scale": {
						"0.0": [1, 1, 1],
						"0.0417": [1, 1.02054, 1.02054],
						"0.0833": [1, 1.09452, 1.09452],
						"0.125": [1, 1.20548, 1.20548],
						"0.1667": [1, 1.27946, 1.27946],
						"0.2083": [1, 1.3, 1.3],
						"0.25": [1, 1.28203, 1.28203],
						"0.2917": [1, 1.22847, 1.22847],
						"0.375": [1, 1.07153, 1.07153],
						"0.4167": [1, 1.01797, 1.01797],
						"0.4583": [1, 1, 1]
					}
				}
			}
		},
		"animation.shiboom.faint": {
			"animation_length": 4.5417,
			"bones": {
				"body": {
					"rotation": {
						"0.0": {
							"post": [0, 0, 0],
							"lerp_mode": "catmullrom"
						},
						"0.5833": {
							"post": [0, 0, 0],
							"lerp_mode": "catmullrom"
						},
						"1.0417": {
							"post": [0, 0, 90],
							"lerp_mode": "catmullrom"
						}
					},
					"position": {
						"0.0": {
							"post": [12, 12.5, 14],
							"lerp_mode": "catmullrom"
						},
						"0.5833": {
							"post": [12, 17.5, 14],
							"lerp_mode": "catmullrom"
						},
						"1.0417": {
							"post": [0, 0, 0],
							"lerp_mode": "catmullrom"
						}
					}
				},
				"segment1": {
					"rotation": {
						"0.0": {
							"post": [-5.0485, -24, 0.4432],
							"lerp_mode": "catmullrom"
						},
						"0.5833": {
							"post": [-30.0485, -24, 0.4432],
							"lerp_mode": "catmullrom"
						},
						"1.0417": {
							"post": [-17.51565, 2.38422, -0.7522],
							"lerp_mode": "catmullrom"
						}
					}
				},
				"segment2": {
					"rotation": {
						"0.0": {
							"post": [-5, -24, -2],
							"lerp_mode": "catmullrom"
						},
						"0.5833": {
							"post": [-5, -24, -2],
							"lerp_mode": "catmullrom"
						},
						"1.0417": {
							"post": [-17.51565, 2.38422, -0.7522],
							"lerp_mode": "catmullrom"
						}
					}
				},
				"segment3": {
					"rotation": {
						"0.0": {
							"post": [-5, -24, -2],
							"lerp_mode": "catmullrom"
						},
						"0.5833": {
							"post": [-5, -24, -2],
							"lerp_mode": "catmullrom"
						},
						"1.0417": {
							"post": [-22.5193, 2.30959, -0.95723],
							"lerp_mode": "catmullrom"
						}
					}
				},
				"segment4": {
					"rotation": {
						"0.0": {
							"post": [-5, -24, -2],
							"lerp_mode": "catmullrom"
						},
						"0.5833": {
							"post": [-5, -24, -2],
							"lerp_mode": "catmullrom"
						},
						"1.0417": {
							"post": [-22.5, 0, 0],
							"lerp_mode": "catmullrom"
						}
					}
				},
				"segment5": {
					"rotation": {
						"0.0": {
							"post": [-5, -24, -2],
							"lerp_mode": "catmullrom"
						},
						"0.5833": {
							"post": [-5, -24, -2],
							"lerp_mode": "catmullrom"
						},
						"1.0417": {
							"post": [-20.01754, 2.34914, -0.85553],
							"lerp_mode": "catmullrom"
						}
					}
				},
				"segment6": {
					"rotation": {
						"0.0": {
							"post": [-5, -24, -2],
							"lerp_mode": "catmullrom"
						},
						"0.5833": {
							"post": [-5, -24, -2],
							"lerp_mode": "catmullrom"
						},
						"1.0417": {
							"post": [-22.5, 0, 0],
							"lerp_mode": "catmullrom"
						}
					}
				},
				"head": {
					"rotation": {
						"0.0": {
							"post": [15, 0, 0],
							"lerp_mode": "catmullrom"
						},
						"0.125": {
							"post": [-15.18, 0, 0],
							"lerp_mode": "catmullrom"
						},
						"0.5833": {
							"post": [2.5, 0, 0],
							"lerp_mode": "catmullrom"
						},
						"1.0417": {
							"post": [5, 0, 0],
							"lerp_mode": "catmullrom"
						}
					},
					"position": {
						"0.0": {
							"post": [0, -0.5, 0],
							"lerp_mode": "catmullrom"
						},
						"0.125": {
							"post": [0, 0.25, -1],
							"lerp_mode": "catmullrom"
						},
						"0.5833": {
							"post": [0, -0.5, 0],
							"lerp_mode": "catmullrom"
						},
						"1.0417": {
							"post": [0, -0.5, -0.25],
							"lerp_mode": "catmullrom"
						}
					}
				},
				"jaw": {
					"rotation": {
						"0.0": {
							"post": [-5.0485, 0, 0],
							"lerp_mode": "catmullrom"
						},
						"0.5833": {
							"post": [-5.0485, 0, 0],
							"lerp_mode": "catmullrom"
						}
					}
				},
				"tuft_jaw": {
					"rotation": {
						"0.0": {
							"post": [0, -2, 0],
							"lerp_mode": "catmullrom"
						},
						"0.5833": {
							"post": [0, -2, 0],
							"lerp_mode": "catmullrom"
						},
						"1.0417": {
							"post": [0, 0, -75],
							"lerp_mode": "catmullrom"
						}
					}
				},
				"whisker_left": {
					"rotation": {
						"0.0": {
							"post": [-2, 0, 2],
							"lerp_mode": "catmullrom"
						},
						"0.5833": {
							"post": [-2, 0, 2],
							"lerp_mode": "catmullrom"
						},
						"1.0417": {
							"post": [22.12264, -2.28913, -1.0735],
							"lerp_mode": "catmullrom"
						}
					}
				},
				"whisker_left2": {
					"rotation": {
						"0.0": {
							"post": [0, 2, 0],
							"lerp_mode": "catmullrom"
						},
						"0.5833": {
							"post": [0, 2, 0],
							"lerp_mode": "catmullrom"
						},
						"1.0417": {
							"post": [30.68008, 59.35835, 20.49856],
							"lerp_mode": "catmullrom"
						}
					}
				},
				"whisker_left3": {
					"rotation": {
						"0.0": {
							"post": [-2, 0, 0],
							"lerp_mode": "catmullrom"
						},
						"0.5833": {
							"post": [-2, 0, 0],
							"lerp_mode": "catmullrom"
						},
						"1.0417": {
							"post": [9.65228, -10.76001, 10.20527],
							"lerp_mode": "catmullrom"
						}
					}
				},
				"whisker_left4": {
					"rotation": {
						"0.0": {
							"post": [0, 2, 0],
							"lerp_mode": "catmullrom"
						},
						"0.5833": {
							"post": [0, 2, 0],
							"lerp_mode": "catmullrom"
						},
						"1.0417": {
							"post": [-22.83328, -79.61427, 1.95489],
							"lerp_mode": "catmullrom"
						}
					}
				},
				"whisker_left5": {
					"rotation": {
						"0.0": {
							"post": [0, 2, 0],
							"lerp_mode": "catmullrom"
						},
						"0.5833": {
							"post": [0, 2, 0],
							"lerp_mode": "catmullrom"
						},
						"1.0417": {
							"post": [-2.49048, 72.49527, -0.21782],
							"lerp_mode": "catmullrom"
						}
					}
				},
				"whisker_left6": {
					"rotation": {
						"0.0": {
							"post": [0, 2, 0],
							"lerp_mode": "catmullrom"
						},
						"0.5833": {
							"post": [0, 2, 0],
							"lerp_mode": "catmullrom"
						},
						"1.0417": {
							"post": [-7.38543, -57.58382, -1.29876],
							"lerp_mode": "catmullrom"
						}
					}
				},
				"whisker_left7": {
					"rotation": {
						"0.0": {
							"post": [-2, 0, 0],
							"lerp_mode": "catmullrom"
						},
						"0.5833": {
							"post": [-2, 0, 0],
							"lerp_mode": "catmullrom"
						},
						"1.0417": {
							"post": [38.36421, 0.23591, 0.09238],
							"lerp_mode": "catmullrom"
						}
					}
				},
				"whisker_left8": {
					"rotation": {
						"0.0": {
							"post": [0, 2, 0],
							"lerp_mode": "catmullrom"
						},
						"0.5833": {
							"post": [0, 2, 0],
							"lerp_mode": "catmullrom"
						},
						"1.0417": {
							"post": [-17.18915, 59.02355, 2.72723],
							"lerp_mode": "catmullrom"
						}
					}
				},
				"whisker_left9": {
					"rotation": {
						"0.0": {
							"post": [-2, 0, -2],
							"lerp_mode": "catmullrom"
						},
						"0.5833": {
							"post": [-2, 0, -2],
							"lerp_mode": "catmullrom"
						},
						"1.0417": {
							"post": [0, 2.5, 0],
							"lerp_mode": "catmullrom"
						}
					}
				},
				"whisker_right": {
					"rotation": {
						"0.0": {
							"post": [-2, 0, -2],
							"lerp_mode": "catmullrom"
						},
						"0.5833": {
							"post": [-2, 0, -2],
							"lerp_mode": "catmullrom"
						},
						"1.0417": {
							"post": [-3.60166, 17.9482, 14.55212],
							"lerp_mode": "catmullrom"
						}
					}
				},
				"whisker_right2": {
					"rotation": {
						"0.0": {
							"post": [0, -2, 0],
							"lerp_mode": "catmullrom"
						},
						"0.5833": {
							"post": [0, -2, 0],
							"lerp_mode": "catmullrom"
						},
						"1.0417": {
							"post": [0, 27.5, 0],
							"lerp_mode": "catmullrom"
						}
					}
				},
				"whisker_right3": {
					"rotation": {
						"0.0": {
							"post": [-2, 0, 0],
							"lerp_mode": "catmullrom"
						},
						"0.5833": {
							"post": [-2, 0, 0],
							"lerp_mode": "catmullrom"
						},
						"1.0417": {
							"post": [54.59039, 22.40972, -2.06754],
							"lerp_mode": "catmullrom"
						}
					}
				},
				"whisker_right4": {
					"rotation": {
						"0.0": {
							"post": [0, -2, 0],
							"lerp_mode": "catmullrom"
						},
						"0.5833": {
							"post": [0, -2, 0],
							"lerp_mode": "catmullrom"
						},
						"1.0417": {
							"post": [0, 47.5, 0],
							"lerp_mode": "catmullrom"
						}
					}
				},
				"whisker_right5": {
					"rotation": {
						"0.0": {
							"post": [0, -2, 0],
							"lerp_mode": "catmullrom"
						},
						"0.5833": {
							"post": [0, -2, 0],
							"lerp_mode": "catmullrom"
						},
						"1.0417": {
							"post": [0, -137.5, 0],
							"lerp_mode": "catmullrom"
						}
					}
				},
				"whisker_right6": {
					"rotation": {
						"0.0": {
							"post": [0, -2, 0],
							"lerp_mode": "catmullrom"
						},
						"0.5833": {
							"post": [0, -2, 0],
							"lerp_mode": "catmullrom"
						},
						"1.0417": {
							"post": [0, 52.5, 0],
							"lerp_mode": "catmullrom"
						}
					}
				},
				"whisker_right7": {
					"rotation": {
						"0.0": {
							"post": [-2, 0, 0],
							"lerp_mode": "catmullrom"
						},
						"0.5833": {
							"post": [-2, 0, 0],
							"lerp_mode": "catmullrom"
						},
						"1.0417": {
							"post": [12.26837, 6.13784, -4.31837],
							"lerp_mode": "catmullrom"
						}
					}
				},
				"whisker_right8": {
					"rotation": {
						"0.0": {
							"post": [0, -2, 0],
							"lerp_mode": "catmullrom"
						},
						"0.5833": {
							"post": [0, -2, 0],
							"lerp_mode": "catmullrom"
						},
						"1.0417": {
							"post": [0, -77.5, 0],
							"lerp_mode": "catmullrom"
						}
					}
				},
				"whisker_right9": {
					"rotation": {
						"0.0": {
							"post": [-2, 0, -2],
							"lerp_mode": "catmullrom"
						},
						"0.5833": {
							"post": [-2, 0, -2],
							"lerp_mode": "catmullrom"
						},
						"1.0417": {
							"post": [0, 10, 0],
							"lerp_mode": "catmullrom"
						}
					}
				},
				"arm_front_left": {
					"rotation": {
						"0.0": {
							"post": [-71.3723, -33.9466, -9.4763],
							"lerp_mode": "catmullrom"
						},
						"0.5833": {
							"post": [-71.3723, -33.9466, -9.4763],
							"lerp_mode": "catmullrom"
						},
						"1.0417": {
							"post": [-70.19754, -40.0401, -3.89485],
							"lerp_mode": "catmullrom"
						}
					}
				},
				"arm_front_left2": {
					"rotation": {
						"0.0": {
							"post": [0, 30, 0],
							"lerp_mode": "catmullrom"
						},
						"0.5833": {
							"post": [0, 30, 0],
							"lerp_mode": "catmullrom"
						},
						"1.0417": {
							"post": [0, 30, 0],
							"lerp_mode": "catmullrom"
						}
					}
				},
				"arm_front_left3": {
					"rotation": {
						"0.0": {
							"post": [0, 32.5, 0],
							"lerp_mode": "catmullrom"
						},
						"0.5833": {
							"post": [0, 32.5, 0],
							"lerp_mode": "catmullrom"
						},
						"1.0417": {
							"post": [0, -52.5, 0],
							"lerp_mode": "catmullrom"
						}
					}
				},
				"hand_front_left": {
					"rotation": {
						"0.0": {
							"post": [0, -22.5, 0],
							"lerp_mode": "catmullrom"
						},
						"0.5833": {
							"post": [0, -22.5, 0],
							"lerp_mode": "catmullrom"
						},
						"1.0417": {
							"post": [0, 72.5, 0],
							"lerp_mode": "catmullrom"
						}
					}
				},
				"arm_front_right": {
					"rotation": {
						"0.0": {
							"post": [-75.2153, 36.95432, 7.033],
							"lerp_mode": "catmullrom"
						},
						"0.5833": {
							"post": [-75.2153, 36.95432, 7.033],
							"lerp_mode": "catmullrom"
						},
						"1.0417": {
							"post": [-57.64142, 32.01456, 6.25544],
							"lerp_mode": "catmullrom"
						}
					}
				},
				"arm_front_right2": {
					"rotation": {
						"0.0": {
							"post": [0, -10, 0],
							"lerp_mode": "catmullrom"
						},
						"0.5833": {
							"post": [0, -10, 0],
							"lerp_mode": "catmullrom"
						},
						"1.0417": {
							"post": [0, 35, 0],
							"lerp_mode": "catmullrom"
						}
					}
				},
				"arm_front_right3": {
					"rotation": {
						"0.0": {
							"post": [0, -25, 0],
							"lerp_mode": "catmullrom"
						},
						"0.5833": {
							"post": [0, -25, 0],
							"lerp_mode": "catmullrom"
						},
						"1.0417": {
							"post": [0, 70, 0],
							"lerp_mode": "catmullrom"
						}
					}
				},
				"hand_front_right": {
					"rotation": {
						"0.0": {
							"post": [0, 0, 0],
							"lerp_mode": "catmullrom"
						},
						"0.5833": {
							"post": [0, 0, 0],
							"lerp_mode": "catmullrom"
						},
						"1.0417": {
							"post": [0, -125, 0],
							"lerp_mode": "catmullrom"
						}
					}
				},
				"arm_mid_left": {
					"rotation": {
						"0.0": {
							"post": [-59.2915, -36.45301, -9.9262],
							"lerp_mode": "catmullrom"
						},
						"0.5833": {
							"post": [-59.2915, -36.45301, -9.9262],
							"lerp_mode": "catmullrom"
						},
						"1.0417": {
							"post": [-69.03261, -42.1534, 17.30707],
							"lerp_mode": "catmullrom"
						}
					},
					"position": {
						"1.0417": {
							"pre": [0, -2, 0],
							"post": [0, -2, 0],
							"lerp_mode": "catmullrom"
						}
					}
				},
				"hand_mid_left": {
					"rotation": {
						"0.0": {
							"post": [0, 0, 0],
							"lerp_mode": "catmullrom"
						},
						"0.5833": {
							"post": [0, 0, 0],
							"lerp_mode": "catmullrom"
						},
						"1.0417": {
							"post": [0, 50, 0],
							"lerp_mode": "catmullrom"
						}
					}
				},
				"arm_mid_right": {
					"rotation": {
						"0.0": {
							"post": [-62.1989, 27.29582, 14.476],
							"lerp_mode": "catmullrom"
						},
						"0.5833": {
							"post": [-62.1989, 27.29582, 14.476],
							"lerp_mode": "catmullrom"
						},
						"1.0417": {
							"post": [-96.79217, 43.48501, -1.10654],
							"lerp_mode": "catmullrom"
						}
					}
				},
				"hand_mid_right": {
					"rotation": {
						"0.0": {
							"post": [0, 0, 0],
							"lerp_mode": "catmullrom"
						},
						"0.5833": {
							"post": [0, 0, 0],
							"lerp_mode": "catmullrom"
						},
						"1.0417": {
							"post": [0, 47.5, 0],
							"lerp_mode": "catmullrom"
						}
					}
				},
				"arm_back_right": {
					"rotation": {
						"0.0": {
							"post": [-71.7797, 40.52177, 9.0922],
							"lerp_mode": "catmullrom"
						},
						"0.5833": {
							"post": [-71.7797, 40.52177, 14.476],
							"lerp_mode": "catmullrom"
						},
						"1.0417": {
							"post": [-82.82, 44.99474, 0.77559],
							"lerp_mode": "catmullrom"
						}
					}
				},
				"hand_back_right": {
					"rotation": {
						"0.0": {
							"post": [0, 0, 0],
							"lerp_mode": "catmullrom"
						},
						"0.5833": {
							"post": [0, 0, 0],
							"lerp_mode": "catmullrom"
						},
						"1.0417": {
							"post": [0, 60, 0],
							"lerp_mode": "catmullrom"
						}
					}
				},
				"arm_back_left": {
					"rotation": {
						"0.0": {
							"post": [-63.2528, -32.10347, -16.3519],
							"lerp_mode": "catmullrom"
						},
						"0.5833": {
							"post": [-63.2528, -32.10347, -16.3519],
							"lerp_mode": "catmullrom"
						},
						"1.0417": {
							"post": [-73.41634, -45.9806, 1.08132],
							"lerp_mode": "catmullrom"
						}
					},
					"position": {
						"1.0417": {
							"pre": [0, -1, 0],
							"post": [0, -1, 0],
							"lerp_mode": "catmullrom"
						}
					}
				},
				"hand_back_left": {
					"rotation": {
						"0.0": {
							"post": [0, 0, 0],
							"lerp_mode": "catmullrom"
						},
						"0.5833": {
							"post": [0, 0, 0],
							"lerp_mode": "catmullrom"
						},
						"1.0417": {
							"post": [0, -100, 0],
							"lerp_mode": "catmullrom"
						}
					}
				},
				"frill2": {
					"rotation": {
						"0.0": {
							"post": [0, 0, 0],
							"lerp_mode": "catmullrom"
						},
						"0.5833": {
							"post": [0, 0, 0],
							"lerp_mode": "catmullrom"
						}
					}
				},
				"frill": {
					"rotation": {
						"0.0": {
							"post": [0, -15, 0],
							"lerp_mode": "catmullrom"
						},
						"0.5833": {
							"post": [0, -15, 0],
							"lerp_mode": "catmullrom"
						}
					}
				},
				"frill3": {
					"rotation": {
						"0.0": {
							"post": [0, -12.5, 0],
							"lerp_mode": "catmullrom"
						},
						"0.5833": {
							"post": [0, -12.5, 0],
							"lerp_mode": "catmullrom"
						}
					}
				},
				"frill4": {
					"rotation": {
						"0.0": {
							"post": [0, 0, 0],
							"lerp_mode": "catmullrom"
						},
						"0.5833": {
							"post": [0, 0, 0],
							"lerp_mode": "catmullrom"
						},
						"1.0417": {
							"post": [-47.5, 0, 0],
							"lerp_mode": "catmullrom"
						}
					}
				},
				"frill5": {
					"rotation": {
						"0.0": {
							"post": [0, 0, 0],
							"lerp_mode": "catmullrom"
						},
						"0.5833": {
							"post": [0, 0, 0],
							"lerp_mode": "catmullrom"
						}
					}
				},
				"frill6": {
					"rotation": {
						"0.0": {
							"post": [0, -12.5, 0],
							"lerp_mode": "catmullrom"
						},
						"0.5833": {
							"post": [0, -12.5, 0],
							"lerp_mode": "catmullrom"
						}
					}
				},
				"frill7": {
					"rotation": {
						"0.0": {
							"post": [0, -20, 0],
							"lerp_mode": "catmullrom"
						},
						"0.5833": {
							"post": [0, -20, 0],
							"lerp_mode": "catmullrom"
						}
					}
				},
				"frill8": {
					"rotation": {
						"0.0": {
							"post": [0, 0, 0],
							"lerp_mode": "catmullrom"
						},
						"0.5833": {
							"post": [0, 0, 0],
							"lerp_mode": "catmullrom"
						},
						"1.0417": {
							"post": [-37.5, 0, 0],
							"lerp_mode": "catmullrom"
						}
					}
				},
				"frill9": {
					"rotation": {
						"0.0": {
							"post": [0, 0, 0],
							"lerp_mode": "catmullrom"
						},
						"0.5833": {
							"post": [0, 0, 0],
							"lerp_mode": "catmullrom"
						}
					}
				},
				"frill10": {
					"rotation": {
						"0.0": {
							"post": [0, -10, 0],
							"lerp_mode": "catmullrom"
						},
						"0.5833": {
							"post": [0, -10, 0],
							"lerp_mode": "catmullrom"
						}
					}
				},
				"frill11": {
					"rotation": {
						"0.0": {
							"post": [0, 0, 0],
							"lerp_mode": "catmullrom"
						},
						"0.5833": {
							"post": [0, 0, 0],
							"lerp_mode": "catmullrom"
						},
						"1.0417": {
							"post": [-62.5, 0, 0],
							"lerp_mode": "catmullrom"
						}
					}
				},
				"frill12": {
					"rotation": {
						"0.0": {
							"post": [0, -30, 0],
							"lerp_mode": "catmullrom"
						},
						"0.5833": {
							"post": [0, -30, 0],
							"lerp_mode": "catmullrom"
						}
					}
				},
				"frill13": {
					"rotation": {
						"0.0": {
							"post": [0, 0, 0],
							"lerp_mode": "catmullrom"
						},
						"0.5833": {
							"post": [0, 0, 0],
							"lerp_mode": "catmullrom"
						}
					}
				},
				"frill14": {
					"rotation": {
						"0.0": {
							"post": [0, -12.5, 0],
							"lerp_mode": "catmullrom"
						},
						"0.5833": {
							"post": [0, -12.5, 0],
							"lerp_mode": "catmullrom"
						}
					}
				},
				"frill15": {
					"rotation": {
						"0.0": {
							"post": [0, -22.5, 0],
							"lerp_mode": "catmullrom"
						},
						"0.5833": {
							"post": [0, -22.5, 0],
							"lerp_mode": "catmullrom"
						}
					}
				},
				"frill16": {
					"rotation": {
						"0.0": {
							"post": [0, 0, 0],
							"lerp_mode": "catmullrom"
						},
						"0.5833": {
							"post": [0, 0, 0],
							"lerp_mode": "catmullrom"
						},
						"1.0417": {
							"post": [-20, 0, 0],
							"lerp_mode": "catmullrom"
						}
					}
				},
				"frill17": {
					"rotation": {
						"0.0": {
							"post": [0, -10, 0],
							"lerp_mode": "catmullrom"
						},
						"0.5833": {
							"post": [0, -10, 0],
							"lerp_mode": "catmullrom"
						}
					}
				},
				"frill18": {
					"rotation": {
						"0.0": {
							"post": [0, 0, 0],
							"lerp_mode": "catmullrom"
						},
						"0.5833": {
							"post": [0, 0, 0],
							"lerp_mode": "catmullrom"
						}
					}
				},
				"frill19": {
					"rotation": {
						"0.0": {
							"post": [0, -22.5, 0],
							"lerp_mode": "catmullrom"
						},
						"0.5833": {
							"post": [0, -22.5, 0],
							"lerp_mode": "catmullrom"
						}
					}
				},
				"frill20": {
					"rotation": {
						"0.0": {
							"post": [0, 0, 0],
							"lerp_mode": "catmullrom"
						},
						"0.5833": {
							"post": [0, 0, 0],
							"lerp_mode": "catmullrom"
						},
						"1.0417": {
							"post": [-17.5, 0, 0],
							"lerp_mode": "catmullrom"
						}
					}
				},
				"frill21": {
					"rotation": {
						"0.0": {
							"post": [0, -10, 0],
							"lerp_mode": "catmullrom"
						},
						"0.5833": {
							"post": [0, -10, 0],
							"lerp_mode": "catmullrom"
						}
					}
				},
				"frill22": {
					"rotation": {
						"0.0": {
							"post": [0, 0, 0],
							"lerp_mode": "catmullrom"
						},
						"0.5833": {
							"post": [0, 0, 0],
							"lerp_mode": "catmullrom"
						}
					}
				},
				"frill23": {
					"rotation": {
						"0.0": {
							"post": [0, -17.5, 0],
							"lerp_mode": "catmullrom"
						},
						"0.5833": {
							"post": [0, -17.5, 0],
							"lerp_mode": "catmullrom"
						}
					}
				},
				"frill24": {
					"rotation": {
						"0.0": {
							"post": [0, 0, 0],
							"lerp_mode": "catmullrom"
						},
						"0.5833": {
							"post": [0, 0, 0],
							"lerp_mode": "catmullrom"
						},
						"1.0417": {
							"post": [-15, 0, 0],
							"lerp_mode": "catmullrom"
						}
					}
				},
				"frill25": {
					"rotation": {
						"0.0": {
							"post": [0, 0, 0],
							"lerp_mode": "catmullrom"
						},
						"0.5833": {
							"post": [0, 0, 0],
							"lerp_mode": "catmullrom"
						}
					}
				},
				"frill26": {
					"rotation": {
						"0.0": {
							"post": [0, 0, 0],
							"lerp_mode": "catmullrom"
						},
						"0.5833": {
							"post": [0, 0, 0],
							"lerp_mode": "catmullrom"
						}
					}
				},
				"frill27": {
					"rotation": {
						"0.0": {
							"post": [0, 0, 0],
							"lerp_mode": "catmullrom"
						},
						"0.5833": {
							"post": [0, 0, 0],
							"lerp_mode": "catmullrom"
						},
						"1.0417": {
							"post": [0, -25, 0],
							"lerp_mode": "catmullrom"
						}
					}
				},
				"frill28": {
					"rotation": {
						"0.0": {
							"post": [0, 0, 0],
							"lerp_mode": "catmullrom"
						},
						"0.5833": {
							"post": [0, 0, 0],
							"lerp_mode": "catmullrom"
						}
					}
				},
				"tuft_right": {
					"rotation": {
						"0.0": {
							"post": [0, -2, 0],
							"lerp_mode": "catmullrom"
						},
						"0.5833": {
							"post": [0, -2, 0],
							"lerp_mode": "catmullrom"
						},
						"1.0417": {
							"post": [0, 22.5, 0],
							"lerp_mode": "catmullrom"
						}
					}
				},
				"tuft_chin": {
					"rotation": {
						"0.0": {
							"post": [0, -2, 0],
							"lerp_mode": "catmullrom"
						},
						"0.5833": {
							"post": [0, -2, 0],
							"lerp_mode": "catmullrom"
						},
						"1.0417": {
							"post": [0, 0, -32.5],
							"lerp_mode": "catmullrom"
						}
					}
				},
				"tuft_snout": {
					"rotation": {
						"0.0": {
							"post": [0, 0, -2],
							"lerp_mode": "catmullrom"
						},
						"0.5833": {
							"post": [0, 0, -2],
							"lerp_mode": "catmullrom"
						},
						"1.0417": {
							"post": [0, 0, 67.5],
							"lerp_mode": "catmullrom"
						}
					}
				},
				"tuft_head": {
					"rotation": {
						"0.0": {
							"post": [0, 0, -2],
							"lerp_mode": "catmullrom"
						},
						"0.5833": {
							"post": [0, 0, -2],
							"lerp_mode": "catmullrom"
						},
						"1.0417": {
							"post": [0, 0, 27.5],
							"lerp_mode": "catmullrom"
						}
					}
				},
				"tuft_left": {
					"rotation": {
						"0.0": {
							"post": [0, 2, 0],
							"lerp_mode": "catmullrom"
						},
						"0.5833": {
							"post": [0, 2, 0],
							"lerp_mode": "catmullrom"
						},
						"1.0417": {
							"post": [0, -25, 0],
							"lerp_mode": "catmullrom"
						}
					}
				},
				"shiboom": {
					"position": {
						"0.0": {
							"post": [0, 0, 0],
							"lerp_mode": "catmullrom"
						},
						"0.5833": {
							"post": [0, 0, 0],
							"lerp_mode": "catmullrom"
						},
						"1.0417": {
							"post": [13, -2, 10],
							"lerp_mode": "catmullrom"
						}
					}
				},
				"eyes": {
					"position": {
						"0.5833": {
							"pre": [0, 0, 0],
							"post": [0, 0, 0],
							"lerp_mode": "catmullrom"
						}
					},
					"scale": {
						"0.5833": {
							"pre": [1, 1, 1],
							"post": [1, 1, 1],
							"lerp_mode": "catmullrom"
						}
					}
				},
				"eye_left": {
					"scale": {
						"0.0": {
							"post": [1, 1, 1],
							"lerp_mode": "catmullrom"
						},
						"0.0833": {
							"post": [1, 0, 1],
							"lerp_mode": "catmullrom"
						},
						"0.1667": {
							"post": [1, 1, 1],
							"lerp_mode": "catmullrom"
						},
						"0.5833": {
							"post": [1, 1, 1],
							"lerp_mode": "catmullrom"
						},
						"1.0417": {
							"post": [1, 0, 1],
							"lerp_mode": "catmullrom"
						}
					}
				},
				"eye_right": {
					"scale": {
						"0.0": {
							"post": [1, 1, 1],
							"lerp_mode": "catmullrom"
						},
						"0.0833": {
							"post": [1, 0, 1],
							"lerp_mode": "catmullrom"
						},
						"0.1667": {
							"post": [1, 1, 1],
							"lerp_mode": "catmullrom"
						},
						"0.5833": {
							"post": [1, 1, 1],
							"lerp_mode": "catmullrom"
						},
						"1.0417": {
							"post": [1, 0, 1],
							"lerp_mode": "catmullrom"
						}
					}
				}
			}
		},
		"animation.shiboom.cry": {
			"animation_length": 1.1667,
			"bones": {
				"head": {
					"rotation": {
						"0.0": {
							"post": [0, 0, 0],
							"lerp_mode": "catmullrom"
						},
						"0.0833": {
							"post": [10, 0, 0],
							"lerp_mode": "catmullrom"
						},
						"0.2083": {
							"post": [5, 0, 0],
							"lerp_mode": "catmullrom"
						},
						"0.2917": {
							"post": [10, 0, 0],
							"lerp_mode": "catmullrom"
						},
						"0.375": {
							"post": [5, 0, 0],
							"lerp_mode": "catmullrom"
						},
						"0.4583": {
							"post": [10, 0, 0],
							"lerp_mode": "catmullrom"
						},
						"0.5417": {
							"post": [5, 0, 0],
							"lerp_mode": "catmullrom"
						},
						"0.625": {
							"post": [10, 0, 0],
							"lerp_mode": "catmullrom"
						},
						"0.75": {
							"post": [5, 0, 0],
							"lerp_mode": "catmullrom"
						},
						"0.9167": {
							"post": [-7.5, 0, 0],
							"lerp_mode": "catmullrom"
						},
						"1.1667": {
							"post": [0, 0, 0],
							"lerp_mode": "catmullrom"
						}
					}
				},
				"jaw": {
					"rotation": {
						"0.0": [0, 0, 0],
						"0.2083": [35, 0, 0],
						"0.9167": [35, 0, 0],
						"1.1667": [0, 0, 0]
					}
				}
			},
			"sound_effects": {
				"0.0": {
					"effect": "pokemon.shiboom.cry"
				}
			}
		}
	}
}