{
	"format_version": "1.8.0",
	"animations": {
		"animation.gorochu.ground_idle": {
			"loop": true,
			"animation_length": 4,
			"bones": {
				"torso": {
					"rotation": [10, "math.sin(q.anim_time*90)*2", 0],
					"position": [0, "0.1*(math.sin(q.anim_time*90*3-30)*1+1)", 0]
				},
				"tail": {
					"rotation": [10, "math.sin(q.anim_time*90)*2", 0]
				},
				"tail_2": {
					"rotation": [32.5, 0, 0]
				},
				"tail_3": {
					"rotation": [25, 0, 0]
				},
				"tail_4": {
					"rotation": [10, "math.sin(q.anim_time*90)*2", 0]
				},
				"head": {
					"rotation": ["-10+math.sin(query.anim_time*90*2)*2", 0, 0],
					"position": [0, -0.98481, -0.17365]
				},
				"arm_right": {
					"rotation": ["51.9637+math.sin(query.anim_time*90)*-2.9", -63.7669, -126.7514],
					"position": [-1.30037, -0.91411, 0.77236]
				},
				"arm_left": {
					"rotation": ["51.9637+math.sin(query.anim_time*90)*2.9", 63.76687, 126.7514],
					"position": [1.30037, -0.91411, 0.77236]
				},
				"leg_left": {
					"rotation": [0.43688, -4.98093, -5.019]
				},
				"body": {
					"position": [0, 0.5, 0]
				},
				"foot_left": {
					"rotation": [9.56312, -4.98093, 5.019]
				},
				"mouth_open1": {
					"position": [0, 0, 0]
				},
				"mouth_closed": {
					"position": [0, 0, 0]
				},
				"fur_left": {
					"rotation": ["-10+math.sin(query.anim_time*-90*2)*2", 0, 0]
				},
				"fur_right": {
					"rotation": ["-10+math.sin(query.anim_time*-90*2)*2", 0, 0]
				},
				"furbottomleft": {
					"rotation": [0, "math.sin(q.anim_time*-90)*2", 0],
					"position": [0, "0.1*(math.sin(q.anim_time*90*3-30)*1+1)", 0]
				},
				"furbottomright": {
					"rotation": [0, "math.sin(q.anim_time*-90)*2", 0],
					"position": [0, "0.1*(math.sin(q.anim_time*90*3-30)*1+1)", 0]
				},
				"undefined": {
					"rotation": [9.56312, -4.98093, 5.019]
				},
				"leg_right": {
					"rotation": [0.43688, 4.98093, 5.019]
				},
				"foot_right": {
					"rotation": [9.56312, 4.98093, -5.019]
				}
			}
		},
		"animation.gorochu.surfacewater_idle": {
			"loop": true,
			"animation_length": 4,
			"bones": {
				"torso": {
					"rotation": [10, "math.sin(q.anim_time*90)*2", 0],
					"position": [0, "0.1*(math.sin(q.anim_time*90*3-30)*1+1)", 0]
				},
				"tail": {
					"rotation": [10, "math.sin(q.anim_time*90)*2", 0]
				},
				"tail_2": {
					"rotation": [32.5, 0, 0]
				},
				"tail_3": {
					"rotation": [25, 0, 0]
				},
				"tail_4": {
					"rotation": [10, "math.sin(q.anim_time*90)*2", 0]
				},
				"head": {
					"rotation": ["-10+math.sin(query.anim_time*90*2)*2", 0, 0],
					"position": [0, -0.98481, -0.17365]
				},
				"arm_right": {
					"rotation": ["133.7463+math.sin(query.anim_time*90)*-2.9", "-76.1275+math.sin(query.anim_time*90*2)*8", -151.07469],
					"position": [-1.30037, -0.91411, 0.77236]
				},
				"arm_left": {
					"rotation": ["133.7463+math.sin(query.anim_time*90)*2.9", "76.1274+math.sin(query.anim_time*90*2)*-8", 151.07467],
					"position": [1.30037, -0.91411, 0.77236]
				},
				"leg_left": {
					"rotation": [25.43688, -4.98093, -5.019]
				},
				"body": {
					"position": [0, -10.5, 0]
				},
				"foot_left": {
					"rotation": [9.56312, -4.98093, 5.019]
				},
				"mouth_open1": {
					"position": [0, 0, 0]
				},
				"mouth_closed": {
					"position": [0, 0, 0]
				},
				"fur_left": {
					"rotation": ["-10+math.sin(query.anim_time*-90*2)*2", 0, 0]
				},
				"fur_right": {
					"rotation": ["-10+math.sin(query.anim_time*-90*2)*2", 0, 0]
				},
				"furbottomleft": {
					"rotation": [0, "math.sin(q.anim_time*-90)*2", 0],
					"position": [0, "0.1*(math.sin(q.anim_time*90*3-30)*1+1)", 0]
				},
				"furbottomright": {
					"rotation": [0, "math.sin(q.anim_time*-90)*2", 0],
					"position": [0, "0.1*(math.sin(q.anim_time*90*3-30)*1+1)", 0]
				},
				"undefined": {
					"rotation": [9.56312, -4.98093, 5.019]
				},
				"leg_right": {
					"rotation": [25.43688, 4.98093, 5.019]
				},
				"foot_right": {
					"rotation": [9.56312, 4.98093, -5.019]
				}
			}
		},
		"animation.gorochu.surfacewater_walk": {
			"loop": true,
			"animation_length": 4,
			"bones": {
				"torso": {
					"rotation": [10, "math.sin(q.anim_time*90)*2", 0],
					"position": [0, "0.1*(math.sin(q.anim_time*90*3-30)*1+1)", 0]
				},
				"tail": {
					"rotation": [10, "math.sin(q.anim_time*90)*2", 0]
				},
				"tail_2": {
					"rotation": [32.5, 0, 0]
				},
				"tail_3": {
					"rotation": [25, 0, 0]
				},
				"tail_4": {
					"rotation": [10, "math.sin(q.anim_time*90)*2", 0]
				},
				"head": {
					"rotation": ["-10+math.sin(query.anim_time*90*2)*2", 0, 0],
					"position": [0, -0.98481, -0.17365]
				},
				"arm_right": {
					"rotation": ["133.7463+math.sin(query.anim_time*90)*-2.9", "-76.1275+math.sin(query.anim_time*90*2)*22", -151.07469],
					"position": [-1.30037, -0.91411, 0.77236]
				},
				"arm_left": {
					"rotation": ["133.7463+math.sin(query.anim_time*90)*2.9", "76.1274+math.sin(query.anim_time*90*2)*-22", 151.07467],
					"position": [1.30037, -0.91411, 0.77236]
				},
				"leg_left": {
					"rotation": [25.43688, -4.98093, -5.019]
				},
				"body": {
					"position": [0, -10.5, 0]
				},
				"foot_left": {
					"rotation": [9.56312, -4.98093, 5.019]
				},
				"mouth_open1": {
					"position": [0, 0, 0]
				},
				"mouth_closed": {
					"position": [0, 0, 0]
				},
				"fur_left": {
					"rotation": ["-10+math.sin(query.anim_time*-90*2)*2", 0, 0]
				},
				"fur_right": {
					"rotation": ["-10+math.sin(query.anim_time*-90*2)*2", 0, 0]
				},
				"furbottomleft": {
					"rotation": [0, "math.sin(q.anim_time*-90)*2", 0],
					"position": [0, "0.1*(math.sin(q.anim_time*90*3-30)*1+1)", 0]
				},
				"furbottomright": {
					"rotation": [0, "math.sin(q.anim_time*-90)*2", 0],
					"position": [0, "0.1*(math.sin(q.anim_time*90*3-30)*1+1)", 0]
				},
				"undefined": {
					"rotation": [9.56312, -4.98093, 5.019]
				},
				"leg_right": {
					"rotation": [25.43688, 4.98093, 5.019]
				},
				"foot_right": {
					"rotation": [9.56312, 4.98093, -5.019]
				}
			}
		},
		"animation.gorochu.ground_walk": {
			"loop": true,
			"animation_length": 1.3333,
			"bones": {
				"torso": {
					"rotation": [
						"0 - math.sin(query.anim_time * 90 * 6-20) * -8",
						"0 - math.sin(query.anim_time * 90 * 3-20) * 12",
						"0 - math.sin(query.anim_time * 90 * 3+20) * -4"
					],
					"position": {
						"0.0": [0, "0 - math.sin(query.anim_time * 90 * 6) * 0.5", 0],
						"0.625": [0, 0, 0],
						"0.6667": [0, -0.15, 0],
						"0.7083": [0, 0.22, 0],
						"1.2917": [0, 0, 0],
						"1.3333": [0, -0.15, 0]
					},
					"scale": {
						"0.0": [1, 1, 1],
						"0.5833": [1, 1, 1],
						"0.6667": [1, 0.93, 1],
						"0.75": [1, 1, 1],
						"1.1667": [1, 1, 1],
						"1.25": [1, 0.93, 1],
						"1.3333": [1, 1, 1]
					}
				},
				"tail": {
					"rotation": ["0 - math.sin(query.anim_time * 90 * 6) * 8", 0, 0]
				},
				"tail_2": {
					"rotation": [27.5, 0, 0]
				},
				"tail_3": {
					"rotation": [45, 0, 0]
				},
				"tail_4": {
					"rotation": ["25 - math.sin(query.anim_time * 90 * 6) * 8", 0, 0]
				},
				"head": {
					"rotation": ["0 - math.sin(query.anim_time * 90 * 6) * 8", "0 - math.sin(query.anim_time * 90 * 3-20) * -4", 0],
					"position": [0, -0.98481, -0.17365],
					"scale": {
						"0.0": [1, 1, 1],
						"0.5833": [1, 1, 1],
						"0.6667": [1, 1.07, 1],
						"0.75": [1, 1, 1],
						"1.1667": [1, 1, 1],
						"1.25": [1, 1.07, 1],
						"1.3333": [1, 1, 1]
					}
				},
				"arm_right": {
					"rotation": ["0.8098-5.1647*math.cos(q.anim_time*90*3-25)", "-11.2154-17*math.cos(q.anim_time*90*3-5)", "-31.4158+4*math.cos(q.anim_time*90*3-20)"],
					"position": [0, 0, "1*math.cos(q.anim_time*90*3+0)"]
				},
				"arm_left": {
					"rotation": ["0.8098-5.1647*math.cos(q.anim_time*90*3-25)", "11.2154-17*math.cos(q.anim_time*90*3-5)", "31.4158+4*math.cos(q.anim_time*90*3-20)"],
					"position": [0, 0, "1*math.cos(q.anim_time*90*3+0)"]
				},
				"leg_left": {
					"rotation": {
						"0.0": [-23, -10, 0],
						"0.6667": [5, -10, 0],
						"0.75": [9.25, -10, -1.125],
						"0.875": {
							"pre": [11.835, -9.35, -3.925],
							"post": [11.835, -9.35, -3.925],
							"lerp_mode": "catmullrom"
						},
						"1.0": {
							"post": [0.84, -8.46, -4.225],
							"lerp_mode": "catmullrom"
						},
						"1.125": {
							"post": [-17.15, -8.64, -2.525],
							"lerp_mode": "catmullrom"
						},
						"1.25": [-22.275, -9.3, 0],
						"1.3333": [-23, -10, 0]
					},
					"position": {
						"0.0": [-0.3, -0.75, -1.55],
						"0.3333": [-0.09, -0.24, -0.7],
						"0.6667": [0.125, 0.105, 1.145],
						"0.75": [0.125, 0.155, 0.915],
						"0.8333": {
							"pre": [0.1, 0.705, 0.335],
							"post": [0.1, 0.705, 0.335],
							"lerp_mode": "catmullrom"
						},
						"0.9583": {
							"post": [0.05, 0.94, -0.405],
							"lerp_mode": "catmullrom"
						},
						"1.1667": {
							"post": [-0.105, 0.87, -0.41],
							"lerp_mode": "catmullrom"
						},
						"1.25": [-0.2, 0.175, -0.925],
						"1.3333": [-0.3, -0.75, -1.55]
					}
				},
				"body": {
					"position": [0, 0.3, 0]
				},
				"foot_left": {
					"rotation": {
						"0.0": [23, 0, 0],
						"0.6667": [3.5, 0, 0],
						"0.75": [12, 0, 0],
						"0.9167": {
							"pre": [19.31, 0, 0],
							"post": [19.31, 0, 0],
							"lerp_mode": "catmullrom"
						},
						"1.0417": {
							"post": [19.62, 0, 0],
							"lerp_mode": "catmullrom"
						},
						"1.1667": {
							"post": [0.18, 0, 0],
							"lerp_mode": "catmullrom"
						},
						"1.25": [2.75, 0, 0],
						"1.3333": [23, 0, 0]
					}
				},
				"mouth_open1": {
					"position": [0, 0, 0]
				},
				"mouth_closed": {
					"position": [0, 0, 0]
				},
				"fur_left": {
					"rotation": ["0 - math.sin(query.anim_time * 90 * 6) * 6", 0, "0 - math.sin(query.anim_time * 90 * 6) * -6"],
					"scale": {
						"0.0": [1, 1, 1],
						"0.5833": [1, 1, 1],
						"0.6667": [1, 0.93, 1],
						"0.75": [1, 1, 1],
						"1.1667": [1, 1, 1],
						"1.25": [1, 0.93, 1],
						"1.3333": [1, 1, 1]
					}
				},
				"fur_right": {
					"rotation": ["0 - math.sin(query.anim_time * 90 * 6) * 6", 0, "0 - math.sin(query.anim_time * 90 * 6) * 6"],
					"scale": {
						"0.0": [1, 1, 1],
						"0.5833": [1, 1, 1],
						"0.6667": [1, 0.93, 1],
						"0.75": [1, 1, 1],
						"1.1667": [1, 1, 1],
						"1.25": [1, 0.93, 1],
						"1.3333": [1, 1, 1]
					}
				},
				"furbottomleft": {
					"rotation": ["0 - math.sin(query.anim_time * 90 * 6) * 6", 0, "0 - math.sin(query.anim_time * 90 * 6) * -6"],
					"scale": {
						"0.0": [1, 1, 1],
						"0.5833": [1, 1, 1],
						"0.6667": [1, 0.93, 1],
						"0.75": [1, 1, 1],
						"1.1667": [1, 1, 1],
						"1.25": [1, 0.93, 1],
						"1.3333": [1, 1, 1]
					}
				},
				"furbottomright": {
					"rotation": ["0 - math.sin(query.anim_time * 90 * 6) * 6", 0, "0 - math.sin(query.anim_time * 90 * 6) * 6"],
					"position": [0, "0.1*(math.sin(q.anim_time*90*3-30)*1+1)", 0],
					"scale": {
						"0.0": [1, 1, 1],
						"0.5833": [1, 1, 1],
						"0.6667": [1, 0.93, 1],
						"0.75": [1, 1, 1],
						"1.1667": [1, 1, 1],
						"1.25": [1, 0.93, 1],
						"1.3333": [1, 1, 1]
					}
				},
				"leg_left2": {
					"rotation": ["0 - math.sin(query.anim_time * 90 * 3+10) * -18", 0, 0],
					"position": [0, "- math.clamp(math.sin(query.anim_time * 90 * 3+30) * 0.9,-1,0.2)", "- math.sin(query.anim_time * 90 * 3-30) * -1.5"]
				},
				"foot_left2": {
					"rotation": {
						"0.0": [-5, 0, 0],
						"0.3333": [-16.5, 0, 0],
						"0.6667": {
							"pre": [16.5, 0, 0],
							"post": [16.5, 0, 0],
							"lerp_mode": "catmullrom"
						},
						"0.75": {
							"post": [22.25, 0, 0],
							"lerp_mode": "catmullrom"
						},
						"0.9167": {
							"post": [9, 0, 0],
							"lerp_mode": "catmullrom"
						},
						"1.0417": {
							"post": [-5.3, 0, 0],
							"lerp_mode": "catmullrom"
						},
						"1.3333": [-5, 0, 0]
					},
					"position": {
						"0.0": [0, -0.27926, -0.02726],
						"0.3333": [0, -0.47626, -0.15224],
						"0.6667": [0, 0.19926, -0.12726],
						"1.25": [0, 0, 0],
						"1.2917": [0, -0.2, 0],
						"1.3333": [0, -0.27926, -0.02726]
					}
				},
				"leg_right": {
					"rotation": {
						"0.0": [5, 10, 0],
						"0.0833": [9.25, 10, 1.125],
						"0.2083": {
							"pre": [11.835, 9.35, 3.925],
							"post": [11.835, 9.35, 3.925],
							"lerp_mode": "catmullrom"
						},
						"0.3333": {
							"post": [0.84, 8.46, 4.225],
							"lerp_mode": "catmullrom"
						},
						"0.4583": {
							"post": [-17.15, 8.64, 2.525],
							"lerp_mode": "catmullrom"
						},
						"0.5833": [-22.275, 9.3, 0],
						"0.6667": [-23, 10, 0],
						"1.3333": [5, 10, 0]
					},
					"position": {
						"0.0": [-0.125, 0.105, 1.145],
						"0.0833": [-0.125, 0.155, 0.915],
						"0.1667": {
							"pre": [-0.1, 0.705, 0.335],
							"post": [-0.1, 0.705, 0.335],
							"lerp_mode": "catmullrom"
						},
						"0.2917": {
							"post": [-0.05, 0.94, -0.405],
							"lerp_mode": "catmullrom"
						},
						"0.5": {
							"post": [0.105, 0.87, -0.41],
							"lerp_mode": "catmullrom"
						},
						"0.5833": [0.2, 0.175, -0.925],
						"0.6667": [0.3, -0.75, -1.55],
						"1.0": [0.09, -0.24, -0.7],
						"1.3333": [-0.125, 0.105, 1.145]
					}
				},
				"foot_right": {
					"rotation": {
						"0.0": [3.5, 0, 0],
						"0.0833": [12, 0, 0],
						"0.25": {
							"pre": [19.31, 0, 0],
							"post": [19.31, 0, 0],
							"lerp_mode": "catmullrom"
						},
						"0.375": {
							"post": [19.62, 0, 0],
							"lerp_mode": "catmullrom"
						},
						"0.5": {
							"post": [0.18, 0, 0],
							"lerp_mode": "catmullrom"
						},
						"0.5833": [2.75, 0, 0],
						"0.6667": [23, 0, 0],
						"1.3333": [3.5, 0, 0]
					}
				}
			}
		},
		"animation.gorochu.battle_idle": {
			"loop": true,
			"animation_length": 2,
			"bones": {
				"body": {
					"rotation": [0, -65, 0]
				},
				"torso": {
					"rotation": [-2.5, "math.sin(q.anim_time*90*2)*6", 0],
					"position": [0, "0.05*math.sin(q.anim_time*90*4)*2", 0]
				},
				"head": {
					"rotation": ["-3.5333+math.sin(q.anim_time*90*4)*-4", "44.9454+math.sin(q.anim_time*90*2)*-6", -2.49762]
				},
				"mouth_closed": {
					"position": [0, 0, 1]
				},
				"eye_right": {
					"rotation": [0, 0, -5],
					"position": [-0.39848, -0.03486, 0]
				},
				"eye_left": {
					"rotation": [0, 0, 5],
					"position": [-0.39848, 0.03486, 0]
				},
				"arm_right": {
					"rotation": [-171.56232, -32.00161, 168.06656],
					"position": [-1.80765, "-1.1754+0.09*math.sin(q.anim_time*90*4)*2", -1.48093]
				},
				"arm_left": {
					"rotation": [-174.30183, 6.831, -168.36848],
					"position": [0.60333, "-1.2002+0.09*math.sin(q.anim_time*90*4)*2", -2.68529]
				},
				"leg_left": {
					"rotation": [0, -20, 0]
				},
				"mouth_smile": {
					"position": [0, 0, -1]
				},
				"eye_unamused_left": {
					"position": [0, 0, -1]
				},
				"eye_unamused_right": {
					"position": [0, 0, -1]
				},
				"fur_left": {
					"rotation": [0, 0, "math.sin(q.anim_time*90*4)*-3"]
				},
				"fur_right": {
					"rotation": [0, 0, "math.sin(q.anim_time*90*4)*3"]
				},
				"tail": {
					"rotation": ["15+math.sin(q.anim_time*90*2)*-6", "math.sin(q.anim_time*90*2)*-12", 0]
				},
				"tail_2": {
					"rotation": [25, "-20+math.sin(q.anim_time*90*2)*-12", 0]
				},
				"tail_3": {
					"rotation": [40, "-22.5+math.sin(q.anim_time*90*2)*-12", 0]
				},
				"tail_4": {
					"rotation": ["15+math.sin(q.anim_time*90*2)*-12", "-14.0761+math.sin(q.anim_time*90*2)*-24", -5.23619]
				},
				"furbottomright": {
					"rotation": [0, 0, "math.sin(q.anim_time*90*4)*4"]
				},
				"undefined": {
					"rotation": [0, -20, 0]
				},
				"leg_right": {
					"rotation": [0, "10+math.sin(q.anim_time*90*2)*6", 0],
					"position": [-1.40211, 0, 0.18459]
				},
				"foot_right": {
					"rotation": [0, "10+math.sin(q.anim_time*90*2)*-6", 0]
				}
			}
		},
		"animation.gorochu.ground_sleep": {
			"loop": true,
			"animation_length": 4,
			"bones": {
				"body": {
					"rotation": [90, 12.5, 0],
					"position": [0, -4, 2]
				},
				"torso": {
					"rotation": ["-2.5+math.sin(query.anim_time*90*0.5)*1.5", 0, 0],
					"position": [0, 0, 1.8],
					"scale": [1, 1, "1 +math.sin(query.anim_time * 90 * 1) * 0.05"]
				},
				"tail": {
					"rotation": ["-232.5-math.sin(query.anim_time*90+10*0.25)", 75, "-180+math.sin(query.anim_time*90*2)*0.5"],
					"position": [0, 0, -1]
				},
				"tail_2": {
					"rotation": ["70-math.sin(query.anim_time*90+10*0.25)", 0, 0]
				},
				"tail_3": {
					"rotation": ["60-math.sin(query.anim_time*90+10*0.25)", 0, 0]
				},
				"tail_4": {
					"rotation": ["20.4451-math.sin(query.anim_time*90+10*0.25)", 11.73837, 4.32707]
				},
				"head": {
					"rotation": ["-78.75+math.sin(query.anim_time*90)*1.5", -3.5, 9.5],
					"position": [1, 2.25, -1.5],
					"scale": [1, "1 +math.sin(query.anim_time * 90 * 1) * -0.05", 1]
				},
				"arm_right": {
					"rotation": [-90.51019, "-12.4997+math.sin(query.anim_time*90*0.5)*3", 125.06685],
					"position": [0, 1, -2]
				},
				"arm_left": {
					"rotation": [-90.76529, "12.4994-math.sin(query.anim_time*90*0.5)*3", -110.10027],
					"position": [1, 0, -2]
				},
				"leg_left": {
					"rotation": [-127.67592, 12.61208, 28.24289],
					"position": [0.25, -1, 1]
				},
				"eye_right": {
					"rotation": [0, 0, -10]
				},
				"eyelid_right2": {
					"position": [0, 0, -0.1]
				},
				"eye_left": {
					"rotation": [0, 0, 10]
				},
				"foot_left": {
					"rotation": [37.5, 0, 0],
					"position": [0, 0.5, -0.25]
				},
				"eye_closed_right": {
					"position": [0, 0, -1]
				},
				"eye_closed_left": {
					"position": [0, 0, -1]
				},
				"furbottomleft": {
					"rotation": [-55, 0, 0]
				},
				"furbottomright": {
					"rotation": [-55, 0, 0]
				},
				"undefined": {
					"rotation": [37.5, 0, 0],
					"position": [0, 0.5, -0.25]
				},
				"leg_right": {
					"rotation": [-129.50301, -17.87714, -18.1763],
					"position": [0, -1, 1.25]
				},
				"foot_right": {
					"rotation": [37.5, 0, 0],
					"position": [-0.25, 0, -0.5]
				},
				"mouth_closed": {
					"position": [0, 0, 1]
				},
				"mouth_upset": {
					"position": [0, 0, -1]
				}
			}
		},
		"animation.gorochu.blink": {
			"animation_length": 0.1667,
			"bones": {
				"eyelid_right2": {
					"position": {
						"0.0": [0, 0, -0.1],
						"0.125": [0, 0, -0.1],
						"0.1667": [0, 0, 0]
					}
				},
				"eye_closed_right": {
					"position": {
						"0.0": [0, 0, 0],
						"0.0833": [0, 0, -1]
					}
				},
				"eye_closed_left": {
					"position": {
						"0.0": [0, 0, 0],
						"0.0833": [0, 0, -1]
					}
				}
			}
		},
		"animation.gorochu.cry": {
			"animation_length": 1.15,
			"bones": {
				"head": {
					"rotation": {
						"0.0": {
							"post": [0, 0, 0],
							"lerp_mode": "catmullrom"
						},
						"0.25": {
							"post": [-15, 0, 0],
							"lerp_mode": "catmullrom"
						},
						"0.7": {
							"post": [-15, 0, 0],
							"lerp_mode": "catmullrom"
						},
						"1.15": {
							"post": [0, 0, 0],
							"lerp_mode": "catmullrom"
						}
					}
				},
				"mouth_closed": {
					"position": {
						"0.0": {
							"post": [0, 0, 0],
							"lerp_mode": "catmullrom"
						},
						"0.2": {
							"post": [0, 0, 0],
							"lerp_mode": "catmullrom"
						},
						"0.25": {
							"post": [0, 0, 0.2],
							"lerp_mode": "catmullrom"
						},
						"0.7": {
							"post": [0, 0, 0.2],
							"lerp_mode": "catmullrom"
						},
						"0.8": {
							"post": [0, 0, 0],
							"lerp_mode": "catmullrom"
						},
						"1.15": {
							"post": [0, 0, 0],
							"lerp_mode": "catmullrom"
						}
					}
				},
				"mouth_open1": {
					"position": {
						"0.0": [0, 0, 0],
						"0.8": [0, 0, 0]
					}
				},
				"mouth_open_shock": {
					"position": {
						"0.0": [0, 0, 0],
						"0.25": [0, 0, -1],
						"0.7": [0, 0, -1],
						"0.75": [0, 0, 1]
					}
				},
				"mouth_upset": {
					"position": [0, 0, 0]
				},
				"mouth_open": {
					"position": {
						"0.0": [0, 0, 0],
						"0.25": [0, 0, 0]
					}
				},
				"eye_unamused_right": {
					"position": {
						"0.0": [0, 0, 0],
						"0.25": [0, 0, -1],
						"0.8": [0, 0, -1],
						"0.85": [0, 0, 0]
					}
				},
				"eye_unamused_left": {
					"position": {
						"0.0": [0, 0, 0],
						"0.25": [0, 0, -1],
						"0.8": [0, 0, -1],
						"0.85": [0, 0, 0]
					}
				}
			},
			"sound_effects": {
				"0.0": {
					"effect": "pokemon.gorochu.cry"
				}
			}
		},
		"animation.gorochu.recoil": {
			"animation_length": 5,
			"bones": {
				"torso": {
					"rotation": {
						"0.0": [0, 0, 0],
						"0.0833": [-7.5776, -12.39423, 1.63554],
						"0.375": [0, 0, 0],
						"0.625": {
							"pre": [1.5, 0, 0],
							"post": [1.5, 0, 0],
							"lerp_mode": "catmullrom"
						},
						"1.125": {
							"post": [0, 0, 0],
							"lerp_mode": "catmullrom"
						},
						"1.5": [0, 0, 0]
					},
					"scale": {
						"0.0": [1, 1, 1],
						"0.0833": [0.85, 1.04, 0.94],
						"0.375": [1, 1, 1]
					}
				},
				"head": {
					"rotation": {
						"0.0": [0, 0, 0],
						"0.125": {
							"pre": [12.79362, -12.19908, -2.74715],
							"post": [12.79362, -12.19908, -2.74715],
							"lerp_mode": "catmullrom"
						},
						"0.25": {
							"post": [7.5, 0, 0],
							"lerp_mode": "catmullrom"
						},
						"0.375": [0, 0, 0]
					}
				},
				"eye_closed_right": {
					"position": {
						"0.0": [0, 0, 0],
						"0.0417": [0, 0, -1],
						"0.2083": [0, 0, -1],
						"0.375": [0, 0, 0]
					}
				},
				"eye_closed_left": {
					"position": {
						"0.0": [0, 0, 0],
						"0.0417": [0, 0, -1],
						"0.2083": [0, 0, -1],
						"0.375": [0, 0, 0]
					}
				},
				"arm_right": {
					"rotation": {
						"0.0": [0, 0, 0],
						"0.0417": [1.92902, -16.96141, 9.34199],
						"0.3333": {
							"pre": [0, -0.625, 10.8],
							"post": [0, -0.625, 10.8],
							"lerp_mode": "catmullrom"
						},
						"0.7917": {
							"post": [0, 0.075, 0],
							"lerp_mode": "catmullrom"
						},
						"1.25": {
							"post": [0, 0, 0],
							"lerp_mode": "catmullrom"
						},
						"1.5": [0, 0, 0]
					}
				},
				"arm_left": {
					"rotation": {
						"0.0": [0, 0, 0],
						"0.0417": [1.95691, 19.45997, -9.25277],
						"0.3333": {
							"pre": [0, 0.625, -10.8],
							"post": [0, 0.625, -10.8],
							"lerp_mode": "catmullrom"
						},
						"0.7917": {
							"post": [0, -0.075, 0],
							"lerp_mode": "catmullrom"
						},
						"1.25": {
							"post": [0, 0, 0],
							"lerp_mode": "catmullrom"
						},
						"1.5": [0, 0, 0]
					}
				}
			}
		},
		"animation.gorochu.quirk_smirk": {
			"animation_length": 5,
			"bones": {
				"torso": {
					"rotation": {
						"0.0": [0, 0, 0],
						"0.2917": {
							"pre": [0.9, -0.7277, 0],
							"post": [0.9, -0.7277, 0],
							"lerp_mode": "catmullrom"
						},
						"0.7917": {
							"post": [0.8, -2.25, 0],
							"lerp_mode": "catmullrom"
						},
						"1.25": {
							"post": [0, -3.925, 0],
							"lerp_mode": "catmullrom"
						},
						"3.3333": {
							"post": [0, -3.925, 0],
							"lerp_mode": "catmullrom"
						},
						"4.375": {
							"post": [0, -0.5, 0],
							"lerp_mode": "catmullrom"
						},
						"5.0": [0, 0, 0]
					}
				},
				"head": {
					"rotation": {
						"0.0": [0, 0, 0],
						"0.375": [2.74885, -2.1756, -0.50906],
						"0.875": {
							"pre": [0, -5.55, -1.3],
							"post": [0, -5.55, -1.3],
							"lerp_mode": "catmullrom"
						},
						"1.875": {
							"post": [0, -6.25, -1.475],
							"lerp_mode": "catmullrom"
						},
						"2.4583": {
							"post": [1.175, -8.57, -1.475],
							"lerp_mode": "catmullrom"
						},
						"3.5": {
							"post": [1.85436, -8.21395, -1.72056],
							"lerp_mode": "catmullrom"
						},
						"4.4167": {
							"post": [0, -0.7, 0],
							"lerp_mode": "catmullrom"
						},
						"5.0": [0, 0, 0]
					}
				},
				"mouth_smile": {
					"position": {
						"0.0": [0, 0, 0],
						"1.0833": [0, 0, 0.04],
						"1.125": [0, 0, -1],
						"3.2083": [0, 0, -1],
						"3.25": [0, 0, 0]
					}
				},
				"mouth_closed": {
					"position": {
						"0.0": [0, 0, 0],
						"1.0417": [0, 0, -0.04],
						"1.0833": [0, 0, 1],
						"3.25": [0, 0, 0]
					}
				},
				"eye_unamused_right": {
					"position": {
						"0.0": [0, 0, 0],
						"1.1667": [0, 0, -1],
						"3.25": [0, 0, -1.02],
						"3.2917": [0, 0, 0]
					}
				}
			}
		},
		"animation.gorochu.faint": {
			"animation_length": 3,
			"bones": {
				"body": {
					"rotation": {
						"0.0": [0, 0, 0],
						"1.4583": [0, 0, 0],
						"1.6667": [0, 0, 0],
						"1.9167": [82.5, 0, 0],
						"1.9583": [79.5, 0, 0],
						"2.0": [82.7, 0, 0],
						"2.0417": [81.65, 0, 0],
						"2.1667": [82.5, 0, 0]
					},
					"position": {
						"0.0": [0, 0, 0.75],
						"1.4583": [0, 0, 0.75],
						"1.6667": {
							"pre": [0, 0, 0.75],
							"post": [0, 0, 0.75],
							"lerp_mode": "catmullrom"
						},
						"1.7917": {
							"post": [0, -2.5, -9.25],
							"lerp_mode": "catmullrom"
						},
						"1.9167": [0, -3, -16.25],
						"1.9583": [0, -2.3, -16.25],
						"2.0": [0, -2.94, -16.25],
						"2.0417": [0, -2.15, -16.25],
						"2.0833": [0, -3.37, -16.25],
						"2.1667": [0, -4, -16.25]
					},
					"scale": {
						"0.0": [1, 1, 1],
						"1.9167": [1.1, 1, 0.9],
						"1.9583": [1, 1, 1]
					}
				},
				"torso": {
					"rotation": {
						"0.0": {
							"post": [6, 1, 0],
							"lerp_mode": "catmullrom"
						},
						"0.4583": {
							"post": [-5.3616, -4.44117, 4.48634],
							"lerp_mode": "catmullrom"
						},
						"0.8333": {
							"post": [-15.49818, -5.9546, 3.9204],
							"lerp_mode": "catmullrom"
						},
						"1.1667": {
							"post": [-4.76888, -9.92284, -11.14183],
							"lerp_mode": "catmullrom"
						},
						"1.5833": {
							"post": [-21.65595, -24.2969, -9.81637],
							"lerp_mode": "catmullrom"
						},
						"1.75": [-7.67865, -11.04265, -0.46996],
						"1.8333": [5.82466, -9.03977, 0.79158]
					},
					"position": [0, 0, 0]
				},
				"head": {
					"rotation": {
						"0.0": {
							"post": [-6.7664, 0.71468, -0.79083],
							"lerp_mode": "catmullrom"
						},
						"0.6667": {
							"post": [8.2336, 0.71468, -0.79083],
							"lerp_mode": "catmullrom"
						},
						"1.125": {
							"post": [15.7336, 0.71468, -0.79083],
							"lerp_mode": "catmullrom"
						},
						"1.6667": {
							"post": [-25.85657, -2.57695, 12.94653],
							"lerp_mode": "catmullrom"
						},
						"1.8333": [-69.43001, -4.26413, 12.79191],
						"1.9583": [-78.86184, -5.14849, 11.45987],
						"2.0": [-76.36184, -5.14849, 11.45987],
						"2.0417": [-81.36184, -5.14849, 11.45987],
						"2.125": [-78.86184, -5.14849, 11.45987],
						"2.25": [-81.36184, -5.14849, 11.45987],
						"2.75": [-82.36184, -5.14849, 11.45987]
					},
					"position": {
						"1.6667": [0, 0, 0],
						"1.7917": [0, 0, -1.75],
						"1.9583": [1.25724, 1.47908, -3.47529]
					}
				},
				"eye_closed_right": {
					"position": {
						"0.0": [0, 0, 0],
						"0.8333": [0, 0, -1]
					}
				},
				"eye_closed_left": {
					"position": {
						"0.0": [0, 0, 0],
						"0.8333": [0, 0, -1]
					}
				},
				"arm_right": {
					"rotation": {
						"0.0": [0, -7.5, 0],
						"0.4583": [0, -40, 0],
						"1.7917": [0, -7.5, 0],
						"2.0417": [2.89892, -7.24058, -1.28894],
						"2.0833": [2.87909, 2.74678, -0.78517]
					}
				},
				"arm_left": {
					"rotation": {
						"0.0": {
							"post": [1.91757, -4.6185, 9.92266],
							"lerp_mode": "catmullrom"
						},
						"0.5417": {
							"post": [1.91757, -4.6185, 9.92266],
							"lerp_mode": "catmullrom"
						},
						"1.0": {
							"post": [1.70107, 20.81652, 9.95895],
							"lerp_mode": "catmullrom"
						},
						"1.875": {
							"post": [6.53313, -16.58996, -10.30965],
							"lerp_mode": "catmullrom"
						},
						"2.0": [1.02927, 45.3866, 8.87396],
						"2.0417": [1.198, 52.8852, 9.0966],
						"2.0833": [1.0068, 41.63711, 8.81771],
						"2.125": [0.94904, 40.38734, 8.75619],
						"2.25": [0.88668, 35.38798, 8.65473]
					},
					"position": [0, 0, 1]
				},
				"tail": {
					"rotation": {
						"0.0": {
							"post": [-20, 0, 0],
							"lerp_mode": "catmullrom"
						},
						"0.5": {
							"post": [-12.34, 27.25, 0],
							"lerp_mode": "catmullrom"
						},
						"1.0417": {
							"post": [-12.5, 10, 0],
							"lerp_mode": "catmullrom"
						},
						"1.375": {
							"post": [2.5, -17.5, 0],
							"lerp_mode": "catmullrom"
						},
						"1.8333": {
							"post": [1.67, 10, 0],
							"lerp_mode": "catmullrom"
						},
						"1.875": {
							"post": [-16.23098, 12.91934, 1.62457],
							"lerp_mode": "catmullrom"
						},
						"2.0": {
							"post": [15, 10, 0],
							"lerp_mode": "catmullrom"
						},
						"3.0": {
							"post": [-70.31541, 0.59091, -3.40505],
							"lerp_mode": "catmullrom"
						}
					},
					"position": {
						"0.0": {
							"post": [0, 0, -0.5],
							"lerp_mode": "catmullrom"
						},
						"2.0": {
							"post": [0, 0, -0.5],
							"lerp_mode": "catmullrom"
						},
						"3.0": {
							"post": [-0.73729, -1.08282, -3.11656],
							"lerp_mode": "catmullrom"
						}
					}
				},
				"tail_2": {
					"rotation": {
						"0.0": {
							"post": [12.5, 8.66025, 0],
							"lerp_mode": "catmullrom"
						},
						"0.8333": {
							"post": [25, 18.66, 0],
							"lerp_mode": "catmullrom"
						},
						"1.6667": {
							"post": [20, -11.34, 0],
							"lerp_mode": "catmullrom"
						},
						"2.0417": {
							"post": [25, -1.34, 0],
							"lerp_mode": "catmullrom"
						},
						"3.0": {
							"post": [-5, -1.34, 0],
							"lerp_mode": "catmullrom"
						}
					}
				},
				"tail_3": {
					"rotation": {
						"0.0": {
							"post": [10, 12.99038, 0],
							"lerp_mode": "catmullrom"
						},
						"0.8333": {
							"post": [10, 27.99, 0],
							"lerp_mode": "catmullrom"
						},
						"1.75": {
							"post": [10, -29.51, 0],
							"lerp_mode": "catmullrom"
						},
						"2.125": {
							"post": [25, -2.01, 0],
							"lerp_mode": "catmullrom"
						},
						"3.0": {
							"post": [-12.5, -2.01, 0],
							"lerp_mode": "catmullrom"
						}
					}
				},
				"tail_4": {
					"rotation": {
						"0.0": {
							"post": [10, 12.99038, 0],
							"lerp_mode": "catmullrom"
						},
						"0.8333": {
							"post": [10, 27.99, 0],
							"lerp_mode": "catmullrom"
						},
						"1.75": {
							"post": [10, -29.51, 0],
							"lerp_mode": "catmullrom"
						},
						"2.125": {
							"post": [25, -2.01, 0],
							"lerp_mode": "catmullrom"
						},
						"3.0": {
							"post": [-12.5, -2.01, 0],
							"lerp_mode": "catmullrom"
						}
					}
				},
				"leg_right": {
					"rotation": {
						"0.0": [0, 10, 0],
						"0.625": {
							"pre": [2.56924, 9.6755, 12.68305],
							"post": [2.56924, 9.6755, 12.68305],
							"lerp_mode": "catmullrom"
						},
						"1.2083": {
							"post": [-1.59386, 9.88795, -13.02506],
							"lerp_mode": "catmullrom"
						},
						"1.4583": {
							"post": [0, 10, 0],
							"lerp_mode": "catmullrom"
						},
						"1.5833": {
							"post": [-7.5, 10, 0],
							"lerp_mode": "catmullrom"
						},
						"1.9583": {
							"post": [12.5, 10, 2.5],
							"lerp_mode": "catmullrom"
						},
						"2.5": [-12.5, 10, 2.5],
						"3.0": [-10, 10, 2.5]
					},
					"position": {
						"0.0": [0, -0.5, 0],
						"0.625": {
							"pre": [1.25, -0.75, 0],
							"post": [1.25, -0.75, 0],
							"lerp_mode": "catmullrom"
						},
						"1.2083": {
							"post": [-0.76, -0.5, 0],
							"lerp_mode": "catmullrom"
						},
						"1.5833": [0, -0.5, 0],
						"1.9583": [-0.5, -0.5, 0]
					}
				},
				"foot_right": {
					"rotation": {
						"0.0": [0, 5, 0],
						"0.625": {
							"pre": [-0.9669, 4.88539, -11.18419],
							"post": [-0.9669, 4.88539, -11.18419],
							"lerp_mode": "catmullrom"
						},
						"1.2083": {
							"post": [1.1135, 4.86576, 12.9045],
							"lerp_mode": "catmullrom"
						},
						"1.4583": {
							"post": [0, 5, 0],
							"lerp_mode": "catmullrom"
						},
						"1.625": [7.5, 5, 0],
						"1.7917": [-5, 5, 0],
						"2.2917": [15, 5, 0]
					}
				},
				"leg_left": {
					"rotation": {
						"0.0": {
							"post": [0, -10, 0],
							"lerp_mode": "catmullrom"
						},
						"0.5417": {
							"post": [0, -25, 0],
							"lerp_mode": "catmullrom"
						},
						"1.25": {
							"post": [-32.17296, -26.83298, -6.80117],
							"lerp_mode": "catmullrom"
						},
						"1.625": {
							"post": [-31.68361, -35.32674, -26.40005],
							"lerp_mode": "catmullrom"
						},
						"1.8333": {
							"post": [20.28356, -9.39129, -3.45118],
							"lerp_mode": "catmullrom"
						},
						"1.9583": {
							"post": [0, -10, 0],
							"lerp_mode": "catmullrom"
						},
						"2.0833": {
							"post": [-19.79333, -24.54144, -11.13425],
							"lerp_mode": "catmullrom"
						},
						"3.0": {
							"post": [-19.79333, -24.54144, -11.13425],
							"lerp_mode": "catmullrom"
						}
					},
					"position": {
						"0.0": [0, -0.5, 0],
						"0.5417": {
							"pre": [0, 2, 0],
							"post": [0, 2, 0],
							"lerp_mode": "catmullrom"
						},
						"1.25": {
							"post": [0, 1.69, 0.62],
							"lerp_mode": "catmullrom"
						},
						"1.7083": {
							"post": [0, 0.25, 2.25],
							"lerp_mode": "catmullrom"
						},
						"1.9167": [0, -0.5, 0]
					}
				},
				"foot_left": {
					"rotation": {
						"0.0": [0, -5, 0],
						"0.75": [17.5, -5, 0],
						"1.25": [7.5, -5, 0],
						"1.4583": [10, -5, 0],
						"1.5833": [5, -5, 0],
						"1.75": [25, -5, 0],
						"2.2917": [26.3619, -18.53374, -6.62467]
					}
				},
				"mouth_closed": {
					"position": {
						"0.0": [0, 0, 0],
						"0.5": [-0.00251, 0.00657, -0.0768],
						"0.5417": [0.07688, 0.0408, 0.9962]
					}
				},
				"mouth_open_shock": {
					"position": {
						"0.0": [0, 0, 0],
						"0.5": [0, 0, 0],
						"0.5417": [-0.07688, -0.0408, -0.9962],
						"2.0417": [-0.08, -0.04, -1],
						"2.0833": [-0.08, -0.04, 0]
					}
				},
				"mouth_upset": {
					"position": {
						"0.0": [0, 0, 0],
						"2.0833": [0, 0, -1]
					}
				}
			}
		},
		"animation.gorochu.physical": {
			"animation_length": 3.0417,
			"bones": {
				"body": {
					"rotation": {
						"0.0": [0, 0, 0],
						"0.1667": {
							"pre": [7.5, 0, 0],
							"post": [7.5, 0, 0],
							"lerp_mode": "catmullrom"
						},
						"0.9583": {
							"post": [7.61433, -9.82818, -1.3071],
							"lerp_mode": "catmullrom"
						},
						"1.1667": {
							"post": [7.67941, -12.30596, -1.64605],
							"lerp_mode": "catmullrom"
						},
						"1.375": {
							"post": [7.5, 0, 0],
							"lerp_mode": "catmullrom"
						},
						"2.625": {
							"post": [7.5, 0, 0],
							"lerp_mode": "catmullrom"
						},
						"3.0": [0, 0, 0]
					},
					"position": {
						"0.0": [0, 0, 0],
						"0.1667": {
							"pre": [0, -1, 0],
							"post": [0, -1, 0],
							"lerp_mode": "catmullrom"
						},
						"0.2917": {
							"post": [0, 8.93, -7.15],
							"lerp_mode": "catmullrom"
						},
						"0.5833": [0, 0, -23],
						"1.625": [0, 0.3, -23],
						"2.125": [0, 0.9, -23],
						"2.4583": {
							"pre": [0, 8.93, -7.15],
							"post": [0, 8.93, -7.15],
							"lerp_mode": "catmullrom"
						},
						"2.625": [0, 0, -3],
						"3.0": [0, 0, 0]
					}
				},
				"torso": {
					"rotation": {
						"0.0": [20, 0, 0],
						"0.125": {
							"pre": [50, 0, 0],
							"post": [50, 0, 0],
							"lerp_mode": "catmullrom"
						},
						"0.3333": {
							"post": [15, 0, 0],
							"lerp_mode": "catmullrom"
						},
						"0.5": {
							"post": [10, 0, 0],
							"lerp_mode": "catmullrom"
						},
						"0.7083": {
							"post": [14.91891, 0.1859, 0.63175],
							"lerp_mode": "catmullrom"
						},
						"1.25": {
							"post": [-12.58109, 0.1859, 0.63175],
							"lerp_mode": "catmullrom"
						},
						"1.375": {
							"post": [27.41891, 0.1859, 0.63175],
							"lerp_mode": "catmullrom"
						},
						"1.9167": {
							"post": [19.91891, 0.1859, 0.63175],
							"lerp_mode": "catmullrom"
						},
						"2.0833": {
							"post": [29.91891, 0.1859, 0.63175],
							"lerp_mode": "catmullrom"
						},
						"2.5417": {
							"post": [-0.08109, 0.1859, 0.63175],
							"lerp_mode": "catmullrom"
						},
						"3.0": {
							"post": [20, 0, 0],
							"lerp_mode": "catmullrom"
						}
					},
					"position": {
						"0.0": [0, 0, 0],
						"1.7917": [0, 0, 0],
						"1.9583": {
							"pre": [0.00192, -0.99115, -0.13271],
							"post": [0.00192, -0.99115, -0.13271],
							"lerp_mode": "catmullrom"
						},
						"2.25": [0, 0, 0]
					}
				},
				"head": {
					"rotation": {
						"0.0": [-17.5, 0, 0],
						"0.2083": {
							"pre": [15, 0, 0],
							"post": [15, 0, 0],
							"lerp_mode": "catmullrom"
						},
						"0.4167": {
							"post": [-12.5, 0, 0],
							"lerp_mode": "catmullrom"
						},
						"0.9583": {
							"post": [17.77, 0, 0],
							"lerp_mode": "catmullrom"
						},
						"1.1667": {
							"post": [-27.58, 0, 0],
							"lerp_mode": "catmullrom"
						},
						"1.5": {
							"post": [17.5, 0, 0],
							"lerp_mode": "catmullrom"
						},
						"1.8333": {
							"post": [-17.5, 0, 0],
							"lerp_mode": "catmullrom"
						},
						"2.0417": {
							"post": [-2.5, 0, 0],
							"lerp_mode": "catmullrom"
						},
						"2.25": {
							"post": [10, 0, 0],
							"lerp_mode": "catmullrom"
						},
						"2.4167": {
							"post": [17.5, 0, 0],
							"lerp_mode": "catmullrom"
						},
						"2.5833": {
							"post": [12.5, 0, 0],
							"lerp_mode": "catmullrom"
						},
						"3.0": {
							"post": [-17.5, 0, 0],
							"lerp_mode": "catmullrom"
						}
					}
				},
				"mouth_open_shock": {
					"position": [0, 0, 0]
				},
				"mouth_open1": {
					"position": [0, 0, 0]
				},
				"mouth_smile": {
					"position": {
						"0.0": [0, -0.04362, -0.00095],
						"0.5833": [0, -0.04362, -0.00095],
						"0.625": {"pre": [0, -0.04362, -0.00095], "post": [0, -0.04, -1]},
						"1.3333": {"pre": [0, -0.04, -1], "post": [0, -0.04, 0]},
						"1.875": {"pre": [0, -0.04, 0], "post": [0, -0.04, 0]}
					}
				},
				"mouth_closed": {
					"position": {
						"0.0": [0, 0, 0],
						"0.625": {"pre": [0, 0, 0], "post": [0, 0, 1]},
						"1.3333": {"pre": [0, 0, 1], "post": [0, 0, 0]},
						"3.0417": {"pre": [0, 0, 0], "post": [0, 0, 0]}
					}
				},
				"mouth_upset": {
					"position": {
						"0.0": [0, 0, 0],
						"1.875": [0, 0, 0]
					}
				},
				"mouth_open": {
					"position": {
						"0.0": [0, 0, 1],
						"1.875": [0, 0, 0]
					}
				},
				"eye_closed_right": {
					"position": {
						"0.0": [0, 0, 0],
						"1.3333": [0, 0, -1],
						"1.8333": {"pre": [0, 0, -1], "post": [0, 0, 0]}
					}
				},
				"eye_unamused_left": {
					"position": {
						"0.0": [0, 0, 0],
						"0.5833": [0, 0, 0],
						"0.625": {"pre": [0, 0, 0], "post": [0, 0, -1]},
						"1.3333": {"pre": [0, 0, -1], "post": [0, 0, 0]}
					}
				},
				"eye_closed_left": {
					"position": {
						"0.0": [0, 0, 0],
						"1.3333": [0, 0, -1],
						"1.8333": {"pre": [0, 0, -1], "post": [0, 0, 0]}
					}
				},
				"arm_right": {
					"rotation": {
						"0.0": [0, -30, -40],
						"0.2917": {
							"pre": [6.81673, -29.26604, -53.73888],
							"post": [6.81673, -29.26604, -53.73888],
							"lerp_mode": "catmullrom"
						},
						"0.4167": {
							"post": [-26.49107, 12.72461, 10.62958],
							"lerp_mode": "catmullrom"
						},
						"0.625": {
							"post": [5.41586, -29.53247, -50.88561],
							"lerp_mode": "catmullrom"
						},
						"0.7917": {
							"post": [5.71942, -34.50893, -51.45758],
							"lerp_mode": "catmullrom"
						},
						"0.9167": {
							"post": [6.60601, -44.45173, -52.84671],
							"lerp_mode": "catmullrom"
						},
						"1.0833": {
							"post": [7.96622, -53.60124, -54.63873],
							"lerp_mode": "catmullrom"
						},
						"1.1667": {
							"post": [7.96622, -53.60124, -54.63873],
							"lerp_mode": "catmullrom"
						},
						"1.375": {
							"post": [3.97037, -2.89217, -28.36865],
							"lerp_mode": "catmullrom"
						},
						"1.5417": {
							"post": [3.9654, -0.39816, -28.1956],
							"lerp_mode": "catmullrom"
						},
						"2.0833": [3.9654, -0.39816, -28.1956],
						"2.3333": {
							"pre": [4.40889, -36.92773, -32.26359],
							"post": [4.40889, -36.92773, -32.26359],
							"lerp_mode": "catmullrom"
						},
						"2.5417": {
							"post": [-2.92612, -21.39696, -9.47726],
							"lerp_mode": "catmullrom"
						},
						"2.7917": {
							"post": [5.91673, -25.62563, -38.0087],
							"lerp_mode": "catmullrom"
						},
						"3.0": [0, -30, -40]
					}
				},
				"arm_left": {
					"rotation": {
						"0.0": [0, 30, 40],
						"0.2917": {
							"pre": [6.81673, 29.26604, 53.73888],
							"post": [6.81673, 29.26604, 53.73888],
							"lerp_mode": "catmullrom"
						},
						"0.4167": {
							"post": [-26.49107, -12.72461, -10.62958],
							"lerp_mode": "catmullrom"
						},
						"0.625": {
							"post": [5.41586, 29.53247, 50.88561],
							"lerp_mode": "catmullrom"
						},
						"0.7917": {
							"post": [5.71942, 34.50893, 51.45758],
							"lerp_mode": "catmullrom"
						},
						"0.9167": {
							"post": [6.60601, 44.45173, 52.84671],
							"lerp_mode": "catmullrom"
						},
						"1.0833": {
							"post": [7.96622, 53.60124, 54.63873],
							"lerp_mode": "catmullrom"
						},
						"1.1667": {
							"post": [7.96622, 53.60124, 54.63873],
							"lerp_mode": "catmullrom"
						},
						"1.375": {
							"post": [3.97037, 2.89217, 28.36865],
							"lerp_mode": "catmullrom"
						},
						"1.5417": {
							"post": [3.9654, 0.39816, 28.1956],
							"lerp_mode": "catmullrom"
						},
						"2.0833": [3.9654, 0.39816, 28.1956],
						"2.3333": {
							"pre": [4.40889, 36.92773, 32.26359],
							"post": [4.40889, 36.92773, 32.26359],
							"lerp_mode": "catmullrom"
						},
						"2.5417": {
							"post": [-2.92612, 21.39696, 9.47726],
							"lerp_mode": "catmullrom"
						},
						"2.7917": {
							"post": [5.91673, 25.62563, 38.0087],
							"lerp_mode": "catmullrom"
						},
						"3.0": [0, 30, 40]
					}
				},
				"tail": {
					"rotation": {
						"0.0": [0.22678, 1.78282, -0.37073],
						"0.2083": {
							"pre": [-37.27322, 1.78282, -0.37073],
							"post": [-37.27322, 1.78282, -0.37073],
							"lerp_mode": "catmullrom"
						},
						"0.375": {
							"post": [10.22678, 1.78282, -0.37073],
							"lerp_mode": "catmullrom"
						},
						"0.5": {
							"post": [24.28936, 1.78282, -0.37073],
							"lerp_mode": "catmullrom"
						},
						"0.7083": {
							"post": [-9.1866, 1.78282, -0.37073],
							"lerp_mode": "catmullrom"
						},
						"0.9583": {
							"post": [18.3134, 1.78282, -0.37073],
							"lerp_mode": "catmullrom"
						},
						"1.25": {
							"post": [-2.99283, 1.78282, -0.37073],
							"lerp_mode": "catmullrom"
						},
						"1.5833": {
							"post": [-20.41152, 1.78282, -0.37073],
							"lerp_mode": "catmullrom"
						},
						"1.8333": [-21.2822, 1.78282, -0.37073],
						"2.0": [-20.74574, 1.78282, -0.37073],
						"2.4167": {
							"pre": [22.55483, 1.78282, -0.37073],
							"post": [22.55483, 1.78282, -0.37073],
							"lerp_mode": "catmullrom"
						},
						"2.7917": {
							"post": [-2.79907, 1.78282, -0.37073],
							"lerp_mode": "catmullrom"
						},
						"3.0": [0.22678, 1.78282, -0.37073]
					}
				},
				"tail_2": {
					"rotation": {
						"0.0": [22.5, 0, 0],
						"0.2083": {
							"pre": [35, 0, 0],
							"post": [35, 0, 0],
							"lerp_mode": "catmullrom"
						},
						"0.375": {
							"post": [0, 0, 0],
							"lerp_mode": "catmullrom"
						},
						"0.5833": {
							"post": [30, 0, 0],
							"lerp_mode": "catmullrom"
						},
						"0.875": {
							"post": [10.66147, 6.31163, 7.505],
							"lerp_mode": "catmullrom"
						},
						"1.125": {
							"post": [25.56937, 6.31199, 7.50543],
							"lerp_mode": "catmullrom"
						},
						"1.3333": {
							"post": [34.01548, 6.31201, 7.50545],
							"lerp_mode": "catmullrom"
						},
						"1.6667": {
							"post": [20.5981, 6.31199, 7.50543],
							"lerp_mode": "catmullrom"
						},
						"2.0833": [4.24211, 3.94386, 4.6904],
						"2.2917": {
							"pre": [33.49416, 3.74106, 4.44921],
							"post": [33.49416, 3.74106, 4.44921],
							"lerp_mode": "catmullrom"
						},
						"2.5833": {
							"post": [31.6146, 2.2508, 2.67686],
							"lerp_mode": "catmullrom"
						},
						"2.75": {
							"post": [17.56329, 0.97704, 1.16199],
							"lerp_mode": "catmullrom"
						},
						"3.0": [22.5, 0, 0]
					}
				},
				"tail_3": {
					"rotation": {
						"0.0": [32.5, 0, 0],
						"0.2083": {
							"pre": [45, 0, 0],
							"post": [45, 0, 0],
							"lerp_mode": "catmullrom"
						},
						"0.375": {
							"post": [-17.5, 0, 0],
							"lerp_mode": "catmullrom"
						},
						"0.5417": {
							"post": [35, 0, 0],
							"lerp_mode": "catmullrom"
						},
						"0.7083": {
							"post": [42.5, 0, 0],
							"lerp_mode": "catmullrom"
						},
						"0.9167": {
							"post": [22.5, 0, 0],
							"lerp_mode": "catmullrom"
						},
						"1.0417": {
							"post": [25, 0, 0],
							"lerp_mode": "catmullrom"
						},
						"1.2083": {
							"post": [20, 0, 0],
							"lerp_mode": "catmullrom"
						},
						"1.4167": {
							"post": [37.5, 0, 0],
							"lerp_mode": "catmullrom"
						},
						"1.5833": {
							"post": [42.5, 0, 0],
							"lerp_mode": "catmullrom"
						},
						"1.75": {
							"post": [27.5, 0, 0],
							"lerp_mode": "catmullrom"
						},
						"2.0417": [27.39, 0, 0],
						"2.375": {
							"pre": [51.59, 0, 0],
							"post": [51.59, 0, 0],
							"lerp_mode": "catmullrom"
						},
						"2.7083": {
							"post": [30.97, 0, 0],
							"lerp_mode": "catmullrom"
						},
						"2.875": {
							"post": [24.34, 0, 0],
							"lerp_mode": "catmullrom"
						},
						"3.0": [32.5, 0, 0]
					}
				},
				"tail_4": {
					"rotation": {
						"0.0": [30, 0, 0],
						"0.25": {
							"pre": [60, 0, 0],
							"post": [60, 0, 0],
							"lerp_mode": "catmullrom"
						},
						"0.4167": {
							"post": [-42.5, 0, 0],
							"lerp_mode": "catmullrom"
						},
						"0.5833": {
							"post": [18.90262, -1.06352, 1.12777],
							"lerp_mode": "catmullrom"
						},
						"0.7917": {
							"post": [43.90262, -1.06352, 1.12777],
							"lerp_mode": "catmullrom"
						},
						"1.0": {
							"post": [24.83847, -1.06352, 1.12777],
							"lerp_mode": "catmullrom"
						},
						"1.25": {
							"post": [19.90276, -1.06352, 1.12777],
							"lerp_mode": "catmullrom"
						},
						"1.4583": {
							"post": [39.33967, -1.06352, 1.12777],
							"lerp_mode": "catmullrom"
						},
						"1.625": {
							"post": [41.83967, -1.06352, 1.12777],
							"lerp_mode": "catmullrom"
						},
						"1.7917": {
							"post": [21.83967, -1.06352, 1.12777],
							"lerp_mode": "catmullrom"
						},
						"1.9583": {
							"post": [24.33967, -1.06352, 1.12777],
							"lerp_mode": "catmullrom"
						},
						"2.375": {
							"post": [34.365, -0.62025, 0.65772],
							"lerp_mode": "catmullrom"
						},
						"2.5833": {
							"post": [43.64767, -0.38156, 0.40461],
							"lerp_mode": "catmullrom"
						},
						"2.8333": {
							"post": [3.72729, -0.33125, 0.35126],
							"lerp_mode": "catmullrom"
						},
						"3.0": [30, 0, 0]
					}
				},
				"leg_right": {
					"rotation": {
						"0.0": [0, 12.5, 0],
						"0.2917": {
							"pre": [69.21239, 12.5, 0],
							"post": [69.21239, 12.5, 0],
							"lerp_mode": "catmullrom"
						},
						"0.4583": {
							"post": [-36.16814, 12.5, 0],
							"lerp_mode": "catmullrom"
						},
						"0.5833": {
							"post": [0, 12.5, 0],
							"lerp_mode": "catmullrom"
						},
						"1.375": {
							"post": [0, 12.5, 0],
							"lerp_mode": "catmullrom"
						},
						"3.0": [0, 12.5, 0]
					},
					"position": {
						"0.0": [0, 0, 0],
						"0.125": {
							"pre": [0, 1.27, 0],
							"post": [0, 1.27, 0],
							"lerp_mode": "catmullrom"
						},
						"0.1667": {
							"post": [0, 1, 0],
							"lerp_mode": "catmullrom"
						},
						"0.4167": {
							"post": [0, 0, 0],
							"lerp_mode": "catmullrom"
						},
						"0.5833": {
							"post": [0, -0.11, 0],
							"lerp_mode": "catmullrom"
						},
						"1.375": [0, 0, 0],
						"1.7917": [0.00128, -0.5945, -0.08104],
						"2.0": [0, 0, 0],
						"2.1667": [0, -1.88, -0.27],
						"3.0": [0, 0, 0]
					}
				},
				"foot_right": {
					"rotation": {
						"0.0": [0, 0, 0],
						"0.125": {
							"pre": [-16.69492, -0.36598, -2.81988],
							"post": [-16.69492, -0.36598, -2.81988],
							"lerp_mode": "catmullrom"
						},
						"0.6667": {
							"post": [-7.49762, -0.10901, -2.49762],
							"lerp_mode": "catmullrom"
						},
						"2.1667": [-7.49762, -0.10901, -2.49762],
						"2.3333": [-5.88988, -0.1576, -3.0613],
						"2.75": [-8.10878, -0.04641, -0.90146],
						"3.0": [0, 0, 0]
					},
					"position": {
						"0.0": [0, 0, 0],
						"0.6667": {
							"pre": [0, -0.2, 0],
							"post": [0, -0.2, 0],
							"lerp_mode": "catmullrom"
						},
						"2.1667": [0, -0.2, 0],
						"3.0": [0, 0, 0]
					}
				},
				"leg_left": {
					"rotation": {
						"0.0": [0, -12.5, 0],
						"0.2917": {
							"pre": [69.21239, -12.5, 0],
							"post": [69.21239, -12.5, 0],
							"lerp_mode": "catmullrom"
						},
						"0.4583": {
							"post": [-36.16814, -12.5, 0],
							"lerp_mode": "catmullrom"
						},
						"0.5833": {
							"post": [0, -12.5, 0],
							"lerp_mode": "catmullrom"
						},
						"1.25": {
							"post": [0, -20, 0],
							"lerp_mode": "catmullrom"
						},
						"1.375": {
							"post": [0, -12.5, 0],
							"lerp_mode": "catmullrom"
						},
						"3.0": [0, -12.5, 0]
					},
					"position": {
						"0.0": [0, 0, 0],
						"0.125": {
							"pre": [0, 1.27, 0],
							"post": [0, 1.27, 0],
							"lerp_mode": "catmullrom"
						},
						"0.1667": {
							"post": [0, 1, 0],
							"lerp_mode": "catmullrom"
						},
						"0.4167": {
							"post": [0, 0, 0],
							"lerp_mode": "catmullrom"
						},
						"0.5833": {
							"post": [0, -0.11, 0],
							"lerp_mode": "catmullrom"
						},
						"0.9167": {
							"post": [0, 1, 0],
							"lerp_mode": "catmullrom"
						},
						"1.25": {
							"post": [0, 2, 0],
							"lerp_mode": "catmullrom"
						},
						"1.375": [0, -0.09914, -0.01305],
						"1.7917": [0.00106, -0.52542, -0.06753],
						"2.0": [0, 0, 0],
						"2.1667": [0, -1.88, -0.27],
						"3.0": [0, 0, 0]
					}
				},
				"foot_left": {
					"rotation": {
						"0.0": [0, 0, 0],
						"0.125": {
							"pre": [-16.69492, 0.36598, 2.81988],
							"post": [-16.69492, 0.36598, 2.81988],
							"lerp_mode": "catmullrom"
						},
						"0.6667": {
							"post": [-7.49762, 0.10901, 2.49762],
							"lerp_mode": "catmullrom"
						},
						"2.1667": [-7.49762, 0.10901, 2.49762],
						"2.3333": [-5.88988, 0.1576, 3.0613],
						"2.75": [-8.10878, 0.04641, 0.90146],
						"3.0": [0, 0, 0]
					},
					"position": {
						"0.0": [0, 0, 0],
						"0.6667": {
							"pre": [0, -0.2, 0],
							"post": [0, -0.2, 0],
							"lerp_mode": "catmullrom"
						},
						"2.1667": [0, -0.2, 0],
						"3.0": [0, 0, 0]
					}
				}
			}
		},
		"animation.gorochu.special": {
			"animation_length": 3,
			"bones": {
				"torso": {
					"rotation": {
						"0.0": [0, 0, 0],
						"1.0417": {
							"pre": [-20, 0, 0],
							"post": [-20, 0, 0],
							"lerp_mode": "catmullrom"
						},
						"1.25": {
							"post": [27.5, 0, 0],
							"lerp_mode": "catmullrom"
						},
						"3.0": [0, 0, 0]
					},
					"position": {
						"0.0": [0, 0, 0],
						"1.0417": [0, 1, 0],
						"1.25": [0, "0+math.sin(query.anim_time*90*500-20)*0.2 ", 0],
						"3.0": [0, 0, 0]
					}
				},
				"head": {
					"rotation": {
						"0.0": [0, 0, 0],
						"0.5417": {
							"pre": [-10, 0, 0],
							"post": [-10, 0, 0],
							"lerp_mode": "catmullrom"
						},
						"0.7917": {
							"post": [-17.5, 0, 0],
							"lerp_mode": "catmullrom"
						},
						"1.3333": {
							"post": [7.5, 0, 0],
							"lerp_mode": "catmullrom"
						},
						"2.0": {
							"post": [10, 0, 0],
							"lerp_mode": "catmullrom"
						},
						"2.5833": {
							"post": [-15, 0, 0],
							"lerp_mode": "catmullrom"
						},
						"3.0": [0, 0, 0]
					}
				},
				"mouth_smile": {
					"position": {
						"0.0": [0, 0, 0],
						"2.2917": [0, 0, -1],
						"3.0": {"pre": [0, 0, -1], "post": [0, 0, 0]}
					}
				},
				"mouth_closed": {
					"rotation": [0, 0, 0],
					"position": {
						"0.0": [0, 0, 0],
						"0.5417": {"pre": [0, 0, 0], "post": [0, 0, 1]},
						"1.1667": {"pre": [0, 0, 1], "post": [0, 0, 0]},
						"2.25": {"pre": [0, 0, 0], "post": [0, 0, 1]},
						"2.625": {"pre": [0, 0, 1], "post": [0, 0, 1]},
						"3.0": {"pre": [0, 0, 1], "post": [0, 0, 0]}
					}
				},
				"mouth_upset": {
					"position": [0, 0, 0]
				},
				"mouth_open": {
					"position": [0, 0, 0]
				},
				"eye_closed_right": {
					"position": {
						"0.0": [0, 0, 0],
						"1.2917": [0, 0, -1.025],
						"2.25": {"pre": [0, 0, -1.025], "post": [0, 0, -0.03]}
					}
				},
				"eye_closed_left": {
					"position": {
						"0.0": [0, 0, 0],
						"1.2917": [0, 0, -1.025],
						"2.25": {"pre": [0, 0, -1.025], "post": [0, 0, -0.03]}
					}
				},
				"arm_right": {
					"rotation": {
						"0.0": [0, 0, 0],
						"1.0": {
							"pre": [0, 0, 32.5],
							"post": [0, 0, 32.5],
							"lerp_mode": "catmullrom"
						},
						"1.2917": {
							"post": [0, -45, -40],
							"lerp_mode": "catmullrom"
						},
						"2.0833": {
							"post": [0, -47.5, -40],
							"lerp_mode": "catmullrom"
						},
						"2.4167": {
							"post": [0, -22.5, -22.5],
							"lerp_mode": "catmullrom"
						},
						"3.0": [0, 0, 0]
					}
				},
				"arm_left": {
					"rotation": {
						"0.0": [0, 0, 0],
						"1.0": {
							"pre": [0, 0, -32.5],
							"post": [0, 0, -32.5],
							"lerp_mode": "catmullrom"
						},
						"1.2917": {
							"post": [0, 45, 40],
							"lerp_mode": "catmullrom"
						},
						"2.0833": {
							"post": [0, 47.5, 40],
							"lerp_mode": "catmullrom"
						},
						"2.4167": {
							"post": [0, 22.5, 22.5],
							"lerp_mode": "catmullrom"
						},
						"3.0": [0, 0, 0]
					}
				},
				"tail": {
					"rotation": {
						"0.0": [12.5, 0, 0],
						"0.5": {
							"pre": [27.5, 0, 0],
							"post": [27.5, 0, 0],
							"lerp_mode": "catmullrom"
						},
						"1.0": {
							"post": [5, 0, 0],
							"lerp_mode": "catmullrom"
						},
						"1.2917": {
							"post": [25, 0, 0],
							"lerp_mode": "catmullrom"
						},
						"1.5417": {
							"post": [22.5, 0, 0],
							"lerp_mode": "catmullrom"
						},
						"3.0": [12.5, 0, 0]
					}
				},
				"tail_2": {
					"rotation": {
						"0.0": [25, 0, 0],
						"0.3333": {
							"pre": [10, 0, 0],
							"post": [10, 0, 0],
							"lerp_mode": "catmullrom"
						},
						"0.625": {
							"post": [27.5, 0, 0],
							"lerp_mode": "catmullrom"
						},
						"0.9583": {
							"post": [10, 0, 0],
							"lerp_mode": "catmullrom"
						},
						"1.2083": {
							"post": [7.5, 0, 0],
							"lerp_mode": "catmullrom"
						},
						"1.375": {
							"post": [50, 0, 0],
							"lerp_mode": "catmullrom"
						},
						"2.3333": {
							"post": [19.61, 0, 0],
							"lerp_mode": "catmullrom"
						},
						"3.0": [25, 0, 0]
					}
				},
				"tail_3": {
					"rotation": {
						"0.0": [17.40118, -1.506, 0.89234],
						"0.7083": {
							"pre": [29.9, -1.51, 0.89],
							"post": [29.9, -1.51, 0.89],
							"lerp_mode": "catmullrom"
						},
						"0.9583": {
							"post": [2.4, -1.51, 0.89],
							"lerp_mode": "catmullrom"
						},
						"1.1667": {
							"post": [-7.6, -1.51, 0.89],
							"lerp_mode": "catmullrom"
						},
						"1.375": {
							"post": [19.9, -1.51, 0.89],
							"lerp_mode": "catmullrom"
						},
						"1.9167": {
							"post": [24.9, -1.51, 0.89],
							"lerp_mode": "catmullrom"
						},
						"2.5417": {
							"post": [12.4, -1.51, 0.89],
							"lerp_mode": "catmullrom"
						},
						"3.0": [17.40118, -1.506, 0.89234]
					}
				},
				"tail_4": {
					"rotation": {
						"0.0": [15, 0, 0],
						"0.5833": {
							"pre": [40, 0, 0],
							"post": [40, 0, 0],
							"lerp_mode": "catmullrom"
						},
						"0.875": {
							"post": [42.5, 0, 0],
							"lerp_mode": "catmullrom"
						},
						"1.2083": {
							"post": [-22.5, 0, 0],
							"lerp_mode": "catmullrom"
						},
						"1.4167": {
							"post": [30, 0, 0],
							"lerp_mode": "catmullrom"
						},
						"1.7083": {
							"post": [22.5, 0, 0],
							"lerp_mode": "catmullrom"
						},
						"3.0": [15, 0, 0]
					}
				},
				"leg_right": {
					"rotation": {
						"0.0": [0, 0, 0],
						"0.9583": {
							"pre": [0, 22.5, 0],
							"post": [0, 22.5, 0],
							"lerp_mode": "catmullrom"
						},
						"1.1667": {
							"post": [0, 0, 0],
							"lerp_mode": "catmullrom"
						}
					},
					"position": {
						"0.0": [0, 0, 0],
						"0.9583": {
							"pre": [-1, 0, 0],
							"post": [-1, 0, 0],
							"lerp_mode": "catmullrom"
						},
						"1.1667": {
							"post": [0, 0, 0],
							"lerp_mode": "catmullrom"
						}
					}
				},
				"leg_left": {
					"rotation": {
						"0.0": [0, 0, 0],
						"0.9583": {
							"pre": [0, -22.5, 0],
							"post": [0, -22.5, 0],
							"lerp_mode": "catmullrom"
						},
						"1.1667": {
							"post": [0, 0, 0],
							"lerp_mode": "catmullrom"
						}
					},
					"position": {
						"0.0": [0, 0, 0],
						"0.9583": {
							"pre": [1, 0, 0],
							"post": [1, 0, 0],
							"lerp_mode": "catmullrom"
						},
						"1.1667": {
							"post": [0, 0, 0],
							"lerp_mode": "catmullrom"
						}
					}
				},
				"mouth_open1": {
					"position": {
						"0.0": [0, 0, 0],
						"0.5417": [0, 0, -1],
						"1.1667": {"pre": [0, 0, -1], "post": [0, 0, 0.8]}
					}
				}
			}
		},
		"animation.gorochu.status": {
			"animation_length": 3,
			"bones": {
				"torso": {
					"rotation": {
						"0.0": [0, 0, 0],
						"0.875": {
							"pre": [-10, 0, -10],
							"post": [-10, 0, -10],
							"lerp_mode": "catmullrom"
						},
						"1.0833": {
							"post": [12.5, 0, 0],
							"lerp_mode": "catmullrom"
						},
						"2.1667": {
							"post": [10, 0, 0],
							"lerp_mode": "catmullrom"
						},
						"3.0": [0, 0, 0]
					},
					"position": {
						"0.0": [0, 0, 0],
						"0.875": [0, 0, 0],
						"1.0833": [0, "0+math.sin(query.anim_time*90*250-20)*0.2 ", 0],
						"2.125": [0, "0+math.sin(query.anim_time*90*0-89)*0", 0]
					}
				},
				"head": {
					"rotation": {
						"0.0": [0, 0, 0],
						"0.375": {
							"pre": [10, 0, 0],
							"post": [10, 0, 0],
							"lerp_mode": "catmullrom"
						},
						"1.0": {
							"post": [-15, 0, 0],
							"lerp_mode": "catmullrom"
						},
						"2.0": [-15, 0, 0],
						"3.0": [0, 0, 0]
					}
				},
				"mouth_open1": {
					"position": {
						"0.0": [0, 0, 0],
						"1.0": [0, 0, -1],
						"2.125": {"pre": [0, 0, -1], "post": [0, 0, 0]}
					}
				},
				"mouth_closed": {
					"position": {
						"0.0": [0, 0, 0],
						"1.0": {"pre": [0, 0, 0], "post": [0, 0, 1]},
						"2.125": {"pre": [0, 0, 1], "post": [0, 0, 0]}
					}
				},
				"mouth_open": {
					"position": {
						"0.0": [0, 0, 0],
						"2.125": {"pre": [0, 0, 0], "post": [0, -0.01453, 0.79968]}
					}
				},
				"eye_unamused_right": {
					"position": {
						"0.0": [0, 0, 0],
						"1.0": [0, 0, -1],
						"2.125": {"pre": [0, 0, -1], "post": [0, 0, 0]}
					}
				},
				"eye_unamused_left": {
					"position": {
						"0.0": [0, 0, 0],
						"1.0": [0, 0, -1],
						"2.125": {"pre": [0, 0, -1], "post": [0, 0, 0]}
					}
				},
				"arm_right": {
					"rotation": {
						"0.0": [46.67563, -54.60686, -139.2654],
						"0.4583": {
							"pre": [22.467, 0, 16.02798],
							"post": [22.467, 0, 16.02798],
							"lerp_mode": "catmullrom"
						},
						"0.875": {
							"post": [0, 0, 20],
							"lerp_mode": "catmullrom"
						},
						"1.0833": {
							"post": [0, 0, -45],
							"lerp_mode": "catmullrom"
						},
						"2.0": [0, 0, -45],
						"2.9583": [46.67563, -54.60686, -139.2654]
					},
					"position": {
						"0.0": [-2, 0, 0],
						"0.4583": [0, 0, 0],
						"2.0": [0, 0, 0],
						"2.9583": [-2, 0, 0]
					}
				},
				"arm_left": {
					"rotation": {
						"0.0": [46.67563, 54.60686, 139.2654],
						"0.4583": {
							"pre": [22.467, 0, -16.02798],
							"post": [22.467, 0, -16.02798],
							"lerp_mode": "catmullrom"
						},
						"0.875": {
							"post": [0, 0, -20],
							"lerp_mode": "catmullrom"
						},
						"1.0833": {
							"post": [0, 0, 45],
							"lerp_mode": "catmullrom"
						},
						"2.0": [0, 0, 45],
						"2.9583": [46.67563, 54.60686, 139.2654]
					},
					"position": {
						"0.0": [2, 0, 0],
						"0.4583": [0, 0, 0],
						"2.0": [0, 0, 0],
						"2.9583": [2, 0, 0]
					}
				},
				"tail": {
					"rotation": {
						"0.0": [22.5, 0, 0],
						"0.7917": {
							"pre": [37.5, 0, 0],
							"post": [37.5, 0, 0],
							"lerp_mode": "catmullrom"
						},
						"1.125": {
							"post": [-2.5, 0, 0],
							"lerp_mode": "catmullrom"
						},
						"2.0833": {
							"post": [7.5, 0, 0],
							"lerp_mode": "catmullrom"
						},
						"3.0": [22.5, 0, 0]
					}
				},
				"tail_2": {
					"rotation": {
						"0.0": [12.5, 0, 0],
						"0.4167": {
							"pre": [0, 0, 0],
							"post": [0, 0, 0],
							"lerp_mode": "catmullrom"
						},
						"0.7083": {
							"post": [12.5, 0, 0],
							"lerp_mode": "catmullrom"
						},
						"1.0": {
							"post": [2.5, 0, 0],
							"lerp_mode": "catmullrom"
						},
						"1.2917": {
							"post": [-2.5, 0, 0],
							"lerp_mode": "catmullrom"
						},
						"1.625": {
							"post": [5, 0, 0],
							"lerp_mode": "catmullrom"
						},
						"2.125": {
							"post": [7.5, 0, 0],
							"lerp_mode": "catmullrom"
						},
						"3.0": [12.5, 0, 0]
					}
				},
				"tail_3": {
					"rotation": {
						"0.0": [15, 0, 0],
						"0.5833": {
							"pre": [-10, 0, 0],
							"post": [-10, 0, 0],
							"lerp_mode": "catmullrom"
						},
						"0.7917": {
							"post": [27.5, 0, 0],
							"lerp_mode": "catmullrom"
						},
						"1.0": {
							"post": [30, 0, 0],
							"lerp_mode": "catmullrom"
						},
						"1.25": {
							"post": [0, 0, 0],
							"lerp_mode": "catmullrom"
						},
						"1.5417": {
							"post": [17.44688, -1.11416, -0.98255],
							"lerp_mode": "catmullrom"
						},
						"3.0": [15, 0, 0]
					}
				},
				"tail_4": {
					"rotation": {
						"0.0": [20, 0, 0],
						"0.3333": {
							"pre": [-22.5, 0, 0],
							"post": [-22.5, 0, 0],
							"lerp_mode": "catmullrom"
						},
						"0.7917": {
							"post": [37.5, 0, 0],
							"lerp_mode": "catmullrom"
						},
						"1.0": {
							"post": [42.5, 0, 0],
							"lerp_mode": "catmullrom"
						},
						"1.2083": {
							"post": [5, 0, 0],
							"lerp_mode": "catmullrom"
						},
						"1.375": {
							"post": [-5, 0, 0],
							"lerp_mode": "catmullrom"
						},
						"1.625": {
							"post": [10, 0, 0],
							"lerp_mode": "catmullrom"
						},
						"2.9583": [20, 0, 0]
					}
				},
				"leg_right": {
					"rotation": {
						"0.8333": {
							"pre": [0, 0, 0],
							"post": [0, 0, 0],
							"lerp_mode": "catmullrom"
						},
						"1.6667": {
							"post": [0, 20, 0],
							"lerp_mode": "catmullrom"
						},
						"2.2917": [0, 20, 0],
						"2.9583": {"pre": [0, 20, 0], "post": [0, 0, 0]}
					}
				},
				"leg_left": {
					"rotation": {
						"0.0": [0, 0, 0],
						"0.8333": {
							"pre": [0, 0, 0],
							"post": [0, 0, 0],
							"lerp_mode": "catmullrom"
						},
						"1.6667": {
							"post": [0, -20, 0],
							"lerp_mode": "catmullrom"
						},
						"2.2917": [0, -20, 0],
						"2.9583": [0, 0, 0]
					},
					"position": {
						"0.0": [0, 0, 0],
						"0.8333": {
							"pre": [0, 2, 0],
							"post": [0, 2, 0],
							"lerp_mode": "catmullrom"
						},
						"0.9583": {
							"post": [0, 0, 0],
							"lerp_mode": "catmullrom"
						},
						"2.9583": [0, 0, 0]
					}
				}
			}
		}
	}
}