{
	"format_version": "1.12.0",
	"minecraft:geometry": [
		{
			"description": {
				"identifier": "geometry.mortaraid",
				"texture_width": 256,
				"texture_height": 256,
				"visible_bounds_width": 5,
				"visible_bounds_height": 7.5,
				"visible_bounds_offset": [0, 3.25, 0]
			},
			"bones": [
				{
					"name": "Mortaraid",
					"pivot": [0, 0, 0]
				},
				{
					"name": "body",
					"parent": "Mortaraid",
					"pivot": [0, 0.75, 0]
				},
				{
					"name": "torso",
					"parent": "body",
					"pivot": [0, 19.75, 0],
					"cubes": [
						{"origin": [-7, 19.75, -2], "size": [14, 20, 14], "uv": [0, 0]},
						{"origin": [-5, 19.75, 12], "size": [10, 10, 2], "uv": [128, 90]},
						{"origin": [-6, 19.75, -14], "size": [12, 14, 12], "uv": [44, 22]},
						{"origin": [-4, 28.75, -11], "size": [8, 10, 10], "uv": [22, 110]}
					]
				},
				{
					"name": "chest",
					"parent": "torso",
					"pivot": [0, 19.75, -14],
					"rotation": [45.5, 0, 0],
					"cubes": [
						{"origin": [-4, 19.75, -14], "size": [8, 10, 10], "uv": [58, 110]}
					]
				},
				{
					"name": "neck1",
					"parent": "chest",
					"pivot": [0, 29.75, -13],
					"rotation": [-7.5, 0, 0],
					"cubes": [
						{"origin": [-3.5, 29.75, -13], "size": [7, 10, 8], "inflate": 0.03, "uv": [116, 48]},
						{"origin": [-3.53, 29.75, -15], "size": [0, 10, 2], "uv": [70, 69]},
						{"origin": [3.53, 29.75, -15], "size": [0, 10, 2], "uv": [44, 69]}
					]
				},
				{
					"name": "neck2",
					"parent": "neck1",
					"pivot": [0, 39.75, -13],
					"rotation": [-30, 0, 0],
					"cubes": [
						{"origin": [-3, 39.75, -13], "size": [6, 14, 8], "inflate": 0.02, "uv": [120, 0]},
						{"origin": [-3.02, 39.75, -15], "size": [0, 14, 2], "uv": [111, 54]},
						{"origin": [3.02, 39.75, -15], "size": [0, 14, 2], "uv": [36, 81]}
					]
				},
				{
					"name": "neck3",
					"parent": "neck2",
					"pivot": [0, 53.75, -13],
					"rotation": [-10, 0, 0],
					"cubes": [
						{"origin": [-2.5, 53.75, -13], "size": [5, 14, 8], "inflate": 0.01, "uv": [94, 120]},
						{"origin": [-2.51, 53.75, -15], "size": [0, 14, 2], "uv": [32, 81]},
						{"origin": [2.51, 53.75, -15], "size": [0, 14, 2], "uv": [40, 56]}
					]
				},
				{
					"name": "neck4",
					"parent": "neck3",
					"pivot": [0, 67.75, -13],
					"rotation": [-12.5, 0, 0],
					"cubes": [
						{"origin": [-2, 67.75, -13], "size": [4, 10, 8], "uv": [56, 0]},
						{"origin": [-2, 67.75, -15], "size": [0, 6, 2], "uv": [40, 70]},
						{"origin": [2, 67.75, -15], "size": [0, 6, 2], "uv": [52, 6]}
					]
				},
				{
					"name": "head_ai",
					"parent": "neck4",
					"pivot": [0, 76.75, -10]
				},
				{
					"name": "head",
					"parent": "head_ai",
					"pivot": [0, 77.75, -5],
					"rotation": [17.5, 0, 0],
					"cubes": [
						{"origin": [-5, 77.75, -15], "size": [10, 12, 11], "uv": [45, 48]}
					]
				},
				{
					"name": "mouth",
					"parent": "head",
					"pivot": [-0.5, 76.75, -12.25],
					"cubes": [
						{"origin": [-2.5, 76.75, -19.25], "size": [5, 2, 7], "uv": [135, 66]}
					]
				},
				{
					"name": "pot_head",
					"parent": "head",
					"pivot": [0, 98.25, -27],
					"rotation": [-30, 0, 0],
					"cubes": [
						{"origin": [-7, 102.25, -12], "size": [14, 10, 14], "uv": [0, 34]},
						{"origin": [-6, 112.25, -11], "size": [12, 2, 12], "uv": [32, 96]},
						{"origin": [-6, 98.25, -11], "size": [12, 4, 12], "uv": [75, 59]}
					]
				},
				{
					"name": "brow_right",
					"parent": "head",
					"pivot": [-5, 83.5, -10],
					"rotation": [5, 0, 0],
					"cubes": [
						{"origin": [-6, 83, -12], "size": [2, 4, 4], "inflate": 0.01, "uv": [32, 97]},
						{"origin": [-6, 82, -13.5], "size": [2, 2, 2], "uv": [0, 87]},
						{"origin": [-6, 82, -8.5], "size": [2, 3, 3], "uv": [0, 62]}
					]
				},
				{
					"name": "eye_right",
					"parent": "head",
					"pivot": [-4.02, 81.20833, -9.70833],
					"cubes": [
						{"origin": [-5.01, 79.75, -12], "size": [2, 4, 4], "uv": [110, 0]},
						{"origin": [-5.01, 80.75, -8], "size": [2, 3, 1], "uv": [83, 0]},
						{"origin": [-5.02, 80.75, -11], "size": [2, 2, 2], "inflate": 0.01, "uv": [24, 83]},
						{"origin": [-5.02, 80.25, -9.5], "size": [2, 2, 1], "uv": [24, 87]},
						{"origin": [-5.02, 80.25, -11.5], "size": [2, 2, 1], "uv": [86, 51]}
					]
				},
				{
					"name": "brow_left",
					"parent": "head",
					"pivot": [9, 83.5, -10],
					"rotation": [5, 0, 0],
					"cubes": [
						{"origin": [4, 83, -12], "size": [2, 4, 4], "inflate": 0.01, "uv": [80, 25]},
						{"origin": [4, 82, -13.5], "size": [2, 2, 2], "uv": [78, 76]},
						{"origin": [4, 82, -8.5], "size": [2, 3, 3], "uv": [0, 0]}
					]
				},
				{
					"name": "eye_left",
					"parent": "head",
					"pivot": [4.02, 81.20833, -9.70833],
					"cubes": [
						{"origin": [3.01, 79.75, -12], "size": [2, 4, 4], "uv": [68, 96]},
						{"origin": [3.01, 80.75, -8], "size": [2, 3, 1], "uv": [76, 48]},
						{"origin": [3.02, 80.75, -11], "size": [2, 2, 2], "inflate": 0.01, "uv": [0, 83]},
						{"origin": [3.02, 80.25, -9.5], "size": [2, 2, 1], "uv": [86, 48]},
						{"origin": [3.02, 80.25, -11.5], "size": [2, 2, 1], "uv": [80, 80]}
					]
				},
				{
					"name": "ear_left",
					"parent": "head",
					"pivot": [5, 80.75, -6.5],
					"rotation": [0, 0, -7.5],
					"cubes": [
						{"origin": [5, 77.75, -6.5], "size": [0, 3, 2], "uv": [0, 32]},
						{"origin": [5, 77.75, -4.5], "size": [0, 2, 2], "uv": [9, 32]}
					]
				},
				{
					"name": "ear_left2",
					"parent": "ear_left",
					"pivot": [5, 77.75, -6.5],
					"rotation": [0, 0, 2.5],
					"cubes": [
						{"origin": [5, 72.75, -7.5], "size": [0, 5, 5], "uv": [42, 3]}
					]
				},
				{
					"name": "ear_left3",
					"parent": "ear_left2",
					"pivot": [5, 72.75, -6.5],
					"rotation": [0, 0, 2.5],
					"cubes": [
						{"origin": [5, 68.75, -7.5], "size": [0, 4, 4], "uv": [30, 54]}
					]
				},
				{
					"name": "ear_left4",
					"parent": "ear_left3",
					"pivot": [5, 68.75, -6.5],
					"rotation": [0, 0, 2.5],
					"cubes": [
						{"origin": [5, 65.75, -6.5], "size": [0, 3, 3], "uv": [74, 72]}
					]
				},
				{
					"name": "ear_right",
					"parent": "head",
					"pivot": [-5, 80.75, -6.5],
					"rotation": [0, 0, 7.5],
					"cubes": [
						{"origin": [-5, 77.75, -6.5], "size": [0, 3, 2], "uv": [10, 0]},
						{"origin": [-5, 77.75, -4.5], "size": [0, 2, 2], "uv": [10, 3]}
					]
				},
				{
					"name": "ear_right2",
					"parent": "ear_right",
					"pivot": [-5, 77.75, -6.5],
					"rotation": [0, 0, -2.5],
					"cubes": [
						{"origin": [-5, 72.75, -7.5], "size": [0, 5, 5], "uv": [0, 38]}
					]
				},
				{
					"name": "ear_right3",
					"parent": "ear_right2",
					"pivot": [-5, 72.75, -6.5],
					"rotation": [0, 0, -2.5],
					"cubes": [
						{"origin": [-5, 68.75, -7.5], "size": [0, 4, 4], "uv": [0, 54]}
					]
				},
				{
					"name": "ear_right4",
					"parent": "ear_right3",
					"pivot": [-5, 68.75, -6.5],
					"rotation": [0, 0, -2.5],
					"cubes": [
						{"origin": [-5, 65.75, -6.5], "size": [0, 3, 3], "uv": [58, 1]}
					]
				},
				{
					"name": "snout",
					"parent": "head",
					"pivot": [0, 89.75, -14],
					"cubes": [
						{"origin": [-4, 78.75, -23], "size": [8, 14, 9], "uv": [103, 97]}
					]
				},
				{
					"name": "nose",
					"parent": "snout",
					"pivot": [0, 89.75, -23],
					"cubes": [
						{"origin": [-3, 74.75, -29.5], "size": [6, 15, 8], "uv": [115, 67]}
					]
				},
				{
					"name": "pots",
					"parent": "torso",
					"pivot": [0, 46.75, 6]
				},
				{
					"name": "pot",
					"parent": "pots",
					"pivot": [-4, 46.75, 9],
					"rotation": [147.5, 60, 180],
					"cubes": [
						{"origin": [-9, 41.75, 13], "size": [10, 15, 10], "uv": [0, 58]},
						{"origin": [-8, 49.75, 14], "size": [8, 23, 8], "uv": [80, 75]},
						{"origin": [-9.5, 72.75, 12.5], "size": [11, 3, 3], "uv": [124, 39]},
						{"origin": [-9.5, 72.75, 20.5], "size": [11, 3, 3], "uv": [0, 114]},
						{"origin": [-1.5, 72.75, 15.5], "size": [3, 3, 5], "uv": [72, 0]},
						{"origin": [-9.5, 72.75, 15.5], "size": [3, 3, 5], "uv": [42, 0]}
					]
				},
				{
					"name": "dust",
					"parent": "pot",
					"pivot": [-4, 77.75, 18],
					"cubes": [
						{"origin": [-1.5, 77.25, 14.5], "size": [0, 7, 7], "pivot": [-2.5, 79.25, 18.5], "rotation": [0, 0, -90], "uv": [0, 0]},
						{"origin": [-4, 76.75, 14.5], "size": [0, 7, 7], "uv": [0, 0]},
						{"origin": [-3.5, 76.75, 13], "size": [0, 7, 7], "pivot": [-4.5, 78.75, 17], "rotation": [0, -90, 0], "uv": [0, 0]}
					]
				},
				{
					"name": "pot2",
					"parent": "pots",
					"pivot": [0, 46.75, 1],
					"rotation": [-32.5, 0, 0],
					"cubes": [
						{"origin": [-5, 41.75, 5], "size": [10, 15, 10], "uv": [80, 0]},
						{"origin": [-4, 49.75, 6], "size": [8, 23, 8], "uv": [92, 25]},
						{"origin": [-5.5, 72.75, 4.5], "size": [11, 3, 3], "uv": [124, 39]},
						{"origin": [-5.5, 72.75, 12.5], "size": [11, 3, 3], "uv": [0, 114]},
						{"origin": [2.5, 72.75, 7.5], "size": [3, 3, 5], "uv": [72, 0]},
						{"origin": [-5.5, 72.75, 7.5], "size": [3, 3, 5], "uv": [42, 0]}
					]
				},
				{
					"name": "dust2",
					"parent": "pot2",
					"pivot": [0, 77.75, 10],
					"cubes": [
						{"origin": [2.5, 77.25, 6.5], "size": [0, 7, 7], "pivot": [1.5, 79.25, 10.5], "rotation": [0, 0, -90], "uv": [0, 0]},
						{"origin": [0, 76.75, 6.5], "size": [0, 7, 7], "uv": [0, 0]},
						{"origin": [0.5, 76.75, 5], "size": [0, 7, 7], "pivot": [-0.5, 78.75, 9], "rotation": [0, -90, 0], "uv": [0, 0]}
					]
				},
				{
					"name": "pot3",
					"parent": "pots",
					"pivot": [4, 46.75, 9],
					"rotation": [147.5, -60, 180],
					"cubes": [
						{"origin": [-1, 41.75, 13], "size": [10, 15, 10], "uv": [40, 71]},
						{"origin": [0, 49.75, 14], "size": [8, 23, 8], "uv": [0, 83]},
						{"origin": [-1.5, 72.75, 12.5], "size": [11, 3, 3], "uv": [124, 39]},
						{"origin": [-1.5, 72.75, 20.5], "size": [11, 3, 3], "uv": [0, 114]},
						{"origin": [6.5, 72.75, 15.5], "size": [3, 3, 5], "uv": [72, 0]},
						{"origin": [-1.5, 72.75, 15.5], "size": [3, 3, 5], "uv": [42, 0]}
					]
				},
				{
					"name": "dust3",
					"parent": "pot3",
					"pivot": [4, 77.75, 18],
					"cubes": [
						{"origin": [6.5, 77.25, 14.5], "size": [0, 7, 7], "pivot": [5.5, 79.25, 18.5], "rotation": [0, 0, -90], "uv": [0, 0]},
						{"origin": [4, 76.75, 14.5], "size": [0, 7, 7], "uv": [0, 0]},
						{"origin": [4.5, 76.75, 13], "size": [0, 7, 7], "pivot": [3.5, 78.75, 17], "rotation": [0, -90, 0], "uv": [0, 0]}
					]
				},
				{
					"name": "tail",
					"parent": "torso",
					"pivot": [0, 25.75, 14]
				},
				{
					"name": "tail_bottom",
					"parent": "tail",
					"pivot": [0, 26, 13.75],
					"rotation": [-52.5, 0, 0],
					"cubes": [
						{"origin": [-1, 23, 13.75], "size": [2, 3, 6], "inflate": 0.02, "uv": [84, 106]}
					]
				},
				{
					"name": "tail_bottom2",
					"parent": "tail_bottom",
					"pivot": [0, 23, 19.75],
					"rotation": [42.49778, 0.27084, 0.12379],
					"cubes": [
						{"origin": [-1, 23, 19.75], "size": [2, 4, 5], "uv": [0, 34]}
					]
				},
				{
					"name": "tail_bottom3",
					"parent": "tail_bottom2",
					"pivot": [0, 23, 24.75],
					"rotation": [35, 0, 0],
					"cubes": [
						{"origin": [-3, 23, 24.75], "size": [6, 6, 6], "uv": [50, 130]}
					]
				},
				{
					"name": "tail_top",
					"parent": "tail",
					"pivot": [0, 25, 12.75],
					"rotation": [32.5, 0, 0],
					"cubes": [
						{"origin": [-1, 22, 12.75], "size": [2, 3, 6], "inflate": 0.01, "uv": [76, 48]}
					]
				},
				{
					"name": "tail_top2",
					"parent": "tail_top",
					"pivot": [0, 22, 18.75],
					"rotation": [42.49778, 0.27084, 0.12379],
					"cubes": [
						{"origin": [-2.5, 22, 18.75], "size": [5, 5, 5], "uv": [48, 110]}
					]
				},
				{
					"name": "legs",
					"parent": "body",
					"pivot": [1.25, 0.75, 0]
				},
				{
					"name": "leg_back_left1",
					"parent": "legs",
					"pivot": [4.75, 23, 8.5],
					"cubes": [
						{"origin": [1.75, 11, 3.5], "size": [6, 12, 8], "inflate": 0.01, "uv": [0, 122]}
					]
				},
				{
					"name": "leg_back_left2",
					"parent": "leg_back_left1",
					"pivot": [4.75, 13, 12],
					"cubes": [
						{"origin": [2.25, 2.5, 8], "size": [5, 9, 5], "uv": [135, 140]}
					]
				},
				{
					"name": "foot_back_left",
					"parent": "leg_back_left2",
					"pivot": [4.75, 3, 10.25],
					"cubes": [
						{"origin": [2.25, 0, 7.75], "size": [5, 4, 5], "inflate": 0.01, "uv": [45, 142]}
					]
				},
				{
					"name": "toes_back_left",
					"parent": "foot_back_left",
					"pivot": [4.75, 1, 7.75],
					"cubes": [
						{"origin": [2.75, 0, 6.75], "size": [4, 3, 1], "uv": [66, 18]}
					]
				},
				{
					"name": "thumb_back_left",
					"parent": "foot_back_left",
					"pivot": [4.75, 3, 10.25],
					"cubes": [
						{"origin": [3.8, 0, 12.6], "size": [2, 2, 1], "uv": [91, 56]}
					]
				},
				{
					"name": "leg_front_left1",
					"parent": "legs",
					"pivot": [4.25, 21, -8.5],
					"cubes": [
						{"origin": [1.75, 11, -11.5], "size": [5, 11, 6], "inflate": 0.01, "uv": [28, 130]}
					]
				},
				{
					"name": "leg_front_left2",
					"parent": "leg_front_left1",
					"pivot": [4.25, 13, -5.75],
					"cubes": [
						{"origin": [1.75, 2.5, -10.75], "size": [5, 9, 5], "uv": [115, 140]}
					]
				},
				{
					"name": "foot_front_left",
					"parent": "leg_front_left2",
					"pivot": [4.25, 3, -8.5],
					"cubes": [
						{"origin": [1.75, 0, -11], "size": [5, 4, 5], "inflate": 0.01, "uv": [0, 142]}
					]
				},
				{
					"name": "thumb_front_left",
					"parent": "foot_front_left",
					"pivot": [2.3, 0.5, -10.15],
					"cubes": [
						{"origin": [3.3, 0, -6.15], "size": [2, 2, 1], "uv": [94, 25]}
					]
				},
				{
					"name": "toes_front_left",
					"parent": "foot_front_left",
					"pivot": [4.25, 1, -11],
					"cubes": [
						{"origin": [2.25, 0, -12], "size": [4, 3, 1], "uv": [30, 62]}
					]
				},
				{
					"name": "leg_front_right1",
					"parent": "legs",
					"pivot": [-4.25, 21, -8.5],
					"cubes": [
						{"origin": [-6.75, 11, -11.5], "size": [5, 11, 6], "inflate": 0.01, "uv": [124, 22]}
					]
				},
				{
					"name": "leg_front_right2",
					"parent": "leg_front_right1",
					"pivot": [-4.25, 13, -5.75],
					"cubes": [
						{"origin": [-6.75, 2.5, -10.75], "size": [5, 9, 5], "uv": [137, 102]}
					]
				},
				{
					"name": "foot_front_right",
					"parent": "leg_front_right2",
					"pivot": [-4.25, 3, -8.5],
					"cubes": [
						{"origin": [-6.75, 0, -11], "size": [5, 4, 5], "inflate": 0.01, "uv": [140, 116]}
					]
				},
				{
					"name": "thumb_front_right",
					"parent": "foot_front_right",
					"pivot": [-2.3, 0.5, -10.15],
					"cubes": [
						{"origin": [-5.2, 0, -6.15], "size": [2, 2, 1], "uv": [92, 28]}
					]
				},
				{
					"name": "toes_front_right",
					"parent": "foot_front_right",
					"pivot": [-4.25, 1, -11],
					"cubes": [
						{"origin": [-6.25, 0, -12], "size": [4, 3, 1], "uv": [56, 18]}
					]
				},
				{
					"name": "leg_back_right1",
					"parent": "legs",
					"pivot": [-4.75, 23.5, 8.5],
					"cubes": [
						{"origin": [-7.75, 11, 3.5], "size": [6, 12, 8], "inflate": 0.01, "uv": [120, 120]}
					]
				},
				{
					"name": "leg_back_right2",
					"parent": "leg_back_right1",
					"pivot": [-4.75, 13, 12],
					"cubes": [
						{"origin": [-7.25, 2.5, 8], "size": [5, 9, 5], "uv": [74, 130]}
					]
				},
				{
					"name": "foot_back_right",
					"parent": "leg_back_right2",
					"pivot": [-4.75, 3, 10.25],
					"cubes": [
						{"origin": [-7.25, 0, 7.75], "size": [5, 4, 5], "inflate": 0.01, "uv": [138, 45]}
					]
				},
				{
					"name": "toes_back_right",
					"parent": "foot_back_right",
					"pivot": [-4.75, 1, 7.75],
					"cubes": [
						{"origin": [-6.75, 0, 6.75], "size": [4, 3, 1], "uv": [53, 0]}
					]
				},
				{
					"name": "thumb_back_right",
					"parent": "foot_back_right",
					"pivot": [-4.75, 3, 10.25],
					"cubes": [
						{"origin": [-5.7, 0, 12.6], "size": [2, 2, 1], "uv": [88, 25]}
					]
				}
			]
		}
	]
}