{
	"format_version": "1.12.0",
	"minecraft:geometry": [
		{
			"description": {
				"identifier": "geometry.slimara",
				"texture_width": 64,
				"texture_height": 64,
				"visible_bounds_width": 6,
				"visible_bounds_height": 3.5,
				"visible_bounds_offset": [0, 1.25, 0]
			},
			"bones": [
				{
					"name": "slimara",
					"pivot": [0, 0, 0]
				},
				{
					"name": "body",
					"parent": "slimara",
					"pivot": [0, -0.5, 0]
				},
				{
					"name": "torso",
					"parent": "body",
					"pivot": [0, 0, 1],
					"rotation": [-47.5, 0, 0],
					"cubes": [
						{"origin": [-2, -0.5, -6], "size": [4, 4, 7], "uv": [0, 29]}
					]
				},
				{
					"name": "head",
					"parent": "torso",
					"pivot": [0, 3.5, -6],
					"rotation": [45, 0, 0],
					"cubes": [
						{"origin": [-3, -1.5, -12], "size": [6, 6, 6], "uv": [26, 16]}
					]
				},
				{
					"name": "eyes",
					"parent": "head",
					"pivot": [-1.19, 1.25, -8.35],
					"rotation": [-10, 0, 0]
				},
				{
					"name": "eye_left",
					"parent": "eyes",
					"pivot": [3.01, 1, -9.1],
					"cubes": [
						{"origin": [3.01, -0.5, -11.1], "size": [0, 3, 4], "uv": [40, 47]}
					]
				},
				{
					"name": "eyelid_left",
					"parent": "eye_left",
					"pivot": [2.01, 1, -9.1],
					"cubes": [
						{"origin": [2.01, -0.5, -11.1], "size": [0, 3, 4], "uv": [20, 52]}
					]
				},
				{
					"name": "eye_right",
					"parent": "eyes",
					"pivot": [-3.01, 1, -9.1],
					"cubes": [
						{"origin": [-3.01, -0.5, -11.1], "size": [0, 3, 4], "uv": [20, 49]}
					]
				},
				{
					"name": "eyelid_right",
					"parent": "eye_right",
					"pivot": [-0.19, 1.5, -8.6],
					"cubes": [
						{"origin": [-2.01, -0.5, -11.1], "size": [0, 3, 4], "uv": [20, 52]}
					]
				},
				{
					"name": "earing_right",
					"parent": "head",
					"pivot": [-3, 0, -6.5],
					"rotation": [0, 0, 2.5],
					"cubes": [
						{"origin": [-3, -2, -6.5], "size": [0, 2, 2], "pivot": [-3, 0, -6.5], "rotation": [-45, 0, 2.5], "uv": [44, 18]}
					]
				},
				{
					"name": "earing_left",
					"parent": "head",
					"pivot": [3, 0, -6.5],
					"rotation": [0, 0, -2.5],
					"cubes": [
						{"origin": [3, -2, -6.5], "size": [0, 2, 2], "pivot": [3, 0, -6.5], "rotation": [-45, 0, 0], "uv": [44, 18]}
					]
				},
				{
					"name": "mouth",
					"parent": "head",
					"pivot": [0, -1, -12],
					"cubes": [
						{"origin": [-2, -1, -14], "size": [4, 4, 2], "uv": [32, 10]}
					]
				},
				{
					"name": "hair",
					"parent": "head",
					"pivot": [0.15, 4.25, -9.8],
					"rotation": [142.5, 55, 0],
					"cubes": [
						{"origin": [-0.29196, 3.74059, -11.03262], "size": [1, 1, 3], "pivot": [1.70804, 3.74059, -9.03262], "rotation": [115, 0, 0], "uv": [12, 50]}
					]
				},
				{
					"name": "hair2",
					"parent": "hair",
					"pivot": [0.2, 1.95, -8.15],
					"cubes": [
						{"origin": [-0.79196, 0.11563, -11.16993], "size": [2, 2, 4], "pivot": [1.20804, 0.11563, -9.16993], "rotation": [47.5, 0, 0], "uv": [0, 50]}
					]
				},
				{
					"name": "hair3",
					"parent": "hair2",
					"pivot": [0.2, -1.3, -10.5],
					"cubes": [
						{"origin": [-1.29196, -1.85893, -14.52111], "size": [3, 3, 4], "uv": [38, 40]}
					]
				},
				{
					"name": "hair4",
					"parent": "hair3",
					"pivot": [0.3, -1.4, -14.5],
					"cubes": [
						{"origin": [-0.79196, 0.11563, -17.87229], "size": [2, 2, 4], "pivot": [1.20804, 0.11563, -15.87229], "rotation": [-47.5, 0, 0], "uv": [44, 10]}
					]
				},
				{
					"name": "hair5",
					"parent": "hair4",
					"pivot": [0.20804, 1.94059, -16.9096],
					"cubes": [
						{"origin": [-0.29196, 3.74059, -17.0096], "size": [1, 1, 3], "pivot": [1.70804, 3.74059, -16.0096], "rotation": [-115, 0, 0], "uv": [50, 16]}
					]
				},
				{
					"name": "tail",
					"parent": "body",
					"pivot": [0, 0, 1],
					"cubes": [
						{"origin": [-1.5, 0, 1], "size": [3, 3, 7], "uv": [32, 0]}
					]
				},
				{
					"name": "tail2",
					"parent": "tail",
					"pivot": [0, 0.5, 8],
					"rotation": [31.78297, 7.01385, 3.45279],
					"cubes": [
						{"origin": [-1, 0.5, 8], "size": [2, 2, 7], "uv": [20, 40]}
					]
				},
				{
					"name": "tail3",
					"parent": "tail2",
					"pivot": [0, 0.5, 10],
					"cubes": [
						{"origin": [-1.5, 0, 9.5], "size": [3, 3, 8], "inflate": -0.49, "uv": [42, 53]}
					]
				},
				{
					"name": "tail4",
					"parent": "tail3",
					"pivot": [0, 0, 17],
					"rotation": [40, 0, 0],
					"cubes": [
						{"origin": [-2, -0.5, 17], "size": [4, 4, 8], "uv": [26, 28]}
					]
				},
				{
					"name": "tail5",
					"parent": "tail4",
					"pivot": [0, 3.5, 25],
					"rotation": [-42.5, 0, 0],
					"cubes": [
						{"origin": [-2.5, -1, 25.8], "size": [5, 5, 8], "inflate": 0.8, "uv": [0, 16]}
					]
				},
				{
					"name": "tail6",
					"parent": "tail5",
					"pivot": [0, 5.5, 35],
					"rotation": [-15, 0, 0],
					"cubes": [
						{"origin": [-4, -2.5, 35], "size": [8, 8, 8], "inflate": 0.4, "uv": [0, 0]}
					]
				}
			]
		}
	]
}