{
	"format_version": "1.12.0",
	"minecraft:geometry": [
		{
			"description": {
				"identifier": "geometry.pillosinge",
				"texture_width": 128,
				"texture_height": 128,
				"visible_bounds_width": 8,
				"visible_bounds_height": 3.5,
				"visible_bounds_offset": [0, 1.25, 0]
			},
			"bones": [
				{
					"name": "pilosinge",
					"pivot": [0, 0, 0]
				},
				{
					"name": "body",
					"parent": "pilosinge",
					"pivot": [0, 0, 0]
				},
				{
					"name": "torso",
					"parent": "body",
					"pivot": [0, 0, 0]
				},
				{
					"name": "lower_torso",
					"parent": "torso",
					"pivot": [0, 3, -2],
					"cubes": [
						{"origin": [-8.5, 6, -8.5], "size": [17, 8, 5], "inflate": 0.01, "uv": [53, 0]},
						{"origin": [-7, 6, 1.5], "size": [14, 8, 5], "inflate": 0.01, "uv": [67, 40]},
						{"origin": [-9, 7, 3], "size": [18, 7, 2], "uv": [36, 74]},
						{"origin": [-9, 3, -6], "size": [18, 11, 9], "uv": [51, 54]},
						{"origin": [-8, 3.5, 4], "size": [16, 2, 2], "uv": [86, 20]},
						{"origin": [-8, 3.5, -8], "size": [16, 2, 2], "uv": [66, 91]},
						{"origin": [-10, 4.75, -9], "size": [20, 4, 16], "uv": [0, 25]},
						{"origin": [-9, 3, 3], "size": [18, 2, 1], "uv": [56, 34]}
					]
				},
				{
					"name": "upper_torso",
					"parent": "lower_torso",
					"pivot": [0, 14, -8.5],
					"cubes": [
						{"origin": [-9.5, 14, -8.5], "size": [19, 10, 15], "inflate": -0.01, "uv": [0, 0]}
					]
				},
				{
					"name": "forehead",
					"parent": "upper_torso",
					"pivot": [0, 24, -7.5],
					"cubes": [
						{"origin": [-8.5, 24, -7.5], "size": [17, 5, 13], "uv": [0, 45]}
					]
				},
				{
					"name": "wool",
					"parent": "forehead",
					"pivot": [0, 29, -4],
					"cubes": [
						{"origin": [-3, 28, -4], "size": [6, 7, 6], "uv": [0, 94]}
					]
				},
				{
					"name": "face",
					"parent": "upper_torso",
					"pivot": [4, 20, -8.5],
					"cubes": [
						{"origin": [-4, 20, -8.5], "size": [8, 3, 2], "inflate": 0.01, "uv": [92, 0]},
						{"origin": [-1.25, 19.5, -8.5], "size": [1, 1, 1], "pivot": [-0.75, 20, -8], "rotation": [0, 0, -45], "uv": [11, 9]},
						{"origin": [0.25, 19.5, -8.5], "size": [1, 1, 1], "pivot": [0.75, 20, -8], "rotation": [0, 0, -45], "uv": [11, 0]}
					]
				},
				{
					"name": "nose",
					"parent": "face",
					"pivot": [0, 20, -8.5],
					"cubes": [
						{"origin": [-1, 21, -8.5], "size": [2, 2, 1], "inflate": 0.02, "uv": [44, 71]}
					]
				},
				{
					"name": "eyes",
					"parent": "face",
					"pivot": [0, 21.75, -9]
				},
				{
					"name": "eye_right",
					"parent": "eyes",
					"pivot": [-4, 22.25, -9],
					"cubes": [
						{"origin": [-4, 21, -8.5], "size": [1, 1, 1], "inflate": 0.02, "uv": [57, 13]},
						{"origin": [-3.75, 21.25, -8.5], "size": [1, 1, 1], "inflate": 0.03, "uv": [11, 25]}
					]
				},
				{
					"name": "eye_left",
					"parent": "eyes",
					"pivot": [4, 22.25, -8.5],
					"cubes": [
						{"origin": [3, 21, -8.5], "size": [1, 1, 1], "inflate": 0.02, "uv": [56, 56]},
						{"origin": [2.75, 21.25, -8.5], "size": [1, 1, 1], "inflate": 0.03, "uv": [11, 33]}
					]
				},
				{
					"name": "stache",
					"parent": "face",
					"pivot": [0, 0, 0]
				},
				{
					"name": "stache_left",
					"parent": "stache",
					"pivot": [0, 21, -8],
					"rotation": [0, 0, -135],
					"cubes": [
						{"origin": [-2, 19, -9], "size": [2, 2, 1], "uv": [60, 45]}
					]
				},
				{
					"name": "stache_left2",
					"parent": "stache_left",
					"pivot": [-2, 21, -8],
					"rotation": [0, 0, -15],
					"cubes": [
						{"origin": [-3, 20, -8.75], "size": [1, 1, 1], "uv": [53, 13]}
					]
				},
				{
					"name": "stache_right",
					"parent": "stache",
					"pivot": [0, 21, -8],
					"rotation": [0, 0, 45],
					"cubes": [
						{"origin": [-2, 19, -9], "size": [2, 2, 1], "uv": [45, 63]}
					]
				},
				{
					"name": "stache_right2",
					"parent": "stache_right",
					"pivot": [0, 19, -8],
					"rotation": [0, 0, 15],
					"cubes": [
						{"origin": [-1, 18, -8.75], "size": [1, 1, 1], "uv": [55, 54]}
					]
				},
				{
					"name": "arms",
					"parent": "upper_torso",
					"pivot": [0, 23, -2]
				},
				{
					"name": "arm_right",
					"parent": "arms",
					"pivot": [-9.5, 22.5, 2],
					"rotation": [-180, 2.5, 180],
					"cubes": [
						{"origin": [-11.5, 15.5, 2], "size": [11, 7, 6], "uv": [0, 81]}
					]
				},
				{
					"name": "elbow_right",
					"parent": "arm_right",
					"pivot": [-0.5, 22.5, 2],
					"cubes": [
						{"origin": [-0.5, 15, 1.5], "size": [9, 8, 7], "uv": [69, 76]}
					]
				},
				{
					"name": "hand_right",
					"parent": "elbow_right",
					"pivot": [8.5, 23, 1.5],
					"cubes": [
						{"origin": [8.5, 14.5, 0.5], "size": [9, 9, 9], "uv": [59, 16]},
						{"origin": [9.5, 14.49, 6], "size": [4, 1, 2], "uv": [0, 54]},
						{"origin": [9.5, 14.49, 2], "size": [4, 1, 2], "uv": [0, 51]},
						{"origin": [9.25, 14.49, 4], "size": [3, 1, 2], "uv": [66, 37]},
						{"origin": [14.5, 14.49, 1.5], "size": [2, 1, 2], "uv": [78, 13]},
						{"origin": [14, 14.49, 4], "size": [3, 1, 2], "uv": [68, 13]},
						{"origin": [14.5, 14.49, 6.5], "size": [2, 1, 2], "uv": [76, 37]}
					]
				},
				{
					"name": "claws_right",
					"parent": "hand_right",
					"pivot": [17.5, 23.5, 5],
					"rotation": [0, 0, 180]
				},
				{
					"name": "claw_right_right",
					"parent": "claws_right",
					"pivot": [17.5, 24.5, 8.5],
					"cubes": [
						{"origin": [13.5, 24.5, 7], "size": [4, 4, 3], "inflate": 0.01, "uv": [96, 53]}
					]
				},
				{
					"name": "claw_right_right2",
					"parent": "claw_right_right",
					"pivot": [13.5, 25.5, 8.5],
					"cubes": [
						{"origin": [9.5, 25.5, 7], "size": [4, 3, 3], "uv": [0, 9]},
						{"origin": [8.5, 25.75, 8], "size": [1, 3, 1], "uv": [53, 0]}
					]
				},
				{
					"name": "claw_right_left",
					"parent": "claws_right",
					"pivot": [17.5, 24.5, 1.5],
					"cubes": [
						{"origin": [13.5, 24.5, 0], "size": [4, 4, 3], "inflate": 0.01, "uv": [24, 98]}
					]
				},
				{
					"name": "claw_right_left2",
					"parent": "claw_right_left",
					"pivot": [13.5, 25.5, 1.5],
					"cubes": [
						{"origin": [9.5, 25.5, 0], "size": [4, 3, 3], "uv": [95, 24]},
						{"origin": [8.5, 25.75, 1], "size": [1, 3, 1], "uv": [47, 45]}
					]
				},
				{
					"name": "claw_right_middle",
					"parent": "claws_right",
					"pivot": [17.5, 23.5, 5],
					"cubes": [
						{"origin": [13.5, 23.5, 3.5], "size": [4, 6, 3], "inflate": 0.02, "uv": [0, 0]}
					]
				},
				{
					"name": "claw_right_middle2",
					"parent": "claw_right_middle",
					"pivot": [13.5, 23.5, 5],
					"cubes": [
						{"origin": [9.5, 23.5, 3.5], "size": [4, 5, 3], "inflate": 0.01, "uv": [0, 25]}
					]
				},
				{
					"name": "claw_right_middle3",
					"parent": "claw_right_middle2",
					"pivot": [9.5, 24.5, 5],
					"cubes": [
						{"origin": [5.5, 24.5, 3.5], "size": [4, 4, 3], "uv": [94, 74]},
						{"origin": [4.5, 24.75, 4], "size": [1, 4, 2], "uv": [0, 63]}
					]
				},
				{
					"name": "arm_left",
					"parent": "arms",
					"pivot": [9.5, 22.5, 2],
					"cubes": [
						{"origin": [7.5, 15.5, -4], "size": [11, 7, 6], "uv": [91, 7]}
					]
				},
				{
					"name": "elbow_left",
					"parent": "arm_left",
					"pivot": [18.5, 22.5, 2],
					"cubes": [
						{"origin": [18.5, 15, -4.5], "size": [9, 8, 7], "uv": [34, 83]}
					]
				},
				{
					"name": "hand_left",
					"parent": "elbow_left",
					"pivot": [27.5, 23, 2.5],
					"cubes": [
						{"origin": [27.5, 14.5, -5.5], "size": [9, 9, 9], "uv": [0, 63]},
						{"origin": [28.5, 14.49, 0], "size": [4, 1, 2], "uv": [0, 45]},
						{"origin": [28.5, 14.49, -4], "size": [4, 1, 2], "uv": [0, 48]},
						{"origin": [28.25, 14.49, -2], "size": [3, 1, 2], "uv": [47, 54]},
						{"origin": [33.5, 14.49, -4.5], "size": [2, 1, 2], "uv": [0, 69]},
						{"origin": [33, 14.49, -2], "size": [3, 1, 2], "uv": [56, 37]},
						{"origin": [33.5, 14.49, 0.5], "size": [2, 1, 2], "uv": [36, 71]}
					]
				},
				{
					"name": "claws_left",
					"parent": "hand_left",
					"pivot": [36.5, 23.5, -1],
					"rotation": [180, 0, 0]
				},
				{
					"name": "claw_left_left",
					"parent": "claws_left",
					"pivot": [36.5, 24, 2.5],
					"cubes": [
						{"origin": [34.5, 24, 0], "size": [4, 4, 3], "inflate": 0.01, "pivot": [37.5, 27, 2], "rotation": [-180, 0, 180], "uv": [96, 53]}
					]
				},
				{
					"name": "claw_left_left2",
					"parent": "claw_left_left",
					"pivot": [40.5, 25, 2.5],
					"cubes": [
						{"origin": [38.5, 25, 0], "size": [4, 3, 3], "pivot": [41.5, 27, 2], "rotation": [-180, 0, 180], "uv": [0, 9]},
						{"origin": [45.5, 25.25, 4], "size": [1, 3, 1], "pivot": [45.5, 29.25, 3.5], "rotation": [-180, 0, 180], "uv": [53, 0]}
					]
				},
				{
					"name": "claw_left_middle",
					"parent": "claws_left",
					"pivot": [36.5, 23.5, -1],
					"cubes": [
						{"origin": [32.5, 23.5, -2.5], "size": [4, 5, 3], "inflate": 0.02, "pivot": [36.5, 28.5, -1], "rotation": [-180, 0, 180], "uv": [0, 33]}
					]
				},
				{
					"name": "claw_left_middle2",
					"parent": "claw_left_middle",
					"pivot": [40.5, 23.5, -1],
					"cubes": [
						{"origin": [36.5, 23.5, -2.5], "size": [4, 5, 3], "inflate": 0.01, "pivot": [40.5, 28.5, -1], "rotation": [-180, 0, 180], "uv": [0, 25]}
					]
				},
				{
					"name": "claw_left_middle3",
					"parent": "claw_left_middle2",
					"pivot": [44.5, 24.5, -1],
					"cubes": [
						{"origin": [42.5, 24.5, -2.5], "size": [4, 4, 3], "pivot": [45.5, 28.5, -1], "rotation": [-180, 0, 180], "uv": [94, 74]},
						{"origin": [49.5, 24.75, -1], "size": [1, 4, 2], "pivot": [49.5, 28.75, -0.5], "rotation": [-180, 0, 180], "uv": [0, 63]}
					]
				},
				{
					"name": "claw_left_right",
					"parent": "claws_left",
					"pivot": [36.5, 24, -4.5],
					"cubes": [
						{"origin": [34.5, 24, -7], "size": [4, 4, 3], "inflate": 0.01, "pivot": [37.5, 27, -5], "rotation": [-180, 0, 180], "uv": [24, 98]}
					]
				},
				{
					"name": "claw_left_right2",
					"parent": "claw_left_right",
					"pivot": [40.5, 25, -4.5],
					"cubes": [
						{"origin": [38.5, 25, -7], "size": [4, 3, 3], "pivot": [41.5, 27, -5], "rotation": [-180, 0, 180], "uv": [95, 24]},
						{"origin": [45.5, 25.25, -3], "size": [1, 3, 1], "pivot": [45.5, 29.25, -3.5], "rotation": [-180, 0, 180], "uv": [47, 45]}
					]
				},
				{
					"name": "tuft_right",
					"parent": "lower_torso",
					"pivot": [-10, 8.75, 1],
					"rotation": [0, 0, -52.5],
					"cubes": [
						{"origin": [-17, 4.75, -3], "size": [7, 4, 4], "uv": [27, 63]}
					]
				},
				{
					"name": "tuft_left",
					"parent": "lower_torso",
					"pivot": [10, 8.75, 1],
					"rotation": [0, 0, 52.5],
					"cubes": [
						{"origin": [10, 4.75, -3], "size": [7, 4, 4], "uv": [94, 30]}
					]
				},
				{
					"name": "tail",
					"parent": "lower_torso",
					"pivot": [0, 10.75, 6.5],
					"cubes": [
						{"origin": [-2, 8.75, 5.5], "size": [4, 4, 5], "uv": [47, 45]}
					]
				},
				{
					"name": "legs",
					"parent": "body",
					"pivot": [0, 0, 0]
				},
				{
					"name": "leg_right",
					"parent": "legs",
					"pivot": [-0.5, 3, -3.75],
					"cubes": [
						{"origin": [-5.5, 0, -3.75], "size": [5, 6, 4], "inflate": 0.001, "uv": [62, 95]},
						{"origin": [-4.5, 0, -4.5], "size": [3, 2, 1], "uv": [59, 83]}
					]
				},
				{
					"name": "leg_left",
					"parent": "legs",
					"pivot": [0.5, 3, -3.75],
					"cubes": [
						{"origin": [0.5, 0, -3.75], "size": [5, 6, 4], "inflate": 0.001, "uv": [80, 95]},
						{"origin": [1.5, 0, -4.5], "size": [3, 2, 1], "uv": [28, 81]}
					]
				}
			]
		}
	]
}