{
	"format_version": "1.8.0",
	"animations": {
		"animation.petrolisk.water_swim": {
			"loop": true,
			"bones": {
				"body": {
					"position": [0, "-1+Math.sin((query.anim_time-0.3) * 90 * 2) * -0.3", 0]
				},
				"head": {
					"rotation": [0, "-Math.sin((query.anim_time) * 90 * 6)*5", 0],
					"position": [0, "Math.sin((query.anim_time) * 90 * 2)*1", 0]
				},
				"fin_back_left": {
					"rotation": ["Math.sin((query.anim_time) * 90 * 6)*3", "Math.sin((query.anim_time) * 90 * 6)*15", 0]
				},
				"claw_up4": {
					"rotation": ["-Math.sin((query.anim_time) * 90 * 4)*5", 0, 0]
				},
				"claw_down4": {
					"rotation": ["Math.sin((query.anim_time) * 90 * 4)*5", 0, 0]
				},
				"fin_front_left": {
					"rotation": ["-Math.sin((query.anim_time) * 90 * 6)*10 ", "Math.sin((query.anim_time) * 90 * 6)*10", 0]
				},
				"claw_up2": {
					"rotation": ["-Math.sin((query.anim_time) * 90 * 4)*5", 0, 0]
				},
				"claw_down2": {
					"rotation": ["Math.sin((query.anim_time) * 90 * 4)*5", 0, 0]
				},
				"fin_back_right": {
					"rotation": ["Math.sin((query.anim_time) * 90 * 6)*3", "Math.sin((query.anim_time) * 90 * 6)*15", 0]
				},
				"claw_up3": {
					"rotation": ["-Math.sin((query.anim_time) * 90 * 4)*5", 0, 0]
				},
				"claw_down3": {
					"rotation": ["Math.sin((query.anim_time) * 90 * 4)*5", 0, 0]
				},
				"fin_front_right": {
					"rotation": ["-Math.sin((query.anim_time) * 90 * 6)*10", "Math.sin((query.anim_time) * 90 * 6)*10", 0]
				},
				"claw_up": {
					"rotation": ["-Math.sin((query.anim_time) * 90 * 4)*5", 0, 0]
				},
				"claw_down": {
					"rotation": ["Math.sin((query.anim_time) * 90 * 4)*5", 0, 0]
				},
				"torso2": {
					"rotation": [0, "Math.sin((query.anim_time) * 90 * 6)*10", 0]
				},
				"torso3": {
					"rotation": [0, "Math.sin((query.anim_time) * 90 * 6)*10", 0]
				},
				"bone2": {
					"position": [0, "-Math.sin((query.anim_time) * 90 * 4)*1", 0],
					"scale": 1
				},
				"torso4": {
					"rotation": [0, "Math.sin((query.anim_time) * 90 * 6)*10", 0]
				},
				"bone3": {
					"position": [0, "Math.sin((query.anim_time) * 90 * 4)*1", 0]
				},
				"torso5": {
					"rotation": [0, "-Math.sin((query.anim_time) * 90 * 6)*10", 0]
				},
				"bone4": {
					"position": [0, "-Math.sin((query.anim_time) * 90 * 4)*1", 0]
				},
				"torso6": {
					"rotation": [0, "-Math.sin((query.anim_time) * 90 * 6)*10", 0]
				},
				"bone5": {
					"position": [0, "Math.sin((query.anim_time) * 90 * 4)*1", 0]
				},
				"torso7": {
					"rotation": [0, "-Math.sin((query.anim_time) * 90 * 6)*10", 0]
				},
				"bone6": {
					"position": [0, "-Math.sin((query.anim_time) * 90 * 4)*1", 0]
				},
				"tail": {
					"rotation": [0, "-Math.sin((query.anim_time) * 90 * 6)*10", 0],
					"position": [0, "-Math.sin((query.anim_time) * 90 * 4)*1", 0]
				},
				"bone7": {
					"position": [0, "Math.sin((query.anim_time) * 90 * 4)*1", 0]
				},
				"jaw": {
					"rotation": ["-Math.sin((query.anim_time) * 90 * 6)*1", 0, 0],
					"position": [0, "Math.sin((query.anim_time) * 90 * 4)*1", 0]
				},
				"snout": {
					"rotation": ["Math.sin((query.anim_time) * 90 * 4)*2", 0, 0]
				}
			}
		},
		"animation.petrolisk.water_idle": {
			"loop": true,
			"bones": {
				"body": {
					"position": [0, "-1+Math.sin((query.anim_time-0.3) * 90 * 2) * -0.3", 0]
				},
				"head": {
					"position": [0, "Math.sin((query.anim_time) * 90 * 2)*1", 0]
				},
				"fin_back_left": {
					"rotation": ["Math.sin((query.anim_time) * 90 * 4)*1", 0, 0]
				},
				"claw_up4": {
					"rotation": ["-Math.sin((query.anim_time) * 90 * 4)*5", 0, 0]
				},
				"claw_down4": {
					"rotation": ["Math.sin((query.anim_time) * 90 * 4)*5", 0, 0]
				},
				"fin_front_left": {
					"rotation": ["-Math.sin((query.anim_time) * 90 * 6)*2", 0, 0]
				},
				"claw_up2": {
					"rotation": ["-Math.sin((query.anim_time) * 90 * 6)*5", 0, 0]
				},
				"claw_down2": {
					"rotation": ["Math.sin((query.anim_time) * 90 * 6)*5", 0, 0]
				},
				"fin_back_right": {
					"rotation": ["Math.sin((query.anim_time) * 90 * 4)*1", 0, 0]
				},
				"claw_up3": {
					"rotation": ["-Math.sin((query.anim_time) * 90 * 4)*5", 0, 0]
				},
				"claw_down3": {
					"rotation": ["Math.sin((query.anim_time) * 90 * 4)*5", 0, 0]
				},
				"fin_front_right": {
					"rotation": ["-Math.sin((query.anim_time) * 90 * 6)*2", 0, 0]
				},
				"claw_up": {
					"rotation": ["-Math.sin((query.anim_time) * 90 * 6)*5", 0, 0]
				},
				"claw_down": {
					"rotation": ["Math.sin((query.anim_time) * 90 * 6)*5", 0, 0]
				},
				"bone2": {
					"position": [0, "-Math.sin((query.anim_time) * 90 * 3)*1", 0]
				},
				"bone3": {
					"position": [0, "Math.sin((query.anim_time) * 90 * 3)*1", 0]
				},
				"bone4": {
					"position": [0, "-Math.sin((query.anim_time) * 90 * 3)*1", 0]
				},
				"bone5": {
					"position": [0, "Math.sin((query.anim_time) * 90 * 3)*1", 0]
				},
				"bone6": {
					"position": [0, "-Math.sin((query.anim_time) * 90 * 3)*1", 0]
				},
				"tail": {
					"rotation": [0, 0, 0],
					"position": [0, "-Math.sin((query.anim_time) * 90 * 3)*1", 0]
				},
				"bone7": {
					"position": [0, "Math.sin((query.anim_time) * 90 * 3)*1", 0]
				},
				"jaw": {
					"rotation": ["-Math.sin((query.anim_time) * 90 * 6)*1", 0, 0],
					"position": [0, "Math.sin((query.anim_time) * 90 * 6)*1", 0]
				},
				"snout": {
					"rotation": ["Math.sin((query.anim_time) * 90 * 6)*2", 0, 0]
				}
			}
		},
		"animation.petrolisk.ground_walk": {
			"loop": true,
			"bones": {
				"body": {
					"position": [0, "15+Math.sin((query.anim_time-0.3) * 90 * 2) * -0.3", 0]
				},
				"head": {
					"rotation": [0, "-Math.sin((query.anim_time) * 90 * 6)*5", 0],
					"position": [0, "Math.sin((query.anim_time) * 90 * 2)*1", 0]
				},
				"fin_back_left": {
					"rotation": ["Math.sin((query.anim_time) * 90 * 6)*3", "Math.sin((query.anim_time) * 90 * 6)*15", 0]
				},
				"claw_up4": {
					"rotation": ["-Math.sin((query.anim_time) * 90 * 4)*5", 0, 0]
				},
				"claw_down4": {
					"rotation": ["Math.sin((query.anim_time) * 90 * 4)*5", 0, 0]
				},
				"fin_front_left": {
					"rotation": ["-Math.sin((query.anim_time) * 90 * 6)*10 ", "Math.sin((query.anim_time) * 90 * 6)*10", 0]
				},
				"claw_up2": {
					"rotation": ["-Math.sin((query.anim_time) * 90 * 4)*5", 0, 0]
				},
				"claw_down2": {
					"rotation": ["Math.sin((query.anim_time) * 90 * 4)*5", 0, 0]
				},
				"fin_back_right": {
					"rotation": ["Math.sin((query.anim_time) * 90 * 6)*3", "Math.sin((query.anim_time) * 90 * 6)*15", 0]
				},
				"claw_up3": {
					"rotation": ["-Math.sin((query.anim_time) * 90 * 4)*5", 0, 0]
				},
				"claw_down3": {
					"rotation": ["Math.sin((query.anim_time) * 90 * 4)*5", 0, 0]
				},
				"fin_front_right": {
					"rotation": ["-Math.sin((query.anim_time) * 90 * 6)*10", "Math.sin((query.anim_time) * 90 * 6)*10", 0]
				},
				"claw_up": {
					"rotation": ["-Math.sin((query.anim_time) * 90 * 4)*5", 0, 0]
				},
				"claw_down": {
					"rotation": ["Math.sin((query.anim_time) * 90 * 4)*5", 0, 0]
				},
				"torso2": {
					"rotation": [0, "Math.sin((query.anim_time) * 90 * 6)*10", 0]
				},
				"torso3": {
					"rotation": [0, "Math.sin((query.anim_time) * 90 * 6)*10", 0]
				},
				"bone2": {
					"position": [0, "-Math.sin((query.anim_time) * 90 * 4)*1", 0]
				},
				"torso4": {
					"rotation": [0, "Math.sin((query.anim_time) * 90 * 6)*10", 0]
				},
				"bone3": {
					"position": [0, "Math.sin((query.anim_time) * 90 * 4)*1", 0]
				},
				"torso5": {
					"rotation": [0, "-Math.sin((query.anim_time) * 90 * 6)*10", 0]
				},
				"bone4": {
					"position": [0, "-Math.sin((query.anim_time) * 90 * 4)*1", 0]
				},
				"torso6": {
					"rotation": [0, "-Math.sin((query.anim_time) * 90 * 6)*10", 0]
				},
				"bone5": {
					"position": [0, "Math.sin((query.anim_time) * 90 * 4)*1", 0]
				},
				"torso7": {
					"rotation": [0, "-Math.sin((query.anim_time) * 90 * 6)*10", 0]
				},
				"bone6": {
					"position": [0, "-Math.sin((query.anim_time) * 90 * 4)*1", 0]
				},
				"tail": {
					"rotation": [0, "-Math.sin((query.anim_time) * 90 * 6)*10", 0],
					"position": [0, "-Math.sin((query.anim_time) * 90 * 4)*1", 0]
				},
				"bone7": {
					"position": [0, "Math.sin((query.anim_time) * 90 * 4)*1", 0]
				},
				"jaw": {
					"rotation": ["-Math.sin((query.anim_time) * 90 * 6)*1", 0, 0],
					"position": [0, "Math.sin((query.anim_time) * 90 * 4)*1", 0]
				},
				"snout": {
					"rotation": ["Math.sin((query.anim_time) * 90 * 4)*2", 0, 0]
				}
			}
		},
		"animation.petrolisk.ground_idle": {
			"loop": true,
			"bones": {
				"body": {
					"position": [0, "15+Math.sin((query.anim_time-0.3) * 90 * 2) * -0.3", 0]
				},
				"head": {
					"position": [0, "Math.sin((query.anim_time) * 90 * 2)*1", 0]
				},
				"fin_back_left": {
					"rotation": ["Math.sin((query.anim_time) * 90 * 4)*1", 0, 0]
				},
				"claw_up4": {
					"rotation": ["-Math.sin((query.anim_time) * 90 * 4)*5", 0, 0]
				},
				"claw_down4": {
					"rotation": ["Math.sin((query.anim_time) * 90 * 4)*5", 0, 0]
				},
				"fin_front_left": {
					"rotation": ["-Math.sin((query.anim_time) * 90 * 6)*2", 0, 0]
				},
				"claw_up2": {
					"rotation": ["-Math.sin((query.anim_time) * 90 * 6)*5", 0, 0]
				},
				"claw_down2": {
					"rotation": ["Math.sin((query.anim_time) * 90 * 6)*5", 0, 0]
				},
				"fin_back_right": {
					"rotation": ["Math.sin((query.anim_time) * 90 * 4)*1", 0, 0]
				},
				"claw_up3": {
					"rotation": ["-Math.sin((query.anim_time) * 90 * 4)*5", 0, 0]
				},
				"claw_down3": {
					"rotation": ["Math.sin((query.anim_time) * 90 * 4)*5", 0, 0]
				},
				"fin_front_right": {
					"rotation": ["-Math.sin((query.anim_time) * 90 * 6)*2", 0, 0]
				},
				"claw_up": {
					"rotation": ["-Math.sin((query.anim_time) * 90 * 6)*5", 0, 0]
				},
				"claw_down": {
					"rotation": ["Math.sin((query.anim_time) * 90 * 6)*5", 0, 0]
				},
				"bone2": {
					"position": [0, "-Math.sin((query.anim_time) * 90 * 3)*1", 0]
				},
				"bone3": {
					"position": [0, "Math.sin((query.anim_time) * 90 * 3)*1", 0]
				},
				"bone4": {
					"position": [0, "-Math.sin((query.anim_time) * 90 * 3)*1", 0]
				},
				"bone5": {
					"position": [0, "Math.sin((query.anim_time) * 90 * 3)*1", 0]
				},
				"bone6": {
					"position": [0, "-Math.sin((query.anim_time) * 90 * 3)*1", 0]
				},
				"tail": {
					"rotation": [0, 0, 0],
					"position": [0, "-Math.sin((query.anim_time) * 90 * 3)*1", 0]
				},
				"bone7": {
					"position": [0, "Math.sin((query.anim_time) * 90 * 3)*1", 0]
				},
				"jaw": {
					"rotation": ["-Math.sin((query.anim_time) * 90 * 4)*1", 0, 0]
				},
				"snout": {
					"rotation": ["Math.sin((query.anim_time) * 90 * 6)*2", 0, 0]
				}
			}
		},
		"animation.petrolisk.shifty": {
			"animation_length": 1,
			"bones": {
				"eye": {
					"position": {
						"0.0": [0, 0, 0],
						"0.25": [0, -0.25, 0.25],
						"0.5": [0, 0, -0.5],
						"0.75": [0, 0.25, 0.25],
						"1.0": [0, 0, 0]
					},
					"scale": {
						"0.0": [1, 1, 1],
						"0.25": [1, 0.9, 1],
						"0.3333": [1, 1, 1]
					}
				}
			}
		},
		"animation.petrolisk.sleep": {
			"loop": true,
			"bones": {
				"body": {
					"rotation": [0, 0, -90],
					"position": [0, 1.25, 0]
				},
				"head": {
					"position": [0.5, 0, 0]
				},
				"fin_back_left": {
					"rotation": [0, -15, 0],
					"position": [4.25, 7, 1.25]
				},
				"fin_front_left": {
					"rotation": [0, 5, 0],
					"position": [-1.75, 1.25, -2.25]
				},
				"fin_back_right": {
					"rotation": [-2.5, 0, 0],
					"position": [3.5, -4, 0.5]
				},
				"fin_front_right": {
					"rotation": [-20, 0, 0],
					"position": [3.5, -5.75, -0.75]
				},
				"bone2": {
					"position": [-0.5, 0, 0]
				},
				"bone4": {
					"position": [-0.5, 0, 0]
				},
				"bone6": {
					"position": [-0.5, 0, 0]
				},
				"tail": {
					"position": [-0.5, 0, 0]
				},
				"eye": {
					"scale": 0
				},
				"jaw": {
					"rotation": [5, 0, 0],
					"position": [0, 1, 1]
				},
				"snout": {
					"rotation": [-15, 0, 0]
				}
			}
		},
		"animation.petrolisk.faint": {
			"loop": "hold_on_last_frame",
			"animation_length": 3,
			"bones": {
				"body": {
					"rotation": {
						"0.0": [0, 0, 0],
						"0.5": [0, 0, 450]
					},
					"position": [0, 15, 0]
				},
				"eye": {
					"rotation": {
						"0.0": [0, 0, 0],
						"0.5": [0, 0, 0]
					},
					"position": {
						"0.0": [0, 0, 0],
						"0.5": [0, 0, 0]
					},
					"scale": {
						"0.0": [1, 1, 1],
						"0.0417": [0, 0, 0]
					}
				},
				"fin_back_left": {
					"position": {
						"0.625": [0, 0, 0],
						"0.7083": [10, 0, 0]
					}
				},
				"fin_front_left": {
					"position": {
						"0.875": [0, 0, 0],
						"0.9583": [10, 0, 0]
					}
				},
				"fin_back_right": {
					"rotation": {
						"0.0": [0, 0, 0],
						"0.75": [0, 0, 0],
						"0.8333": [0, 15, 0]
					},
					"position": {
						"0.75": [0, 0, 0],
						"0.8333": [6.25, 3, 0]
					}
				},
				"fin_front_right": {
					"rotation": {
						"0.0": [0, 0, 0],
						"1.0": [0, 0, 0],
						"1.0833": [-3.13388, -17.22575, 10.47479]
					},
					"position": {
						"1.0": [0, 0, 0],
						"1.0833": [14, 0, 0]
					}
				},
				"bone2": {
					"rotation": {
						"1.0": [0, 0, 0],
						"1.0833": [-11.82696, -30.11203, 6.25046]
					},
					"position": {
						"1.0": [0, 0, 0],
						"1.0833": [6, 0, -1.25]
					}
				},
				"bone3": {
					"rotation": {
						"0.9167": [0, 0, 0],
						"1.0": [0, 0, 10]
					},
					"position": {
						"0.9167": [0, 0, 0],
						"1.0": [11.5, 0, 0]
					}
				},
				"bone4": {
					"position": {
						"0.8333": [0, 0, 0],
						"0.9167": [14, 0, 0]
					}
				},
				"bone5": {
					"rotation": {
						"0.0": [0, 0, 0],
						"0.75": [0, 0, 0],
						"0.8333": [0, 0, 10]
					},
					"position": {
						"0.75": [0, 0, 0],
						"0.8333": [11.25, 0, 0]
					}
				},
				"bone6": {
					"rotation": {
						"0.0": [0, 0, 0],
						"0.6667": [0, 0, 0],
						"0.75": [0, 0, 15]
					},
					"position": {
						"0.6667": [0, 0, 0],
						"0.75": [12.25, 0, 0]
					}
				},
				"tail": {
					"position": {
						"0.0": [0, 0, 0],
						"0.5": [0, 0, 0],
						"0.5833": [14, 0, 0]
					}
				},
				"bone7": {
					"position": {
						"0.5833": [0, 0, 0],
						"0.6667": [13.5, 0, 0]
					}
				},
				"jaw": {
					"position": {
						"1.125": [0, 0, 0],
						"1.2083": [13, 0, 0]
					}
				},
				"snout": {
					"position": {
						"1.0833": [0, 0, 0],
						"1.1667": [13, 0, 0]
					}
				}
			}
		},
		"animation.petrolisk.cry": {
			"animation_length": 1.3333,
			"bones": {
				"body": {
					"rotation": {
						"0.0": {
							"post": [0, 0, 0],
							"lerp_mode": "catmullrom"
						},
						"0.125": {
							"post": [-2.5, 0, 0],
							"lerp_mode": "catmullrom"
						},
						"1.125": {
							"post": [-7.5, 0, 0],
							"lerp_mode": "catmullrom"
						},
						"1.3333": {
							"post": [0, 0, 0],
							"lerp_mode": "catmullrom"
						}
					}
				},
				"head": {
					"rotation": {
						"0.0": {
							"post": [0, 0, 0],
							"lerp_mode": "catmullrom"
						},
						"0.125": {
							"post": [-22.5, 0, 0],
							"lerp_mode": "catmullrom"
						},
						"0.1667": {
							"post": [-25, 0, 0],
							"lerp_mode": "catmullrom"
						},
						"0.2083": {
							"post": [-22.5, 0, 0],
							"lerp_mode": "catmullrom"
						},
						"0.25": {
							"post": [-25, 0, 0],
							"lerp_mode": "catmullrom"
						},
						"0.2917": {
							"post": [-22.5, 0, 0],
							"lerp_mode": "catmullrom"
						},
						"0.3333": {
							"post": [-25, 0, 0],
							"lerp_mode": "catmullrom"
						},
						"0.375": {
							"post": [-22.5, 0, 0],
							"lerp_mode": "catmullrom"
						},
						"0.4167": {
							"post": [-25, 0, 0],
							"lerp_mode": "catmullrom"
						},
						"0.4583": {
							"post": [-22.5, 0, 0],
							"lerp_mode": "catmullrom"
						},
						"0.5": {
							"post": [-25, 0, 0],
							"lerp_mode": "catmullrom"
						},
						"0.5417": {
							"post": [-22.5, 0, 0],
							"lerp_mode": "catmullrom"
						},
						"0.5833": {
							"post": [-25, 0, 0],
							"lerp_mode": "catmullrom"
						},
						"0.625": {
							"post": [-22.5, 0, 0],
							"lerp_mode": "catmullrom"
						},
						"0.6667": {
							"post": [-25, 0, 0],
							"lerp_mode": "catmullrom"
						},
						"0.7083": {
							"post": [-22.5, 0, 0],
							"lerp_mode": "catmullrom"
						},
						"0.75": {
							"post": [-25, 0, 0],
							"lerp_mode": "catmullrom"
						},
						"0.7917": {
							"post": [-22.5, 0, 0],
							"lerp_mode": "catmullrom"
						},
						"0.8333": {
							"post": [-25, 0, 0],
							"lerp_mode": "catmullrom"
						},
						"0.875": {
							"post": [-22.5, 0, 0],
							"lerp_mode": "catmullrom"
						},
						"0.9167": {
							"post": [-25, 0, 0],
							"lerp_mode": "catmullrom"
						},
						"0.9583": {
							"post": [-22.5, 0, 0],
							"lerp_mode": "catmullrom"
						},
						"1.0": {
							"post": [-25, 0, 0],
							"lerp_mode": "catmullrom"
						},
						"1.0417": {
							"post": [-22.5, 0, 0],
							"lerp_mode": "catmullrom"
						},
						"1.0833": {
							"post": [-25, 0, 0],
							"lerp_mode": "catmullrom"
						},
						"1.125": {
							"post": [-22.5, 0, 0],
							"lerp_mode": "catmullrom"
						},
						"1.1667": {
							"post": [-25, 0, 0],
							"lerp_mode": "catmullrom"
						},
						"1.3333": {
							"post": [0, 0, 0],
							"lerp_mode": "catmullrom"
						}
					}
				},
				"jaw": {
					"rotation": {
						"0.0": {
							"post": [0, 0, 0],
							"lerp_mode": "catmullrom"
						},
						"0.125": {
							"post": [20, 0, 0],
							"lerp_mode": "catmullrom"
						},
						"0.1667": {
							"post": [27.5, 0, 0],
							"lerp_mode": "catmullrom"
						},
						"0.2083": {
							"post": [20, 0, 0],
							"lerp_mode": "catmullrom"
						},
						"0.25": {
							"post": [27.5, 0, 0],
							"lerp_mode": "catmullrom"
						},
						"0.2917": {
							"post": [20, 0, 0],
							"lerp_mode": "catmullrom"
						},
						"0.3333": {
							"post": [27.5, 0, 0],
							"lerp_mode": "catmullrom"
						},
						"0.375": {
							"post": [20, 0, 0],
							"lerp_mode": "catmullrom"
						},
						"0.4167": {
							"post": [27.5, 0, 0],
							"lerp_mode": "catmullrom"
						},
						"0.4583": {
							"post": [20, 0, 0],
							"lerp_mode": "catmullrom"
						},
						"0.5": {
							"post": [27.5, 0, 0],
							"lerp_mode": "catmullrom"
						},
						"0.5417": {
							"post": [20, 0, 0],
							"lerp_mode": "catmullrom"
						},
						"0.5833": {
							"post": [27.5, 0, 0],
							"lerp_mode": "catmullrom"
						},
						"0.625": {
							"post": [20, 0, 0],
							"lerp_mode": "catmullrom"
						},
						"0.6667": {
							"post": [27.5, 0, 0],
							"lerp_mode": "catmullrom"
						},
						"0.7083": {
							"post": [20, 0, 0],
							"lerp_mode": "catmullrom"
						},
						"0.75": {
							"post": [27.5, 0, 0],
							"lerp_mode": "catmullrom"
						},
						"0.7917": {
							"post": [20, 0, 0],
							"lerp_mode": "catmullrom"
						},
						"0.8333": {
							"post": [27.5, 0, 0],
							"lerp_mode": "catmullrom"
						},
						"0.875": {
							"post": [20, 0, 0],
							"lerp_mode": "catmullrom"
						},
						"0.9167": {
							"post": [27.5, 0, 0],
							"lerp_mode": "catmullrom"
						},
						"0.9583": {
							"post": [20, 0, 0],
							"lerp_mode": "catmullrom"
						},
						"1.0": {
							"post": [27.5, 0, 0],
							"lerp_mode": "catmullrom"
						},
						"1.0417": {
							"post": [20, 0, 0],
							"lerp_mode": "catmullrom"
						},
						"1.0833": {
							"post": [27.5, 0, 0],
							"lerp_mode": "catmullrom"
						},
						"1.125": {
							"post": [20, 0, 0],
							"lerp_mode": "catmullrom"
						},
						"1.1667": {
							"post": [27.5, 0, 0],
							"lerp_mode": "catmullrom"
						},
						"1.3333": {
							"post": [0, 0, 0],
							"lerp_mode": "catmullrom"
						}
					}
				}
			},
			"sound_effects": {
				"0.0": {
					"effect": "pokemon.petrolisk.cry"
				}
			}
		}
	}
}