{
    "pools": [
      {
        "rolls": 1,
        "entries": [
          {
            "type": "minecraft:item",
            "name": "minecraft:fermented_spider_eye",
            "functions": [
              {
                "function": "minecraft:set_name",
                "name": {
                  "text": "Hollow Fossil",
                  "italic": false
                }
              },
              {
              "function": "minecraft:set_nbt",
              "tag": "{CustomModelData:1}"
              }
            ]
          }
        ]
      }
    ]
  }
  