{
    "enabled": true,
    "neededInstalledMods": [],
    "neededUninstalledMods": [],
    "spawns": [
      {
        "id": "necoarc-1",
        "pokemon": "necoarc",
        "type": "pokemon",
        "context": "grounded",
        "bucket": "uncommon",
        "level": "10-31",
        "weight": 5.0,
        "condition": {
        "biomes": [ "#cobblemon:is_spooky"],
        "neededNearbyBlocks": ["minecraft:red_carpet",
                               "minecraft:white_carpet"
                              ]
        }
      }
    ]
  }