{
	"format_version": "1.8.0",
	"animations": {
		"animation.pillosinge.ground_idle": {
			"loop": true,
			"bones": {
				"lower_torso": {
					"rotation": ["1*math.sin(q.anim_time*90*2-60)", "0.5*math.cos(q.anim_time*90*1)", "1*math.sin(q.anim_time*90*0.5)"],
					"position": [0, "-0.15*(math.sin(q.anim_time*90*2-90)*1+1)", "0.25*(math.sin(q.anim_time*90*2-90)*1+1)"]
				},
				"upper_torso": {
					"rotation": ["-2.5+1*math.sin(q.anim_time*90*2-110)", "0.5*math.cos(q.anim_time*90*1-60)", 0]
				},
				"arm_right": {
					"rotation": [14.25286, 32.12411, "362.403+(math.sin(q.anim_time*90*2)*1+1)*2"],
					"position": [0, 0, 0]
				},
				"arm_left": {
					"rotation": [-14.30479, 32.11861, "356.558-(math.sin(q.anim_time*90*2)*1+1)*2"]
				},
				"elbow_left": {
					"rotation": [0, 0, "42.5-(math.sin(q.anim_time*90*2-60)*1+1)*2"]
				},
				"hand_left": {
					"rotation": [0, 0, "30-math.sin(q.anim_time*90*2-110)*2"]
				},
				"claws_left": {
					"rotation": [0, 0, 50]
				},
				"claw_left_left2": {
					"rotation": [0, 0, "-2.5+math.sin(q.anim_time*90*2-110)*2"]
				},
				"claw_left_middle2": {
					"rotation": [0, 0, "-7.5+math.sin(q.anim_time*90*2-110)*2"]
				},
				"claw_left_middle3": {
					"rotation": [0, 0, "-5+math.sin(q.anim_time*90*2-110)*2"]
				},
				"elbow_right": {
					"rotation": [0, 0, "42.5-(math.sin(q.anim_time*90*2-60)*1+1)*2"]
				},
				"hand_right": {
					"rotation": [0, 0, "30-math.sin(q.anim_time*90*2-110)*2"]
				},
				"claws_right": {
					"rotation": [0, 0, 50]
				},
				"claw_right_right": {
					"rotation": [0, 0, "-math.sin(q.anim_time*90*2-110)*2"]
				},
				"claw_right_right2": {
					"rotation": [0, 0, "2.5-math.sin(q.anim_time*90*2-110)*2"]
				},
				"claw_right_middle2": {
					"rotation": [0, 0, "7.5-math.sin(q.anim_time*90*2-110)*2"]
				},
				"claw_right_middle3": {
					"rotation": [0, 0, "5-math.sin(q.anim_time*90*2-110)*2"]
				},
				"claw_left_left": {
					"rotation": [0, 0, "math.sin(q.anim_time*90*2-110)*2"]
				},
				"wool": {
					"rotation": ["2*math.sin(q.anim_time*90*2-60)", "1*math.cos(q.anim_time*90*1-110)", "2*math.sin(q.anim_time*90*0.5-60)"]
				},
				"stache_left": {
					"rotation": [0, "1*math.cos(q.anim_time*90*1-60)", "-3*math.sin(q.anim_time*90*2)"]
				},
				"stache_left2": {
					"rotation": [0, "1*math.cos(q.anim_time*90*1-110)", "-3*math.sin(q.anim_time*90*2-60)"]
				},
				"stache_right": {
					"rotation": [0, "1*math.cos(q.anim_time*90*1-60)", "3*math.sin(q.anim_time*90*2)"]
				},
				"stache_right2": {
					"rotation": [0, "1*math.cos(q.anim_time*90*1-110)", "3*math.sin(q.anim_time*90*2-60)"]
				},
				"claw_right_left": {
					"rotation": [0, 0, "-math.sin(q.anim_time*90*2-110)*2"]
				},
				"claw_right_left2": {
					"rotation": [0, 0, "2.5-math.sin(q.anim_time*90*2-110)*2"]
				},
				"claw_right_middle": {
					"rotation": [0, 0, "2.5-math.sin(q.anim_time*90*2-110)*2"]
				},
				"claw_left_middle": {
					"rotation": [0, 0, "-2.5+math.sin(q.anim_time*90*2-110)*2"]
				},
				"claw_left_right": {
					"rotation": [0, 0, "math.sin(q.anim_time*90*2-110)*2"]
				},
				"claw_left_right2": {
					"rotation": [0, 0, "-2.5+math.sin(q.anim_time*90*2-110)*2"]
				},
				"tuft_right": {
					"rotation": [0, "1*math.cos(q.anim_time*90*1-60)", "-2.5+3*math.sin(q.anim_time*90*2)"]
				},
				"tuft_left": {
					"rotation": [0, "1*math.cos(q.anim_time*90*1-60)", "-2.5-3*math.sin(q.anim_time*90*2)"]
				},
				"tail": {
					"rotation": ["-2.5+3*math.sin(q.anim_time*90*2-110)", "1*math.cos(q.anim_time*90*1-60)", 0]
				}
			}
		},
		"animation.pillosinge.ground_walk": {
			"loop": true,
			"bones": {
				"body": {
					"position": [0, "0.15+math.clamp(-math.sin(q.anim_time*90*6+180)*0.65,-0.5,0)", 0]
				},
				"torso": {
					"rotation": [
						"0+math.sin(query.anim_time*90*6*1+30+180)*3.5",
						"0+math.sin(query.anim_time*90*3*1+20+180)*12.5",
						"0+math.sin(query.anim_time*90*3*1+10+180)*4"
					]
				},
				"arm_right": {
					"rotation": [14.25286, 32.12411, "362.403+(math.sin(q.anim_time*90*2)*1+1)*2"],
					"position": [0, 0, 0]
				},
				"arm_left": {
					"rotation": [-14.30479, 32.11861, "356.558-(math.sin(q.anim_time*90*2)*1+1)*2"]
				},
				"tail": {
					"rotation": ["-2.5+3*math.sin(q.anim_time*90*2-110)", "1*math.cos(q.anim_time*90*1-60)", 0]
				},
				"leg_right": {
					"position": [
						"math.cos(q.anim_time*90*3+70+180)*0.1",
						"math.sin(q.anim_time*90*3+90+180)*1+math.clamp(-math.sin(q.anim_time*90*3+90+180)*1,0,1)",
						"0.5+math.cos(q.anim_time*90*3+120+180)*1.5"
					]
				},
				"leg_left": {
					"position": [
						"math.cos(q.anim_time*90*3+70)*0.1",
						"math.sin(q.anim_time*90*3+90)*1+math.clamp(-math.sin(q.anim_time*90*3+90)*1,0,1)",
						"0.5+math.cos(q.anim_time*90*3+120)*1.5"
					]
				},
				"wool": {
					"rotation": ["2*math.sin(q.anim_time*90*2-60)", "1*math.cos(q.anim_time*90*1-110)", "2*math.sin(q.anim_time*90*0.5-60)"]
				},
				"stache": {
					"position": [0, "0.05+0.1*math.cos(q.anim_time*90*4)", 0]
				},
				"stache_left": {
					"rotation": [0, "1*math.cos(q.anim_time*90*1-60)", "-3*math.sin(q.anim_time*90*2)"]
				},
				"stache_left2": {
					"rotation": [0, "1*math.cos(q.anim_time*90*1-110)", "-3*math.sin(q.anim_time*90*2-60)"]
				},
				"stache_right": {
					"rotation": [0, "1*math.cos(q.anim_time*90*1-60)", "3*math.sin(q.anim_time*90*2)"]
				},
				"stache_right2": {
					"rotation": [0, "1*math.cos(q.anim_time*90*1-110)", "3*math.sin(q.anim_time*90*2-60)"]
				},
				"elbow_right": {
					"rotation": [0, 0, "42.5-(math.sin(q.anim_time*90*2-60)*1+1)*2"]
				},
				"hand_right": {
					"rotation": [0, 0, "30-math.sin(q.anim_time*90*2-110)*2"]
				},
				"claws_right": {
					"rotation": [0, 0, 50]
				},
				"claw_right_right": {
					"rotation": [0, 0, "-math.sin(q.anim_time*90*2-110)*2"]
				},
				"claw_right_right2": {
					"rotation": [0, 0, "2.5-math.sin(q.anim_time*90*2-110)*2"]
				},
				"claw_right_left": {
					"rotation": [0, 0, "-math.sin(q.anim_time*90*2-110)*2"]
				},
				"claw_right_left2": {
					"rotation": [0, 0, "2.5-math.sin(q.anim_time*90*2-110)*2"]
				},
				"claw_right_middle": {
					"rotation": [0, 0, "2.5-math.sin(q.anim_time*90*2-110)*2"]
				},
				"claw_right_middle2": {
					"rotation": [0, 0, "7.5-math.sin(q.anim_time*90*2-110)*2"]
				},
				"claw_right_middle3": {
					"rotation": [0, 0, "5-math.sin(q.anim_time*90*2-110)*2"]
				},
				"elbow_left": {
					"rotation": [0, 0, "42.5-(math.sin(q.anim_time*90*2-60)*1+1)*2"]
				},
				"hand_left": {
					"rotation": [0, 0, "30-math.sin(q.anim_time*90*2-110)*2"]
				},
				"claws_left": {
					"rotation": [0, 0, 50]
				},
				"claw_left_left": {
					"rotation": [0, 0, "math.sin(q.anim_time*90*2-110)*2"]
				},
				"claw_left_left2": {
					"rotation": [0, 0, "-2.5+math.sin(q.anim_time*90*2-110)*2"]
				},
				"claw_left_middle": {
					"rotation": [0, 0, "-2.5+math.sin(q.anim_time*90*2-110)*2"]
				},
				"claw_left_middle2": {
					"rotation": [0, 0, "-7.5+math.sin(q.anim_time*90*2-110)*2"]
				},
				"claw_left_middle3": {
					"rotation": [0, 0, "-5+math.sin(q.anim_time*90*2-110)*2"]
				},
				"claw_left_right": {
					"rotation": [0, 0, "math.sin(q.anim_time*90*2-110)*2"]
				},
				"claw_left_right2": {
					"rotation": [0, 0, "-2.5+math.sin(q.anim_time*90*2-110)*2"]
				},
				"tuft_right": {
					"rotation": [0, "1*math.cos(q.anim_time*90*1-60)", "-2.5+3*math.sin(q.anim_time*90*2)"]
				},
				"tuft_left": {
					"rotation": [0, "1*math.cos(q.anim_time*90*1-60)", "-2.5-3*math.sin(q.anim_time*90*2)"]
				}
			}
		},
		"animation.pillosinge.sleep": {
			"loop": true,
			"bones": {
				"lower_torso": {
					"rotation": [0, 0, 0]
				},
				"upper_torso": {
					"scale": [1, 1, "1+(math.sin(q.anim_time*90*2))*0.01"]
				},
				"arm_right": {
					"rotation": [83.25491, 56.59974, 352.4381],
					"position": [0, -5.75, 0],
					"scale": [1, 1, "1-(math.sin(q.anim_time*90*2))*0.01"]
				},
				"arm_left": {
					"rotation": [-91.80479, 32.11861, 356.558],
					"position": [0, -7, 0],
					"scale": [1, 1, "1-(math.sin(q.anim_time*90*2))*0.01"]
				},
				"elbow_left": {
					"rotation": [0, 0, 70]
				},
				"hand_left": {
					"rotation": [0, 0, 37.5]
				},
				"claws_left": {
					"rotation": [0, 0, 50]
				},
				"claw_left_left2": {
					"rotation": [0, 0, -2.5]
				},
				"claw_left_middle2": {
					"rotation": [0, 0, -7.5]
				},
				"claw_left_middle3": {
					"rotation": [0, 0, -5]
				},
				"elbow_right": {
					"rotation": [0, 0, 40]
				},
				"hand_right": {
					"rotation": [0, 0, 62.5]
				},
				"claws_right": {
					"rotation": [0, 0, -12.5],
					"position": [-1.25, 0, 0]
				},
				"claw_right_right": {
					"rotation": [0, 0, 0]
				},
				"claw_right_right2": {
					"rotation": [0, 0, 2.5]
				},
				"claw_right_middle2": {
					"rotation": [0, 0, 7.5]
				},
				"claw_right_middle3": {
					"rotation": [0, 0, 5]
				},
				"claw_left_left": {
					"rotation": [0, 0, 0]
				},
				"wool": {
					"rotation": ["-25+2*math.sin(q.anim_time*90*2-60)*0.2", "1*math.cos(q.anim_time*90*1-110)*0.2", "2*math.sin(q.anim_time*90*0.5-60)*0.2"]
				},
				"stache_left": {
					"rotation": [0, "1*math.cos(q.anim_time*90*1-270)*0.1", "-3*math.sin(q.anim_time*90*2-270)*0.1"]
				},
				"stache_left2": {
					"rotation": [0, "1*math.cos(q.anim_time*90*1-110)*0.1", "-3*math.sin(q.anim_time*90*2-60)*0.1"]
				},
				"stache_right": {
					"rotation": [0, "1*math.cos(q.anim_time*90*1-270)*0.1", "3*math.sin(q.anim_time*90*2-270)*0.1"]
				},
				"stache_right2": {
					"rotation": [0, "1*math.cos(q.anim_time*90*1-110)*0.1", "3*math.sin(q.anim_time*90*2-60)*0.1"]
				},
				"claw_right_left": {
					"rotation": [0, 0, 0]
				},
				"claw_right_left2": {
					"rotation": [0, 0, 2.5]
				},
				"claw_right_middle": {
					"rotation": [0, 0, 2.5]
				},
				"claw_left_middle": {
					"rotation": [0, 0, -2.5]
				},
				"claw_left_right": {
					"rotation": [0, 0, 0]
				},
				"claw_left_right2": {
					"rotation": [0, 0, -2.5]
				},
				"tuft_right": {
					"rotation": [0, "1*math.cos(q.anim_time*90*1-60)*0.1", "-2.5+3*math.sin(q.anim_time*90*2)*0.1"]
				},
				"tuft_left": {
					"rotation": [0, "1*math.cos(q.anim_time*90*1-60)*0.1", "-2.5-3*math.sin(q.anim_time*90*2)*0.1"]
				},
				"tail": {
					"position": [0, 0, -3.5]
				},
				"body": {
					"rotation": [-90, 0, 0],
					"position": [0, 6.5, -15]
				},
				"eye_right": {
					"position": [0, -0.5, 0.25],
					"scale": [1, 0, 1]
				},
				"eye_left": {
					"position": [0, -0.5, 0.25],
					"scale": [1, 0, 1]
				},
				"leg_right": {
					"rotation": [37.5, 0, 0],
					"position": [0, -0.5, 1]
				},
				"leg_left": {
					"rotation": [37.5, 0, 0],
					"position": [0, -0.5, 1]
				}
			}
		},
		"animation.pillosinge.blink": {
			"animation_length": 0.1667,
			"bones": {
				"eye_right": {
					"position": {
						"0.0": [0, 0, 0],
						"0.0833": [0, -0.5, 0],
						"0.1667": [0, 0, 0]
					},
					"scale": {
						"0.0": [1, 1, 1],
						"0.0833": [1, 0, 1],
						"0.1667": [1, 1, 1]
					}
				},
				"eye_left": {
					"position": {
						"0.0": [0, 0, 0],
						"0.0833": [0, -0.5, 0],
						"0.1667": [0, 0, 0]
					},
					"scale": {
						"0.0": [1, 1, 1],
						"0.0833": [1, 0, 1],
						"0.1667": [1, 1, 1]
					}
				}
			}
		},
		"animation.pillosinge.quirk": {
			"animation_length": 2,
			"bones": {
				"lower_torso": {
					"rotation": {
						"0.0": {
							"post": [0, 0, 0],
							"lerp_mode": "catmullrom"
						},
						"1.4167": {
							"post": [7.5, 0, 0],
							"lerp_mode": "catmullrom"
						},
						"1.6667": {
							"post": [-2.5, 0, 0],
							"lerp_mode": "catmullrom"
						},
						"2.0": {
							"post": [0, 0, 0],
							"lerp_mode": "catmullrom"
						}
					}
				},
				"upper_torso": {
					"rotation": {
						"0.0": {
							"post": [0, 0, 0],
							"lerp_mode": "catmullrom"
						},
						"1.4167": {
							"post": [10, 0, 0],
							"lerp_mode": "catmullrom"
						},
						"1.6667": {
							"post": [-5, 0, 0],
							"lerp_mode": "catmullrom"
						},
						"2.0": {
							"post": [0, 0, 0],
							"lerp_mode": "catmullrom"
						}
					},
					"position": {
						"0.0": {
							"post": [0, 0, 0],
							"lerp_mode": "catmullrom"
						},
						"1.4167": {
							"post": [0, -2.75, 0.5],
							"lerp_mode": "catmullrom"
						},
						"1.6667": {
							"post": [0, -0.25, 0],
							"lerp_mode": "catmullrom"
						},
						"2.0": {
							"post": [0, 0, 0],
							"lerp_mode": "catmullrom"
						}
					}
				},
				"eyes": {
					"scale": {
						"0.0": {
							"post": [1, 1, 1],
							"lerp_mode": "catmullrom"
						},
						"1.4167": {
							"post": [1, 0.5, 1],
							"lerp_mode": "catmullrom"
						},
						"1.6667": {
							"post": [1.091, 1.2, 1],
							"lerp_mode": "catmullrom"
						},
						"2.0": {
							"post": [1, 1, 1],
							"lerp_mode": "catmullrom"
						}
					}
				},
				"stache_left": {
					"rotation": {
						"0.0": {
							"post": [0, 0, 0],
							"lerp_mode": "catmullrom"
						},
						"1.4167": {
							"post": [0, 0, 15],
							"lerp_mode": "catmullrom"
						},
						"1.6667": {
							"post": [0, 0, -17.5],
							"lerp_mode": "catmullrom"
						},
						"2.0": {
							"post": [0, 0, 0],
							"lerp_mode": "catmullrom"
						}
					}
				},
				"stache_right": {
					"rotation": {
						"0.0": {
							"post": [0, 0, 0],
							"lerp_mode": "catmullrom"
						},
						"1.4167": {
							"post": [0, 0, -15],
							"lerp_mode": "catmullrom"
						},
						"1.6667": {
							"post": [0, 0, 17.5],
							"lerp_mode": "catmullrom"
						},
						"2.0": {
							"post": [0, 0, 0],
							"lerp_mode": "catmullrom"
						}
					}
				}
			}
		},
		"animation.pillosinge.battle_idle": {
			"loop": true,
			"bones": {
				"lower_torso": {
					"rotation": ["12.5+1*math.sin(q.anim_time*90*2-60)", "0+0.5*math.cos(q.anim_time*90*1)", "0+1*math.sin(q.anim_time*90*0.5)"],
					"position": [0, "-0.15*(math.sin(q.anim_time*90*2-90)*1+1)", "0.25*(math.sin(q.anim_time*90*2-90)*1+1)"]
				},
				"upper_torso": {
					"rotation": ["-7.5+1*math.sin(q.anim_time*90*2-110)", "0.5*math.cos(q.anim_time*90*1-60)", 0]
				},
				"arm_right": {
					"rotation": [87.55513, 32.7038, "359.4372+(math.sin(q.anim_time*90*2)*1+1)*2"],
					"position": [0, -6, 0]
				},
				"arm_left": {
					"rotation": [-87.76134, 32.70377, "359.4372-(math.sin(q.anim_time*90*2)*1+1)*2"],
					"position": [0, -6, 0]
				},
				"elbow_left": {
					"rotation": [0, 0, "47.5-(math.sin(q.anim_time*90*2-60)*1+1)*2"]
				},
				"hand_left": {
					"rotation": [0, 0, "42.5-math.sin(q.anim_time*90*2-110)*2"]
				},
				"claws_left": {
					"rotation": [0, 0, 50]
				},
				"elbow_right": {
					"rotation": [0, 0, "47.5-(math.sin(q.anim_time*90*2-60)*1+1)*2"]
				},
				"hand_right": {
					"rotation": [0, 0, "42.5-math.sin(q.anim_time*90*2-110)*2"]
				},
				"claws_right": {
					"rotation": [0, 0, 50]
				},
				"wool": {
					"rotation": ["2*math.sin(q.anim_time*90*2-60)", "1*math.cos(q.anim_time*90*1-110)", "2*math.sin(q.anim_time*90*0.5-60)"]
				},
				"stache_left": {
					"rotation": [0, "1*math.cos(q.anim_time*90*1-60)", "-3*math.sin(q.anim_time*90*2)"]
				},
				"stache_left2": {
					"rotation": [0, "1*math.cos(q.anim_time*90*1-110)", "-3*math.sin(q.anim_time*90*2-60)"]
				},
				"stache_right": {
					"rotation": [0, "1*math.cos(q.anim_time*90*1-60)", "3*math.sin(q.anim_time*90*2)"]
				},
				"stache_right2": {
					"rotation": [0, "1*math.cos(q.anim_time*90*1-110)", "3*math.sin(q.anim_time*90*2-60)"]
				},
				"tuft_right": {
					"rotation": [0, "1*math.cos(q.anim_time*90*1-60)", "-2.5+3*math.sin(q.anim_time*90*2)"]
				},
				"tuft_left": {
					"rotation": [0, "1*math.cos(q.anim_time*90*1-60)", "-2.5-3*math.sin(q.anim_time*90*2)"]
				},
				"tail": {
					"rotation": ["-2.5+3*math.sin(q.anim_time*90*2-110)", "1*math.cos(q.anim_time*90*1-60)", 0]
				},
				"eye_right": {
					"rotation": [0, 0, 22.5],
					"position": [0.5, 0, 0]
				},
				"eye_left": {
					"rotation": [0, 0, -22.5],
					"position": [-0.5, 0, 0]
				},
				"claw_right_right": {
					"rotation": [0, 0, "-math.sin(q.anim_time*90*2-110)*2"]
				},
				"claw_right_right2": {
					"rotation": [0, 0, "2.5-math.sin(q.anim_time*90*2-110)*2"]
				},
				"claw_right_left": {
					"rotation": [0, 0, "-math.sin(q.anim_time*90*2-110)*2"]
				},
				"claw_right_left2": {
					"rotation": [0, 0, "2.5-math.sin(q.anim_time*90*2-110)*2"]
				},
				"claw_right_middle": {
					"rotation": [0, 0, "-math.sin(q.anim_time*90*2-110)*2"]
				},
				"claw_right_middle2": {
					"rotation": [0, 0, "2.5-math.sin(q.anim_time*90*2-110)*2"]
				},
				"claw_right_middle3": {
					"rotation": [0, 0, "2.5-math.sin(q.anim_time*90*2-110)*2"]
				},
				"claw_left_left": {
					"rotation": [0, 0, "math.sin(q.anim_time*90*2-110)*2"]
				},
				"claw_left_left2": {
					"rotation": [0, 0, "-2.5+math.sin(q.anim_time*90*2-110)*2"]
				},
				"claw_left_middle": {
					"rotation": [0, 0, "math.sin(q.anim_time*90*2-110)*2"]
				},
				"claw_left_middle2": {
					"rotation": [0, 0, "-2.5+math.sin(q.anim_time*90*2-110)*2"]
				},
				"claw_left_middle3": {
					"rotation": [0, 0, "-2.5+math.sin(q.anim_time*90*2-110)*2"]
				},
				"claw_left_right": {
					"rotation": [0, 0, "math.sin(q.anim_time*90*2-110)*2"]
				},
				"claw_left_right2": {
					"rotation": [0, 0, "-2.5+math.sin(q.anim_time*90*2-110)*2"]
				}
			}
		},
		"animation.pillosinge.status": {
			"animation_length": 2,
			"bones": {
				"lower_torso": {
					"rotation": {
						"0.0": ["12.5+1*math.sin(q.anim_time*90*2-60)", "0+0.5*math.cos(q.anim_time*90*1)", "0+1*math.sin(q.anim_time*90*0.5)"],
						"1.0": ["35+1*math.sin(q.anim_time*90*2-60)", "0+0.5*math.cos(q.anim_time*90*1)", "0+1*math.sin(q.anim_time*90*0.5)"],
						"1.25": [-15.36618, "0+0.5*math.cos(q.anim_time*90*1)", "0+1*math.sin(q.anim_time*90*0.5)"],
						"2.0": ["12.5+1*math.sin(q.anim_time*90*2-60)", "0+0.5*math.cos(q.anim_time*90*1)", "0+1*math.sin(q.anim_time*90*0.5)"]
					},
					"position": {
						"0.0": [0, "-0.15*(math.sin(q.anim_time*90*2-90)*1+1)", "0.25*(math.sin(q.anim_time*90*2-90)*1+1)"],
						"2.0": [0, "-0.15*(math.sin(q.anim_time*90*2-90)*1+1)", "0.25*(math.sin(q.anim_time*90*2-90)*1+1)"]
					}
				},
				"upper_torso": {
					"rotation": {
						"0.0": ["-7.5+1*math.sin(q.anim_time*90*2-110)", "0.5*math.cos(q.anim_time*90*1-60)", 0],
						"1.0": ["10+1*math.sin(q.anim_time*90*2-110)", "0.5*math.cos(q.anim_time*90*1-60)", 0],
						"1.25": [-8.46869, "0+0.5*math.cos(q.anim_time*90*1-60)", 0],
						"1.2917": [-10.86802, 0.27779, 0],
						"1.3333": [-8.46869, "0+0.5*math.cos(q.anim_time*90*1-60)", 0],
						"1.375": [-10.86802, 0.27779, 0],
						"1.4167": [-8.46869, "0+0.5*math.cos(q.anim_time*90*1-60)", 0],
						"1.4583": [-10.86802, 0.27779, 0],
						"1.5": [-8.46869, "0+0.5*math.cos(q.anim_time*90*1-60)", 0],
						"1.5417": [-10.86802, 0.27779, 0],
						"2.0": ["-7.5+1*math.sin(q.anim_time*90*2-110)", "0.5*math.cos(q.anim_time*90*1-60)", 0]
					},
					"position": {
						"0.0": [0, 0, 0],
						"1.0": [0, -3, 0.25],
						"1.25": [0, -0.19, -0.06],
						"2.0": [0, 0, 0]
					}
				},
				"arm_right": {
					"rotation": {
						"0.0": [87.55513, 32.7038, "359.4372+(math.sin(q.anim_time*90*2)*1+1)*2"],
						"1.0": [117.55513, 32.7038, "359.4372+(math.sin(q.anim_time*90*2)*1+1)*2"],
						"1.25": [165.79495, -5.9085, "370.5673+(math.sin(q.anim_time*90*2)*1+1)*2"],
						"2.0": [87.55513, 32.7038, "359.4372+(math.sin(q.anim_time*90*2)*1+1)*2"]
					},
					"position": {
						"0.0": [0, -6, 0],
						"1.0": [0, -6, 0],
						"1.25": [0, -8.75, -5],
						"2.0": [0, -6, 0]
					}
				},
				"arm_left": {
					"rotation": {
						"0.0": [-87.76134, 32.70377, "359.4372-(math.sin(q.anim_time*90*2)*1+1)*2"],
						"1.0": [-127.76134, 32.70377, "359.4372-(math.sin(q.anim_time*90*2)*1+1)*2"],
						"1.25": [-175.99685, 5.28019, "357.2419-(math.sin(q.anim_time*90*2)*1+1)*2"],
						"2.0": [-87.76134, 32.70377, "359.4372-(math.sin(q.anim_time*90*2)*1+1)*2"]
					},
					"position": {
						"0.0": [0, -6, 0],
						"1.0": [0, -6, 0],
						"1.25": [0, -7.75, -6.5],
						"2.0": [0, -6, 0]
					}
				},
				"elbow_left": {
					"rotation": {
						"0.0": [0, 0, "47.5-(math.sin(q.anim_time*90*2-60)*1+1)*2"],
						"1.25": [0, 0, "27.5-(math.sin(q.anim_time*90*2-60)*1+1)*2"],
						"2.0": [0, 0, "47.5-(math.sin(q.anim_time*90*2-60)*1+1)*2"]
					}
				},
				"hand_left": {
					"rotation": {
						"0.0": [0, 0, "42.5-math.sin(q.anim_time*90*2-110)*2"],
						"1.25": [0, 0, "20-math.sin(q.anim_time*90*2-110)*2"],
						"2.0": [0, 0, "42.5-math.sin(q.anim_time*90*2-110)*2"]
					}
				},
				"claws_left": {
					"rotation": {
						"0.0": [0, 0, 50],
						"2.0": [0, 0, 50]
					}
				},
				"elbow_right": {
					"rotation": {
						"0.0": [0, 0, "47.5-(math.sin(q.anim_time*90*2-60)*1+1)*2"],
						"1.25": [0, 0, "27.5-(math.sin(q.anim_time*90*2-60)*1+1)*2"],
						"2.0": [0, 0, "47.5-(math.sin(q.anim_time*90*2-60)*1+1)*2"]
					}
				},
				"hand_right": {
					"rotation": {
						"0.0": [0, 0, "42.5-math.sin(q.anim_time*90*2-110)*2"],
						"1.25": [0, 0, "20-math.sin(q.anim_time*90*2-110)*2"],
						"2.0": [0, 0, "42.5-math.sin(q.anim_time*90*2-110)*2"]
					}
				},
				"claws_right": {
					"rotation": {
						"0.0": [0, 0, 50],
						"2.0": [0, 0, 50]
					}
				},
				"wool": {
					"rotation": {
						"0.0": ["2*math.sin(q.anim_time*90*2-60)", "1*math.cos(q.anim_time*90*1-110)", "2*math.sin(q.anim_time*90*0.5-60)"],
						"2.0": ["2*math.sin(q.anim_time*90*2-60)", "1*math.cos(q.anim_time*90*1-110)", "2*math.sin(q.anim_time*90*0.5-60)"]
					}
				},
				"stache_left": {
					"rotation": {
						"0.0": [0, "1*math.cos(q.anim_time*90*1-60)", "-3*math.sin(q.anim_time*90*2)"],
						"1.0": [0, "1*math.cos(q.anim_time*90*1-60)", "-3*math.sin(q.anim_time*90*2)"],
						"1.25": [-0.15757, "-0.0207+1*math.cos(q.anim_time*90*1-60)", "-15.0006-3*math.sin(q.anim_time*90*2)"],
						"2.0": [0, "1*math.cos(q.anim_time*90*1-60)", "-3*math.sin(q.anim_time*90*2)"]
					}
				},
				"stache_left2": {
					"rotation": {
						"0.0": [0, "1*math.cos(q.anim_time*90*1-110)", "-3*math.sin(q.anim_time*90*2-60)"],
						"2.0": [0, "1*math.cos(q.anim_time*90*1-110)", "-3*math.sin(q.anim_time*90*2-60)"]
					}
				},
				"stache_right": {
					"rotation": {
						"0.0": [0, "1*math.cos(q.anim_time*90*1-60)", "3*math.sin(q.anim_time*90*2)"],
						"1.0": [0, "1*math.cos(q.anim_time*90*1-60)", "3*math.sin(q.anim_time*90*2)"],
						"1.25": [0.15757, "-0.0207+1*math.cos(q.anim_time*90*1-60)", "15.0006+3*math.sin(q.anim_time*90*2)"],
						"2.0": [0, "1*math.cos(q.anim_time*90*1-60)", "3*math.sin(q.anim_time*90*2)"]
					}
				},
				"stache_right2": {
					"rotation": {
						"0.0": [0, "1*math.cos(q.anim_time*90*1-110)", "3*math.sin(q.anim_time*90*2-60)"],
						"2.0": [0, "1*math.cos(q.anim_time*90*1-110)", "3*math.sin(q.anim_time*90*2-60)"]
					}
				},
				"tuft_right": {
					"rotation": {
						"0.0": [0, "1*math.cos(q.anim_time*90*1-60)", "-2.5+3*math.sin(q.anim_time*90*2)"],
						"2.0": [0, "1*math.cos(q.anim_time*90*1-60)", "-2.5+3*math.sin(q.anim_time*90*2)"]
					}
				},
				"tuft_left": {
					"rotation": {
						"0.0": [0, "1*math.cos(q.anim_time*90*1-60)", "-2.5-3*math.sin(q.anim_time*90*2)"],
						"2.0": [0, "1*math.cos(q.anim_time*90*1-60)", "-2.5-3*math.sin(q.anim_time*90*2)"]
					}
				},
				"tail": {
					"rotation": {
						"0.0": ["-2.5+3*math.sin(q.anim_time*90*2-110)", "1*math.cos(q.anim_time*90*1-60)", 0],
						"2.0": ["-2.5+3*math.sin(q.anim_time*90*2-110)", "1*math.cos(q.anim_time*90*1-60)", 0]
					}
				},
				"eye_right": {
					"rotation": {
						"0.0": [0, 0, 22.5],
						"1.0": [0, 0, 22.5],
						"2.0": [0, 0, 22.5]
					},
					"position": [0.5, 0, 0]
				},
				"eye_left": {
					"rotation": {
						"0.0": [0, 0, -22.5],
						"1.0": [0, 0, -22.5],
						"2.0": [0, 0, -22.5]
					},
					"position": [-0.5, 0, 0]
				},
				"claw_right_right": {
					"rotation": {
						"0.0": [0, 0, "-math.sin(q.anim_time*90*2-110)*2"],
						"2.0": [0, 0, "-math.sin(q.anim_time*90*2-110)*2"]
					}
				},
				"claw_right_right2": {
					"rotation": {
						"0.0": [0, 0, "2.5-math.sin(q.anim_time*90*2-110)*2"],
						"2.0": [0, 0, "2.5-math.sin(q.anim_time*90*2-110)*2"]
					}
				},
				"claw_right_left": {
					"rotation": {
						"0.0": [0, 0, "-math.sin(q.anim_time*90*2-110)*2"],
						"2.0": [0, 0, "-math.sin(q.anim_time*90*2-110)*2"]
					}
				},
				"claw_right_left2": {
					"rotation": {
						"0.0": [0, 0, "2.5-math.sin(q.anim_time*90*2-110)*2"],
						"2.0": [0, 0, "2.5-math.sin(q.anim_time*90*2-110)*2"]
					}
				},
				"claw_right_middle": {
					"rotation": {
						"0.0": [0, 0, "-math.sin(q.anim_time*90*2-110)*2"],
						"2.0": [0, 0, "-math.sin(q.anim_time*90*2-110)*2"]
					}
				},
				"claw_right_middle2": {
					"rotation": {
						"0.0": [0, 0, "2.5-math.sin(q.anim_time*90*2-110)*2"],
						"2.0": [0, 0, "2.5-math.sin(q.anim_time*90*2-110)*2"]
					}
				},
				"claw_right_middle3": {
					"rotation": {
						"0.0": [0, 0, "2.5-math.sin(q.anim_time*90*2-110)*2"],
						"2.0": [0, 0, "2.5-math.sin(q.anim_time*90*2-110)*2"]
					}
				},
				"claw_left_left": {
					"rotation": {
						"0.0": [0, 0, "math.sin(q.anim_time*90*2-110)*2"],
						"2.0": [0, 0, "math.sin(q.anim_time*90*2-110)*2"]
					}
				},
				"claw_left_left2": {
					"rotation": {
						"0.0": [0, 0, "-2.5+math.sin(q.anim_time*90*2-110)*2"],
						"2.0": [0, 0, "-2.5+math.sin(q.anim_time*90*2-110)*2"]
					}
				},
				"claw_left_middle": {
					"rotation": {
						"0.0": [0, 0, "math.sin(q.anim_time*90*2-110)*2"],
						"2.0": [0, 0, "math.sin(q.anim_time*90*2-110)*2"]
					}
				},
				"claw_left_middle2": {
					"rotation": {
						"0.0": [0, 0, "-2.5+math.sin(q.anim_time*90*2-110)*2"],
						"2.0": [0, 0, "-2.5+math.sin(q.anim_time*90*2-110)*2"]
					}
				},
				"claw_left_middle3": {
					"rotation": {
						"0.0": [0, 0, "-2.5+math.sin(q.anim_time*90*2-110)*2"],
						"2.0": [0, 0, "-2.5+math.sin(q.anim_time*90*2-110)*2"]
					}
				},
				"claw_left_right": {
					"rotation": {
						"0.0": [0, 0, "math.sin(q.anim_time*90*2-110)*2"],
						"2.0": [0, 0, "math.sin(q.anim_time*90*2-110)*2"]
					}
				},
				"claw_left_right2": {
					"rotation": {
						"0.0": [0, 0, "-2.5+math.sin(q.anim_time*90*2-110)*2"],
						"2.0": [0, 0, "-2.5+math.sin(q.anim_time*90*2-110)*2"]
					}
				},
				"leg_right": {
					"position": {
						"0.0": {
							"post": [0, 0, 0],
							"lerp_mode": "catmullrom"
						},
						"0.25": {
							"post": [0, -0.17, 0],
							"lerp_mode": "catmullrom"
						},
						"0.5": {
							"post": [0, 1, 0],
							"lerp_mode": "catmullrom"
						},
						"0.75": {
							"post": [0, 0, 0],
							"lerp_mode": "catmullrom"
						},
						"2.0": {
							"post": [0, 0, 0],
							"lerp_mode": "catmullrom"
						}
					}
				}
			}
		},
		"animation.pillosinge.physical": {
			"animation_length": 2,
			"bones": {
				"lower_torso": {
					"rotation": {
						"0.0": ["12.5+1*math.sin(q.anim_time*90*2-60)", "0+0.5*math.cos(q.anim_time*90*1)", "0+1*math.sin(q.anim_time*90*0.5)"],
						"1.0": ["15.6793+1*math.sin(q.anim_time*90*2-60)", "12.8861+0.5*math.cos(q.anim_time*90*1)", "7.3347+1*math.sin(q.anim_time*90*0.5)"],
						"1.25": [-27.21509, "-54.3991+0.5*math.cos(q.anim_time*90*1)", "22.6882+1*math.sin(q.anim_time*90*0.5)"],
						"2.0": ["12.5+1*math.sin(q.anim_time*90*2-60)", "0+0.5*math.cos(q.anim_time*90*1)", "0+1*math.sin(q.anim_time*90*0.5)"]
					},
					"position": {
						"0.0": [0, "-0.15*(math.sin(q.anim_time*90*2-90)*1+1)", "0.25*(math.sin(q.anim_time*90*2-90)*1+1)"],
						"2.0": [0, "-0.15*(math.sin(q.anim_time*90*2-90)*1+1)", "0.25*(math.sin(q.anim_time*90*2-90)*1+1)"]
					}
				},
				"upper_torso": {
					"rotation": {
						"0.0": ["-7.5+1*math.sin(q.anim_time*90*2-110)", "0.5*math.cos(q.anim_time*90*1-60)", 0],
						"1.0": ["-7.5+1*math.sin(q.anim_time*90*2-110)", "0.5*math.cos(q.anim_time*90*1-60)", 0],
						"1.25": [-8.46869, "0+0.5*math.cos(q.anim_time*90*1-60)", 0],
						"2.0": ["-7.5+1*math.sin(q.anim_time*90*2-110)", "0.5*math.cos(q.anim_time*90*1-60)", 0]
					},
					"position": {
						"0.0": [0, 0, 0],
						"1.0": [0, 0, 0],
						"1.25": [0, -0.19, -0.06],
						"2.0": [0, 0, 0]
					}
				},
				"arm_right": {
					"rotation": {
						"0.0": [87.55513, 32.7038, "359.4372+(math.sin(q.anim_time*90*2)*1+1)*2"],
						"1.0": [96.30547, -14.48969, "353.7499+(math.sin(q.anim_time*90*2)*1+1)*2"],
						"1.25": [67.43552, 32.85272, "354.2997+(math.sin(q.anim_time*90*2)*1+1)*2"],
						"2.0": [87.55513, 32.7038, "359.4372+(math.sin(q.anim_time*90*2)*1+1)*2"]
					},
					"position": {
						"0.0": [0, -6, 0],
						"1.0": [2, -6, 0],
						"1.25": [0, -7.75, 0.5],
						"2.0": [0, -6, 0]
					}
				},
				"arm_left": {
					"rotation": {
						"0.0": [-87.76134, 32.70377, "359.4372-(math.sin(q.anim_time*90*2)*1+1)*2"],
						"1.0": [-87.76134, 32.70377, "359.4372-(math.sin(q.anim_time*90*2)*1+1)*2"],
						"1.25": [-175.99685, 5.28019, "357.2419-(math.sin(q.anim_time*90*2)*1+1)*2"],
						"2.0": [-87.76134, 32.70377, "359.4372-(math.sin(q.anim_time*90*2)*1+1)*2"]
					},
					"position": {
						"0.0": [0, -6, 0],
						"1.0": [0, -7.75, 0],
						"1.25": [0, -7.75, -6.5],
						"2.0": [0, -6, 0]
					}
				},
				"elbow_left": {
					"rotation": {
						"0.0": [0, 0, "47.5-(math.sin(q.anim_time*90*2-60)*1+1)*2"],
						"1.25": [0, 0, "27.5-(math.sin(q.anim_time*90*2-60)*1+1)*2"],
						"2.0": [0, 0, "47.5-(math.sin(q.anim_time*90*2-60)*1+1)*2"]
					}
				},
				"hand_left": {
					"rotation": {
						"0.0": [0, 0, "42.5-math.sin(q.anim_time*90*2-110)*2"],
						"1.25": [0, 0, "20-math.sin(q.anim_time*90*2-110)*2"],
						"2.0": [0, 0, "42.5-math.sin(q.anim_time*90*2-110)*2"]
					}
				},
				"claws_left": {
					"rotation": {
						"0.0": [0, 0, 50],
						"2.0": [0, 0, 50]
					}
				},
				"elbow_right": {
					"rotation": {
						"0.0": [0, 0, "47.5-(math.sin(q.anim_time*90*2-60)*1+1)*2"],
						"1.0": [0, 0, -17.23],
						"1.25": [0, 0, 50.82],
						"2.0": [0, 0, "47.5-(math.sin(q.anim_time*90*2-60)*1+1)*2"]
					},
					"position": {
						"0.0": [0, 0, 0],
						"1.0": [-2.75, 0, 0],
						"1.25": [-0.75, 0, 0],
						"2.0": [0, 0, 0]
					}
				},
				"hand_right": {
					"rotation": {
						"0.0": [0, 0, "42.5-math.sin(q.anim_time*90*2-110)*2"],
						"1.0": [0, 0, -19.88],
						"1.25": [0, 0, 35.26],
						"2.0": [0, 0, "42.5-math.sin(q.anim_time*90*2-110)*2"]
					},
					"position": {
						"0.0": [0, 0, 0],
						"1.0": [-3, -0.5, 0],
						"1.25": [-0.75, 0, 0],
						"2.0": [0, 0, 0]
					}
				},
				"claws_right": {
					"rotation": {
						"0.0": [0, 0, 50],
						"1.0": [0, 0, -37.5],
						"1.25": [0, 0, 50],
						"2.0": [0, 0, 50]
					},
					"position": {
						"0.0": [0, 0, 0],
						"1.0": [-3.75, -1.25, 0],
						"1.25": [0, 0, 0],
						"2.0": [0, 0, 0]
					}
				},
				"wool": {
					"rotation": {
						"0.0": ["2*math.sin(q.anim_time*90*2-60)", "1*math.cos(q.anim_time*90*1-110)", "2*math.sin(q.anim_time*90*0.5-60)"],
						"2.0": ["2*math.sin(q.anim_time*90*2-60)", "1*math.cos(q.anim_time*90*1-110)", "2*math.sin(q.anim_time*90*0.5-60)"]
					}
				},
				"stache_left": {
					"rotation": {
						"0.0": [0, "1*math.cos(q.anim_time*90*1-60)", "-3*math.sin(q.anim_time*90*2)"],
						"1.0": [0, "1*math.cos(q.anim_time*90*1-60)", "-3*math.sin(q.anim_time*90*2)"],
						"1.25": [-0.15757, "-0.0207+1*math.cos(q.anim_time*90*1-60)", "-15.0006-3*math.sin(q.anim_time*90*2)"],
						"2.0": [0, "1*math.cos(q.anim_time*90*1-60)", "-3*math.sin(q.anim_time*90*2)"]
					}
				},
				"stache_left2": {
					"rotation": {
						"0.0": [0, "1*math.cos(q.anim_time*90*1-110)", "-3*math.sin(q.anim_time*90*2-60)"],
						"2.0": [0, "1*math.cos(q.anim_time*90*1-110)", "-3*math.sin(q.anim_time*90*2-60)"]
					}
				},
				"stache_right": {
					"rotation": {
						"0.0": [0, "1*math.cos(q.anim_time*90*1-60)", "3*math.sin(q.anim_time*90*2)"],
						"1.0": [0, "1*math.cos(q.anim_time*90*1-60)", "3*math.sin(q.anim_time*90*2)"],
						"1.25": [0.15757, "-0.0207+1*math.cos(q.anim_time*90*1-60)", "15.0006+3*math.sin(q.anim_time*90*2)"],
						"2.0": [0, "1*math.cos(q.anim_time*90*1-60)", "3*math.sin(q.anim_time*90*2)"]
					}
				},
				"stache_right2": {
					"rotation": {
						"0.0": [0, "1*math.cos(q.anim_time*90*1-110)", "3*math.sin(q.anim_time*90*2-60)"],
						"2.0": [0, "1*math.cos(q.anim_time*90*1-110)", "3*math.sin(q.anim_time*90*2-60)"]
					}
				},
				"tuft_right": {
					"rotation": {
						"0.0": [0, "1*math.cos(q.anim_time*90*1-60)", "-2.5+3*math.sin(q.anim_time*90*2)"],
						"2.0": [0, "1*math.cos(q.anim_time*90*1-60)", "-2.5+3*math.sin(q.anim_time*90*2)"]
					}
				},
				"tuft_left": {
					"rotation": {
						"0.0": [0, "1*math.cos(q.anim_time*90*1-60)", "-2.5-3*math.sin(q.anim_time*90*2)"],
						"2.0": [0, "1*math.cos(q.anim_time*90*1-60)", "-2.5-3*math.sin(q.anim_time*90*2)"]
					}
				},
				"tail": {
					"rotation": {
						"0.0": ["-2.5+3*math.sin(q.anim_time*90*2-110)", "1*math.cos(q.anim_time*90*1-60)", 0],
						"2.0": ["-2.5+3*math.sin(q.anim_time*90*2-110)", "1*math.cos(q.anim_time*90*1-60)", 0]
					}
				},
				"eye_right": {
					"rotation": {
						"0.0": [0, 0, 22.5],
						"1.0": [0, 0, 22.5],
						"2.0": [0, 0, 22.5]
					},
					"position": [0.5, 0, 0]
				},
				"eye_left": {
					"rotation": {
						"0.0": [0, 0, -22.5],
						"1.0": [0, 0, -22.5],
						"2.0": [0, 0, -22.5]
					},
					"position": [-0.5, 0, 0]
				},
				"claw_right_right": {
					"rotation": {
						"0.0": [0, 0, "-math.sin(q.anim_time*90*2-110)*2"],
						"2.0": [0, 0, "-math.sin(q.anim_time*90*2-110)*2"]
					}
				},
				"claw_right_right2": {
					"rotation": {
						"0.0": [0, 0, "2.5-math.sin(q.anim_time*90*2-110)*2"],
						"2.0": [0, 0, "2.5-math.sin(q.anim_time*90*2-110)*2"]
					}
				},
				"claw_right_left": {
					"rotation": {
						"0.0": [0, 0, "-math.sin(q.anim_time*90*2-110)*2"],
						"2.0": [0, 0, "-math.sin(q.anim_time*90*2-110)*2"]
					}
				},
				"claw_right_left2": {
					"rotation": {
						"0.0": [0, 0, "2.5-math.sin(q.anim_time*90*2-110)*2"],
						"2.0": [0, 0, "2.5-math.sin(q.anim_time*90*2-110)*2"]
					}
				},
				"claw_right_middle": {
					"rotation": {
						"0.0": [0, 0, "-math.sin(q.anim_time*90*2-110)*2"],
						"2.0": [0, 0, "-math.sin(q.anim_time*90*2-110)*2"]
					}
				},
				"claw_right_middle2": {
					"rotation": {
						"0.0": [0, 0, "2.5-math.sin(q.anim_time*90*2-110)*2"],
						"2.0": [0, 0, "2.5-math.sin(q.anim_time*90*2-110)*2"]
					}
				},
				"claw_right_middle3": {
					"rotation": {
						"0.0": [0, 0, "2.5-math.sin(q.anim_time*90*2-110)*2"],
						"2.0": [0, 0, "2.5-math.sin(q.anim_time*90*2-110)*2"]
					}
				},
				"claw_left_left": {
					"rotation": {
						"0.0": [0, 0, "math.sin(q.anim_time*90*2-110)*2"],
						"2.0": [0, 0, "math.sin(q.anim_time*90*2-110)*2"]
					}
				},
				"claw_left_left2": {
					"rotation": {
						"0.0": [0, 0, "-2.5+math.sin(q.anim_time*90*2-110)*2"],
						"2.0": [0, 0, "-2.5+math.sin(q.anim_time*90*2-110)*2"]
					}
				},
				"claw_left_middle": {
					"rotation": {
						"0.0": [0, 0, "math.sin(q.anim_time*90*2-110)*2"],
						"2.0": [0, 0, "math.sin(q.anim_time*90*2-110)*2"]
					}
				},
				"claw_left_middle2": {
					"rotation": {
						"0.0": [0, 0, "-2.5+math.sin(q.anim_time*90*2-110)*2"],
						"2.0": [0, 0, "-2.5+math.sin(q.anim_time*90*2-110)*2"]
					}
				},
				"claw_left_middle3": {
					"rotation": {
						"0.0": [0, 0, "-2.5+math.sin(q.anim_time*90*2-110)*2"],
						"2.0": [0, 0, "-2.5+math.sin(q.anim_time*90*2-110)*2"]
					}
				},
				"claw_left_right": {
					"rotation": {
						"0.0": [0, 0, "math.sin(q.anim_time*90*2-110)*2"],
						"2.0": [0, 0, "math.sin(q.anim_time*90*2-110)*2"]
					}
				},
				"claw_left_right2": {
					"rotation": {
						"0.0": [0, 0, "-2.5+math.sin(q.anim_time*90*2-110)*2"],
						"2.0": [0, 0, "-2.5+math.sin(q.anim_time*90*2-110)*2"]
					}
				},
				"leg_right": {
					"position": {
						"0.0": {
							"post": [0, 0, 0],
							"lerp_mode": "catmullrom"
						},
						"0.25": {
							"post": [0, -0.17, 0],
							"lerp_mode": "catmullrom"
						},
						"0.5": {
							"post": [0, 1, 0],
							"lerp_mode": "catmullrom"
						},
						"0.75": {
							"post": [0, 0, 0],
							"lerp_mode": "catmullrom"
						},
						"2.0": {
							"post": [0, 0, 0],
							"lerp_mode": "catmullrom"
						}
					}
				}
			}
		},
		"animation.pillosinge.special": {
			"animation_length": 2,
			"bones": {
				"lower_torso": {
					"rotation": {
						"0.0": ["12.5+1*math.sin(q.anim_time*90*2-60)", "0+0.5*math.cos(q.anim_time*90*1)", "0+1*math.sin(q.anim_time*90*0.5)"],
						"1.0": ["-7.5+1*math.sin(q.anim_time*90*2-60)", "0+0.5*math.cos(q.anim_time*90*1)", "0+1*math.sin(q.anim_time*90*0.5)"],
						"1.25": ["17.5+1*math.sin(q.anim_time*90*2-60)", "0+0.5*math.cos(q.anim_time*90*1)", "0+1*math.sin(q.anim_time*90*0.5)"],
						"2.0": ["12.5+1*math.sin(q.anim_time*90*2-60)", "0+0.5*math.cos(q.anim_time*90*1)", "0+1*math.sin(q.anim_time*90*0.5)"]
					},
					"position": {
						"0.0": [0, "-0.15*(math.sin(q.anim_time*90*2-90)*1+1)", "0.25*(math.sin(q.anim_time*90*2-90)*1+1)"],
						"2.0": [0, "-0.15*(math.sin(q.anim_time*90*2-90)*1+1)", "0.25*(math.sin(q.anim_time*90*2-90)*1+1)"]
					}
				},
				"upper_torso": {
					"rotation": {
						"0.0": ["-7.5+1*math.sin(q.anim_time*90*2-110)", "0.5*math.cos(q.anim_time*90*1-60)", 0],
						"1.0": ["-15+1*math.sin(q.anim_time*90*2-110)", "0+0.5*math.cos(q.anim_time*90*1-60)", 0],
						"1.25": ["7.5+1*math.sin(q.anim_time*90*2-110)", "0+0.5*math.cos(q.anim_time*90*1-60)", 0],
						"1.2917": ["5+1*math.sin(q.anim_time*90*2-110)", "0.5*math.cos(q.anim_time*90*1-60)", 0],
						"1.3333": ["7.5+1*math.sin(q.anim_time*90*2-110)", "0+0.5*math.cos(q.anim_time*90*1-60)", 0],
						"1.375": ["5+1*math.sin(q.anim_time*90*2-110)", "0.5*math.cos(q.anim_time*90*1-60)", 0],
						"1.4167": ["7.5+1*math.sin(q.anim_time*90*2-110)", "0+0.5*math.cos(q.anim_time*90*1-60)", 0],
						"1.4583": ["5+1*math.sin(q.anim_time*90*2-110)", "0.5*math.cos(q.anim_time*90*1-60)", 0],
						"1.5": ["7.5+1*math.sin(q.anim_time*90*2-110)", "0+0.5*math.cos(q.anim_time*90*1-60)", 0],
						"1.5417": ["5+1*math.sin(q.anim_time*90*2-110)", "0.5*math.cos(q.anim_time*90*1-60)", 0],
						"1.5833": ["7.5+1*math.sin(q.anim_time*90*2-110)", "0+0.5*math.cos(q.anim_time*90*1-60)", 0],
						"1.625": ["5+1*math.sin(q.anim_time*90*2-110)", "0.5*math.cos(q.anim_time*90*1-60)", 0],
						"1.6667": ["7.5+1*math.sin(q.anim_time*90*2-110)", "0+0.5*math.cos(q.anim_time*90*1-60)", 0],
						"2.0": ["-7.5+1*math.sin(q.anim_time*90*2-110)", "0.5*math.cos(q.anim_time*90*1-60)", 0]
					},
					"position": {
						"0.0": [0, 0, 0],
						"1.25": [0, -2.25, 0.25],
						"1.6667": [0, -2.25, 0.25],
						"2.0": [0, 0, 0]
					}
				},
				"arm_right": {
					"rotation": {
						"0.0": [87.55513, 32.7038, "359.4372+(math.sin(q.anim_time*90*2)*1+1)*2"],
						"2.0": [87.55513, 32.7038, "359.4372+(math.sin(q.anim_time*90*2)*1+1)*2"]
					},
					"position": {
						"0.0": [0, -6, 0],
						"2.0": [0, -6, 0]
					}
				},
				"arm_left": {
					"rotation": {
						"0.0": [-87.76134, 32.70377, "359.4372-(math.sin(q.anim_time*90*2)*1+1)*2"],
						"1.25": [-87.76134, 32.70377, "359.4372-(math.sin(q.anim_time*90*2)*1+1)*2"],
						"2.0": [-87.76134, 32.70377, "359.4372-(math.sin(q.anim_time*90*2)*1+1)*2"]
					},
					"position": {
						"0.0": [0, -6, 0],
						"2.0": [0, -6, 0]
					}
				},
				"elbow_left": {
					"rotation": {
						"0.0": [0, 0, "47.5-(math.sin(q.anim_time*90*2-60)*1+1)*2"],
						"1.25": [0, 0, "27.5-(math.sin(q.anim_time*90*2-60)*1+1)*2"],
						"2.0": [0, 0, "47.5-(math.sin(q.anim_time*90*2-60)*1+1)*2"]
					}
				},
				"hand_left": {
					"rotation": {
						"0.0": [0, 0, "42.5-math.sin(q.anim_time*90*2-110)*2"],
						"1.25": [0, 0, "20-math.sin(q.anim_time*90*2-110)*2"],
						"2.0": [0, 0, "42.5-math.sin(q.anim_time*90*2-110)*2"]
					}
				},
				"claws_left": {
					"rotation": {
						"0.0": [0, 0, 50],
						"2.0": [0, 0, 50]
					}
				},
				"elbow_right": {
					"rotation": {
						"0.0": [0, 0, "47.5-(math.sin(q.anim_time*90*2-60)*1+1)*2"],
						"1.25": [0, 0, "27.5-(math.sin(q.anim_time*90*2-60)*1+1)*2"],
						"2.0": [0, 0, "47.5-(math.sin(q.anim_time*90*2-60)*1+1)*2"]
					}
				},
				"hand_right": {
					"rotation": {
						"0.0": [0, 0, "42.5-math.sin(q.anim_time*90*2-110)*2"],
						"1.25": [0, 0, "20-math.sin(q.anim_time*90*2-110)*2"],
						"2.0": [0, 0, "42.5-math.sin(q.anim_time*90*2-110)*2"]
					}
				},
				"claws_right": {
					"rotation": {
						"0.0": [0, 0, 50],
						"2.0": [0, 0, 50]
					}
				},
				"wool": {
					"rotation": {
						"0.0": ["2*math.sin(q.anim_time*90*2-60)", "1*math.cos(q.anim_time*90*1-110)", "2*math.sin(q.anim_time*90*0.5-60)"],
						"2.0": ["2*math.sin(q.anim_time*90*2-60)", "1*math.cos(q.anim_time*90*1-110)", "2*math.sin(q.anim_time*90*0.5-60)"]
					}
				},
				"stache_left": {
					"rotation": {
						"0.0": [0, "1*math.cos(q.anim_time*90*1-60)", "-3*math.sin(q.anim_time*90*2)"],
						"2.0": [0, "1*math.cos(q.anim_time*90*1-60)", "-3*math.sin(q.anim_time*90*2)"]
					}
				},
				"stache_left2": {
					"rotation": {
						"0.0": [0, "1*math.cos(q.anim_time*90*1-110)", "-3*math.sin(q.anim_time*90*2-60)"],
						"2.0": [0, "1*math.cos(q.anim_time*90*1-110)", "-3*math.sin(q.anim_time*90*2-60)"]
					}
				},
				"stache_right": {
					"rotation": {
						"0.0": [0, "1*math.cos(q.anim_time*90*1-60)", "3*math.sin(q.anim_time*90*2)"],
						"2.0": [0, "1*math.cos(q.anim_time*90*1-60)", "3*math.sin(q.anim_time*90*2)"]
					}
				},
				"stache_right2": {
					"rotation": {
						"0.0": [0, "1*math.cos(q.anim_time*90*1-110)", "3*math.sin(q.anim_time*90*2-60)"],
						"2.0": [0, "1*math.cos(q.anim_time*90*1-110)", "3*math.sin(q.anim_time*90*2-60)"]
					}
				},
				"tuft_right": {
					"rotation": {
						"0.0": [0, "1*math.cos(q.anim_time*90*1-60)", "-2.5+3*math.sin(q.anim_time*90*2)"],
						"2.0": [0, "1*math.cos(q.anim_time*90*1-60)", "-2.5+3*math.sin(q.anim_time*90*2)"]
					}
				},
				"tuft_left": {
					"rotation": {
						"0.0": [0, "1*math.cos(q.anim_time*90*1-60)", "-2.5-3*math.sin(q.anim_time*90*2)"],
						"2.0": [0, "1*math.cos(q.anim_time*90*1-60)", "-2.5-3*math.sin(q.anim_time*90*2)"]
					}
				},
				"tail": {
					"rotation": {
						"0.0": ["-2.5+3*math.sin(q.anim_time*90*2-110)", "1*math.cos(q.anim_time*90*1-60)", 0],
						"2.0": ["-2.5+3*math.sin(q.anim_time*90*2-110)", "1*math.cos(q.anim_time*90*1-60)", 0]
					}
				},
				"eye_right": {
					"rotation": {
						"0.0": [0, 0, 22.5],
						"2.0": [0, 0, 22.5]
					},
					"position": {
						"0.0": [0.5, 0, 0],
						"2.0": [0.5, 0, 0]
					}
				},
				"eye_left": {
					"rotation": {
						"0.0": [0, 0, -22.5],
						"2.0": [0, 0, -22.5]
					},
					"position": {
						"0.0": [-0.5, 0, 0],
						"2.0": [-0.5, 0, 0]
					}
				},
				"claw_right_right": {
					"rotation": {
						"0.0": [0, 0, "-math.sin(q.anim_time*90*2-110)*2"],
						"2.0": [0, 0, "-math.sin(q.anim_time*90*2-110)*2"]
					}
				},
				"claw_right_right2": {
					"rotation": {
						"0.0": [0, 0, "2.5-math.sin(q.anim_time*90*2-110)*2"],
						"2.0": [0, 0, "2.5-math.sin(q.anim_time*90*2-110)*2"]
					}
				},
				"claw_right_left": {
					"rotation": {
						"0.0": [0, 0, "-math.sin(q.anim_time*90*2-110)*2"],
						"2.0": [0, 0, "-math.sin(q.anim_time*90*2-110)*2"]
					}
				},
				"claw_right_left2": {
					"rotation": {
						"0.0": [0, 0, "2.5-math.sin(q.anim_time*90*2-110)*2"],
						"2.0": [0, 0, "2.5-math.sin(q.anim_time*90*2-110)*2"]
					}
				},
				"claw_right_middle": {
					"rotation": {
						"0.0": [0, 0, "-math.sin(q.anim_time*90*2-110)*2"],
						"2.0": [0, 0, "-math.sin(q.anim_time*90*2-110)*2"]
					}
				},
				"claw_right_middle2": {
					"rotation": {
						"0.0": [0, 0, "2.5-math.sin(q.anim_time*90*2-110)*2"],
						"2.0": [0, 0, "2.5-math.sin(q.anim_time*90*2-110)*2"]
					}
				},
				"claw_right_middle3": {
					"rotation": {
						"0.0": [0, 0, "2.5-math.sin(q.anim_time*90*2-110)*2"],
						"2.0": [0, 0, "2.5-math.sin(q.anim_time*90*2-110)*2"]
					}
				},
				"claw_left_left": {
					"rotation": {
						"0.0": [0, 0, "math.sin(q.anim_time*90*2-110)*2"],
						"2.0": [0, 0, "math.sin(q.anim_time*90*2-110)*2"]
					}
				},
				"claw_left_left2": {
					"rotation": {
						"0.0": [0, 0, "-2.5+math.sin(q.anim_time*90*2-110)*2"],
						"2.0": [0, 0, "-2.5+math.sin(q.anim_time*90*2-110)*2"]
					}
				},
				"claw_left_middle": {
					"rotation": {
						"0.0": [0, 0, "math.sin(q.anim_time*90*2-110)*2"],
						"2.0": [0, 0, "math.sin(q.anim_time*90*2-110)*2"]
					}
				},
				"claw_left_middle2": {
					"rotation": {
						"0.0": [0, 0, "-2.5+math.sin(q.anim_time*90*2-110)*2"],
						"2.0": [0, 0, "-2.5+math.sin(q.anim_time*90*2-110)*2"]
					}
				},
				"claw_left_middle3": {
					"rotation": {
						"0.0": [0, 0, "-2.5+math.sin(q.anim_time*90*2-110)*2"],
						"2.0": [0, 0, "-2.5+math.sin(q.anim_time*90*2-110)*2"]
					}
				},
				"claw_left_right": {
					"rotation": {
						"0.0": [0, 0, "math.sin(q.anim_time*90*2-110)*2"],
						"2.0": [0, 0, "math.sin(q.anim_time*90*2-110)*2"]
					}
				},
				"claw_left_right2": {
					"rotation": {
						"0.0": [0, 0, "-2.5+math.sin(q.anim_time*90*2-110)*2"],
						"2.0": [0, 0, "-2.5+math.sin(q.anim_time*90*2-110)*2"]
					}
				}
			}
		},
		"animation.pillosinge.recoil": {
			"animation_length": 1.5,
			"bones": {
				"torso": {
					"rotation": {
						"0.0": [0, 0, 0],
						"0.125": {
							"pre": [-8, 1, 0],
							"post": [-8, 1, 0],
							"lerp_mode": "catmullrom"
						},
						"0.8333": {
							"post": [1, 0, 0],
							"lerp_mode": "catmullrom"
						},
						"1.5": [0, 0, 0]
					}
				},
				"upper_torso": {
					"rotation": {
						"0.0": [0, 0, 0],
						"0.125": {
							"pre": [-8, 1, 0],
							"post": [-8, 1, 0],
							"lerp_mode": "catmullrom"
						},
						"0.8333": {
							"post": [-1.5, 0, 0],
							"lerp_mode": "catmullrom"
						},
						"1.5": [0, 0, 0]
					}
				},
				"forehead": {
					"rotation": {
						"0.0": [0, 0, 0],
						"0.125": {
							"pre": [-8, 1, 0],
							"post": [-8, 1, 0],
							"lerp_mode": "catmullrom"
						},
						"0.8333": {
							"post": [-1.5, 0, 0],
							"lerp_mode": "catmullrom"
						},
						"1.5": [0, 0, 0]
					}
				},
				"wool": {
					"rotation": {
						"0.0": [0, 0, 0],
						"0.125": {
							"pre": [-8, 1, 0],
							"post": [-8, 1, 0],
							"lerp_mode": "catmullrom"
						},
						"0.8333": {
							"post": [-1.5, 0, 0],
							"lerp_mode": "catmullrom"
						},
						"1.5": [0, 0, 0]
					}
				},
				"eyes": {
					"scale": {
						"0.0": [1, 1, 1],
						"0.0833": [1, 0, 1],
						"0.25": [1, 0, 1],
						"0.3333": [1, 1, 1]
					}
				}
			}
		},
		"animation.pillosinge.faint": {
			"animation_length": 6,
			"bones": {
				"lower_torso": {
					"rotation": {
						"0.0": ["1*math.sin(q.anim_time*90*2-60)", "0.5*math.cos(q.anim_time*90*1)", "1*math.sin(q.anim_time*90*0.5)"],
						"0.3333": ["34+1*math.sin(q.anim_time*90*2-60)", "0.5*math.cos(q.anim_time*90*1)", "1*math.sin(q.anim_time*90*0.5)"],
						"0.4583": ["41.5+1*math.sin(q.anim_time*90*2-60)", "0+0.5*math.cos(q.anim_time*90*1)", "0+1*math.sin(q.anim_time*90*0.5)"],
						"1.0417": [14.9781, 0.12301, 0.35715],
						"1.4583": [0, 0, 0]
					},
					"position": {
						"0.0": [0, "-0.15*(math.sin(q.anim_time*90*2-90)*1+1)", "0.25*(math.sin(q.anim_time*90*2-90)*1+1)"],
						"0.3333": [0, "-0.15*(math.sin(q.anim_time*90*2-90)*1+1)", "0.25*(math.sin(q.anim_time*90*2-90)*1+1)"],
						"0.4583": [0, "-0.15*(math.sin(q.anim_time*90*2-90)*1+1)", "0.25*(math.sin(q.anim_time*90*2-90)*1+1)"],
						"1.0417": [0, "-0.15*(math.sin(q.anim_time*90*2-90)*1+1)", "0.25*(math.sin(q.anim_time*90*2-90)*1+1)"],
						"1.4583": [0, 0, 0]
					}
				},
				"upper_torso": {
					"rotation": {
						"0.0": ["-2.5+1*math.sin(q.anim_time*90*2-110)", "0.5*math.cos(q.anim_time*90*1-60)", 0],
						"0.3333": ["-22.5+1*math.sin(q.anim_time*90*2-110)", "0.5*math.cos(q.anim_time*90*1-60)", 0],
						"0.4583": ["-27.5+1*math.sin(q.anim_time*90*2-110)", "0.5*math.cos(q.anim_time*90*1-60)", 0],
						"1.0417": ["-27.5+1*math.sin(q.anim_time*90*2-110)", "0.5*math.cos(q.anim_time*90*1-60)", 0],
						"1.4583": [-22.5, 0, 0]
					},
					"scale": 1
				},
				"arm_right": {
					"rotation": {
						"0.0": [14.25286, 32.12411, "362.403+(math.sin(q.anim_time*90*2)*1+1)*2"],
						"0.3333": [15.1965, 44.8391, "355.5712+(math.sin(q.anim_time*90*2)*1+1)*2"],
						"0.4583": [15.1965, 44.8391, "355.5712+(math.sin(q.anim_time*90*2)*1+1)*2"],
						"1.4583": [83.25491, 56.59974, 352.4381]
					},
					"position": {
						"0.0": [0, 0, 0],
						"0.3333": [-0.25, -0.75, -1.25],
						"0.4583": [-0.25, -0.75, -1.25],
						"1.4583": [0, -5.75, 0]
					},
					"scale": 1
				},
				"arm_left": {
					"rotation": {
						"0.0": [-14.30479, 32.11861, "356.558-(math.sin(q.anim_time*90*2)*1+1)*2"],
						"0.3333": [-15.1965, 44.8391, "355.5712-(math.sin(q.anim_time*90*2)*1+1)*2"],
						"0.4583": [-15.1965, 44.8391, "355.5712-(math.sin(q.anim_time*90*2)*1+1)*2"],
						"1.4583": [-91.80479, 32.11861, 356.558]
					},
					"position": {
						"0.3333": [-0.25, -0.75, -1.25],
						"0.4583": [-0.25, -0.75, -1.25],
						"1.4583": [0, -7, 0]
					},
					"scale": 1
				},
				"elbow_left": {
					"rotation": {
						"0.0": [0, 0, "42.5-(math.sin(q.anim_time*90*2-60)*1+1)*2"],
						"0.3333": [0, 0, "47.5-(math.sin(q.anim_time*90*2-60)*1+1)*2"],
						"0.4583": [0, 0, "47.5-(math.sin(q.anim_time*90*2-60)*1+1)*2"],
						"1.4583": [0, 0, 70]
					}
				},
				"hand_left": {
					"rotation": {
						"0.0": [0, 0, "30-math.sin(q.anim_time*90*2-110)*2"],
						"0.3333": [0, 0, "42.5-math.sin(q.anim_time*90*2-110)*2"],
						"0.4583": [0, 0, "42.5-math.sin(q.anim_time*90*2-110)*2"],
						"1.4583": [0, 0, 37.5]
					}
				},
				"claws_left": {
					"rotation": {
						"0.0": [0, 0, 50],
						"0.3333": [0, 0, 62.5],
						"0.4583": [0, 0, 62.5],
						"1.4583": [0, 0, 50]
					}
				},
				"claw_left_left2": {
					"rotation": {
						"0.0": [0, 0, "-2.5+math.sin(q.anim_time*90*2-110)*2"],
						"0.3333": [0, 0, -5],
						"0.4583": [0, 0, -5],
						"1.4583": [0, 0, -2.5]
					}
				},
				"claw_left_middle2": {
					"rotation": {
						"0.0": [0, 0, "-7.5+math.sin(q.anim_time*90*2-110)*2"],
						"0.3333": [0, 0, -12.5],
						"0.4583": [0, 0, -12.5],
						"1.4583": [0, 0, -7.5]
					}
				},
				"claw_left_middle3": {
					"rotation": {
						"0.0": [0, 0, "-5+math.sin(q.anim_time*90*2-110)*2"],
						"0.3333": [0, 0, -7.5],
						"0.4583": [0, 0, -7.5],
						"1.4583": [0, 0, -5]
					}
				},
				"elbow_right": {
					"rotation": {
						"0.0": [0, 0, "42.5-(math.sin(q.anim_time*90*2-60)*1+1)*2"],
						"0.3333": [0, 0, "47.5-(math.sin(q.anim_time*90*2-60)*1+1)*2"],
						"0.4583": [0, 0, "47.5-(math.sin(q.anim_time*90*2-60)*1+1)*2"],
						"1.4583": [0, 0, 40]
					}
				},
				"hand_right": {
					"rotation": {
						"0.0": [0, 0, "30-math.sin(q.anim_time*90*2-110)*2"],
						"0.3333": [0, 0, "42.5-math.sin(q.anim_time*90*2-110)*2"],
						"0.4583": [0, 0, "42.5-math.sin(q.anim_time*90*2-110)*2"],
						"1.4583": [0, 0, 62.5]
					}
				},
				"claws_right": {
					"rotation": {
						"0.0": [0, 0, 50],
						"0.3333": [0, 0, 62.5],
						"0.4583": [0, 0, 62.5],
						"1.4583": [0, 0, -12.5]
					},
					"position": [-1.25, 0, 0]
				},
				"claw_right_right": {
					"rotation": {
						"0.0": [0, 0, "-math.sin(q.anim_time*90*2-110)*2"],
						"0.3333": [0, 0, -5],
						"0.4583": [0, 0, -5],
						"1.4583": [0, 0, 0]
					}
				},
				"claw_right_right2": {
					"rotation": {
						"0.0": [0, 0, "2.5-math.sin(q.anim_time*90*2-110)*2"],
						"0.3333": [0, 0, 5],
						"0.4583": [0, 0, 5],
						"1.4583": [0, 0, 2.5]
					}
				},
				"claw_right_middle2": {
					"rotation": {
						"0.0": [0, 0, "7.5-math.sin(q.anim_time*90*2-110)*2"],
						"0.3333": [0, 0, 5],
						"0.4583": [0, 0, 5],
						"1.4583": [0, 0, 7.5]
					}
				},
				"claw_right_middle3": {
					"rotation": {
						"0.0": [0, 0, "5-math.sin(q.anim_time*90*2-110)*2"],
						"0.3333": [0, 0, 7.5],
						"0.4583": [0, 0, 7.5],
						"1.4583": [0, 0, 5]
					}
				},
				"claw_left_left": {
					"rotation": {
						"0.0": [0, 0, "math.sin(q.anim_time*90*2-110)*2"],
						"0.3333": [0, 0, 5],
						"0.4583": [0, 0, 5],
						"1.4583": [0, 0, 0]
					}
				},
				"wool": {
					"rotation": {
						"0.0": ["2*math.sin(q.anim_time*90*2-60)", "1*math.cos(q.anim_time*90*1-110)", "2*math.sin(q.anim_time*90*0.5-60)"],
						"1.4583": [-23, 0, 0]
					}
				},
				"stache_left": {
					"rotation": {
						"0.0": [0, "1*math.cos(q.anim_time*90*1-60)", "-3*math.sin(q.anim_time*90*2)"],
						"1.4583": [0, 0, 0]
					}
				},
				"stache_left2": {
					"rotation": {
						"0.0": [0, "1*math.cos(q.anim_time*90*1-110)", "-3*math.sin(q.anim_time*90*2-60)"],
						"1.4583": [0, 0, 0]
					}
				},
				"stache_right": {
					"rotation": {
						"0.0": [0, "1*math.cos(q.anim_time*90*1-60)", "3*math.sin(q.anim_time*90*2)"],
						"1.4583": [0, 0, 0]
					}
				},
				"stache_right2": {
					"rotation": {
						"0.0": [0, "1*math.cos(q.anim_time*90*1-110)", "3*math.sin(q.anim_time*90*2-60)"],
						"1.4583": [0, 0, 0]
					}
				},
				"claw_right_left": {
					"rotation": {
						"0.0": [0, 0, "-math.sin(q.anim_time*90*2-110)*2"],
						"1.4583": [0, 0, 0]
					}
				},
				"claw_right_left2": {
					"rotation": {
						"0.0": [0, 0, "2.5-math.sin(q.anim_time*90*2-110)*2"],
						"1.4583": [0, 0, 2.5]
					}
				},
				"claw_right_middle": {
					"rotation": {
						"0.0": [0, 0, "2.5-math.sin(q.anim_time*90*2-110)*2"],
						"1.4583": [0, 0, 2.5]
					},
					"position": [-0.25, 0, 0]
				},
				"claw_left_middle": {
					"rotation": {
						"0.0": [0, 0, "-2.5+math.sin(q.anim_time*90*2-110)*2"],
						"1.4583": [0, 0, -2.5]
					}
				},
				"claw_left_right": {
					"rotation": {
						"0.0": [0, 0, "math.sin(q.anim_time*90*2-110)*2"],
						"1.4583": [0, 0, 0]
					}
				},
				"claw_left_right2": {
					"rotation": {
						"0.0": [0, 0, "-2.5+math.sin(q.anim_time*90*2-110)*2"],
						"1.4583": [0, 0, -2.5]
					}
				},
				"tuft_right": {
					"rotation": {
						"0.0": [0, "1*math.cos(q.anim_time*90*1-60)", "-2.5+3*math.sin(q.anim_time*90*2)"],
						"1.4583": [0, 0, -0.5]
					}
				},
				"tuft_left": {
					"rotation": {
						"0.0": [0, "1*math.cos(q.anim_time*90*1-60)", "-2.5-3*math.sin(q.anim_time*90*2)"],
						"1.4583": [0, 0, -5.5]
					}
				},
				"tail": {
					"rotation": {
						"0.0": ["-2.5+3*math.sin(q.anim_time*90*2-110)", "1*math.cos(q.anim_time*90*1-60)", 0],
						"1.4583": [-2.5, 0, 0]
					},
					"position": {
						"0.0": [0, 0, 0],
						"1.4583": [0, 0, -3.5]
					}
				},
				"body": {
					"rotation": {
						"0.0": {
							"post": [0, 0, 0],
							"lerp_mode": "catmullrom"
						},
						"0.5": {
							"post": [1.41, 0, 0],
							"lerp_mode": "catmullrom"
						},
						"1.0417": {
							"post": [0, 0, 0],
							"lerp_mode": "catmullrom"
						},
						"1.4583": {
							"post": [60, 0, 0],
							"lerp_mode": "catmullrom"
						}
					},
					"position": {
						"0.0": {
							"post": [0, 0, 0],
							"lerp_mode": "catmullrom"
						},
						"0.2917": {
							"post": [0, -0.31, 0.13],
							"lerp_mode": "catmullrom"
						},
						"0.3333": {
							"post": [0, -0.31, 0.13],
							"lerp_mode": "catmullrom"
						},
						"0.375": {
							"post": [0, -0.58, 0.13],
							"lerp_mode": "catmullrom"
						},
						"0.5": {
							"post": [0, -0.83, 0.13],
							"lerp_mode": "catmullrom"
						},
						"1.0417": {
							"post": [0, 0, 0],
							"lerp_mode": "catmullrom"
						},
						"1.4583": {
							"post": [0, 5.25, -2],
							"lerp_mode": "catmullrom"
						}
					}
				},
				"eyes": {
					"position": {
						"1.4583": [0, 0, 0],
						"1.5": [0, 0, 1]
					},
					"scale": {
						"0.0": [1, 1, 1],
						"0.3333": [1, 0.7, 1],
						"0.4583": [1, 0.7, 1],
						"1.0417": [1, 0.7, 1],
						"1.4583": [1, 0, 1]
					}
				},
				"leg_right": {
					"rotation": {
						"0.3333": [2.5, 0, 0],
						"0.4583": [2.5, 0, 0],
						"1.0417": [2.5, 0, 0],
						"1.4583": [-32.5, 0, 0]
					},
					"position": {
						"0.3333": [-2, 0, 1],
						"0.4583": [-2, 0, 1],
						"1.0417": [-2, 0, 1],
						"1.4583": [0, 0.75, 1]
					}
				},
				"leg_left": {
					"rotation": {
						"0.3333": [2.5, 0, 0],
						"0.4583": [2.5, 0, 0],
						"1.0417": [2.5, 0, 0],
						"1.4583": [-32.5, 0, 0]
					},
					"position": {
						"0.3333": [2, 0, 1],
						"0.4583": [2, 0, 1],
						"1.0417": [2, 0, 1],
						"1.4583": [0, 0.75, 1]
					}
				}
			}
		},
		"animation.pillosinge.gorilla_ook_ook_ah_ah": {
			"loop": true,
			"bones": {
				"lower_torso": {
					"rotation": ["34+1*math.sin(q.anim_time*90*2-60)", "0.5*math.cos(q.anim_time*90*1)", "1*math.sin(q.anim_time*90*0.5)"],
					"position": [0, "-0.15*(math.sin(q.anim_time*90*2-90)*1+1)", "0.25*(math.sin(q.anim_time*90*2-90)*1+1)"]
				},
				"upper_torso": {
					"rotation": ["-22.5+1*math.sin(q.anim_time*90*2-110)", "0.5*math.cos(q.anim_time*90*1-60)", 0]
				},
				"arm_right": {
					"rotation": [15.1965, 44.8391, "355.5712+(math.sin(q.anim_time*90*2)*1+1)*2"],
					"position": [-0.25, -0.75, -1.25]
				},
				"arm_left": {
					"rotation": [-15.1965, 44.8391, "355.5712-(math.sin(q.anim_time*90*2)*1+1)*2"],
					"position": [-0.25, -0.75, -1.25]
				},
				"elbow_left": {
					"rotation": [0, 0, "47.5-(math.sin(q.anim_time*90*2-60)*1+1)*2"]
				},
				"hand_left": {
					"rotation": [0, 0, "42.5-math.sin(q.anim_time*90*2-110)*2"]
				},
				"claws_left": {
					"rotation": [0, 0, 62.5]
				},
				"claw_left_left2": {
					"rotation": [0, 0, -5]
				},
				"claw_left_middle2": {
					"rotation": [0, 0, 0]
				},
				"claw_left_middle3": {
					"rotation": [0, 0, -7.5]
				},
				"elbow_right": {
					"rotation": [0, 0, "47.5-(math.sin(q.anim_time*90*2-60)*1+1)*2"]
				},
				"hand_right": {
					"rotation": [0, 0, "42.5-math.sin(q.anim_time*90*2-110)*2"]
				},
				"claws_right": {
					"rotation": [0, 0, 62.5]
				},
				"claw_right_right": {
					"rotation": [0, 0, -5]
				},
				"claw_right_right2": {
					"rotation": [0, 0, 5]
				},
				"claw_right_middle2": {
					"rotation": [0, 0, -7.5]
				},
				"claw_right_middle3": {
					"rotation": [0, 0, 7.5]
				},
				"claw_left_left": {
					"rotation": [0, 0, 5]
				},
				"leg_right": {
					"rotation": [2.5, 0, 0],
					"position": [-2, 0, 1]
				},
				"leg_left": {
					"rotation": [2.5, 0, 0],
					"position": [2, 0, 1]
				}
			}
		},
		"animation.pillosinge.cry": {
			"animation_length": 0.625,
			"bones": {
				"lower_torso": {
					"rotation": {
						"0.0": {
							"post": [0, 0, 0],
							"lerp_mode": "catmullrom"
						},
						"0.2083": {
							"post": [-2.5, 0, 0],
							"lerp_mode": "catmullrom"
						},
						"0.625": {
							"post": [0, 0, 0],
							"lerp_mode": "catmullrom"
						}
					}
				},
				"upper_torso": {
					"rotation": {
						"0.0": {
							"post": [0, 0, 0],
							"lerp_mode": "catmullrom"
						},
						"0.1667": {
							"post": [-9.85, 0, 0],
							"lerp_mode": "catmullrom"
						},
						"0.625": {
							"post": [0, 0, 0],
							"lerp_mode": "catmullrom"
						}
					}
				},
				"stache_left": {
					"rotation": {
						"0.0": {
							"post": [0, 0, 0],
							"lerp_mode": "catmullrom"
						},
						"0.1667": {
							"post": [0, 0, -7.5],
							"lerp_mode": "catmullrom"
						},
						"0.625": {
							"post": [0, 0, 0],
							"lerp_mode": "catmullrom"
						}
					}
				},
				"stache_left2": {
					"rotation": {
						"0.0": {
							"post": [0, 0, 0],
							"lerp_mode": "catmullrom"
						},
						"0.1667": {
							"post": [0, 0, -15],
							"lerp_mode": "catmullrom"
						},
						"0.625": {
							"post": [0, 0, 0],
							"lerp_mode": "catmullrom"
						}
					}
				},
				"stache_right": {
					"rotation": {
						"0.0": {
							"post": [0, 0, 0],
							"lerp_mode": "catmullrom"
						},
						"0.1667": {
							"post": [0, 0, 7.5],
							"lerp_mode": "catmullrom"
						},
						"0.625": {
							"post": [0, 0, 0],
							"lerp_mode": "catmullrom"
						}
					}
				},
				"stache_right2": {
					"rotation": {
						"0.0": {
							"post": [0, 0, 0],
							"lerp_mode": "catmullrom"
						},
						"0.1667": {
							"post": [0, 0, 15],
							"lerp_mode": "catmullrom"
						},
						"0.625": {
							"post": [0, 0, 0],
							"lerp_mode": "catmullrom"
						}
					}
				}
			},
			"sound_effects": {
				"0.0": {
					"effect": "pokemon.pillosinge.cry"
				}
			}
		}
	}
}