{
	"format_version": "1.12.0",
	"minecraft:geometry": [
		{
			"description": {
				"identifier": "geometry.folly",
				"texture_width": 64,
				"texture_height": 64,
				"visible_bounds_width": 3,
				"visible_bounds_height": 2.5,
				"visible_bounds_offset": [0, 0.75, 0]
			},
			"bones": [
				{
					"name": "folly",
					"pivot": [0, 0, 0]
				},
				{
					"name": "dollamb",
					"parent": "folly",
					"pivot": [6.75, 0, 0]
				},
				{
					"name": "body",
					"parent": "dollamb",
					"pivot": [6.75, 0, 3]
				},
				{
					"name": "torso",
					"parent": "body",
					"pivot": [6.75, 0, 3],
					"cubes": [
						{"origin": [3.75, 5, -3], "size": [6, 6, 6], "uv": [22, 18]},
						{"origin": [5.75, 11, -1], "size": [2, 1, 2], "uv": [24, 36]}
					]
				},
				{
					"name": "neck",
					"parent": "torso",
					"pivot": [6.75, 0, 3],
					"cubes": [
						{"origin": [5.25, 6, -5], "size": [3, 3, 5], "uv": [10, 40]}
					]
				},
				{
					"name": "head",
					"parent": "neck",
					"pivot": [6.75, 8.33752, -8.84702],
					"cubes": [
						{"origin": [2.75, 5.40002, -12.59702], "size": [8, 8, 8], "inflate": 0.01, "uv": [0, 0]},
						{"origin": [3.25, 13.40002, -7.59702], "size": [2, 2, 2], "inflate": 0.01, "uv": [30, 14]},
						{"origin": [8.25, 12.15002, -7.59702], "size": [2, 3, 2], "inflate": 0.01, "uv": [34, 30]},
						{"origin": [3.25, 6.40002, -14.59702], "size": [7, 3, 2], "inflate": 0.01, "uv": [0, 24]}
					]
				},
				{
					"name": "ears",
					"parent": "head",
					"pivot": [6.75, 0, 3]
				},
				{
					"name": "ear_left",
					"parent": "ears",
					"pivot": [6.75, 12.41832, -6.59702],
					"cubes": [
						{"origin": [-2.94146, 9.9977, -8.59702], "size": [6, 0, 4], "pivot": [6.55854, -1.5023, 3.40298], "rotation": [0, 0, 55], "uv": [20, 0]}
					]
				},
				{
					"name": "ear_right",
					"parent": "ears",
					"pivot": [6.75, 12.4183, -6.59702],
					"cubes": [
						{"origin": [10.94856, 9.99263, -8.59702], "size": [6, 0, 4], "pivot": [6.94856, -1.50737, 3.40298], "rotation": [0, 0, -55], "uv": [20, 4]}
					]
				},
				{
					"name": "eyes",
					"parent": "head",
					"pivot": [4.75, 8.40002, -9.59702],
					"cubes": [
						{"origin": [1.75, 6.90002, -10.09702], "size": [0, 3, 1], "inflate": 0.01, "uv": [4, 0]},
						{"origin": [1.75, 7.90002, -11.09702], "size": [0, 1, 1], "inflate": 0.01, "uv": [0, 15]},
						{"origin": [1.75, 7.90002, -9.09702], "size": [0, 1, 1], "inflate": 0.01, "uv": [2, 2]},
						{"origin": [1.75, 6.40002, -11.59702], "size": [10, 4, 4], "uv": [0, 16]},
						{"origin": [11.75, -16.09998, -7.09702], "size": [0, 3, 1], "inflate": 0.01, "pivot": [6.75, -1.59998, 3.40298], "rotation": [-90, 0, 0], "uv": [0, 2]}
					]
				},
				{
					"name": "jaw",
					"parent": "head",
					"pivot": [6.75, -0.59998, 3.40298],
					"cubes": [
						{"origin": [3.25, 5.40002, -14.59702], "size": [7, 1, 2], "uv": [0, 29]}
					]
				},
				{
					"name": "goatee",
					"parent": "head",
					"pivot": [6.75, 5.90002, -12.09702],
					"cubes": [
						{"origin": [5.75, 2.40002, -12.09702], "size": [2, 3, 0], "uv": [0, 0]}
					]
				},
				{
					"name": "tail",
					"parent": "torso",
					"pivot": [6.75, 9, 2.75],
					"cubes": [
						{"origin": [5.75, 1, -1.75], "size": [2, 2, 2], "pivot": [6.75, 0, 2.75], "rotation": [-77.5, 0, 0], "uv": [0, 4]},
						{"origin": [6.25, 2, -6.75], "size": [1, 0, 6], "pivot": [6.75, 0, 2.75], "rotation": [-77.5, 0, 0], "uv": [0, 0]}
					]
				},
				{
					"name": "legs",
					"parent": "body",
					"pivot": [6.75, 10, 2]
				},
				{
					"name": "leg_front_left",
					"parent": "legs",
					"pivot": [8.75, 8.5, -0.75]
				},
				{
					"name": "leg_front_left2",
					"parent": "leg_front_left",
					"pivot": [8.5, 5, -2.5],
					"cubes": [
						{"origin": [7.5, 1.25, -2.5], "size": [2, 4, 2], "uv": [32, 8]}
					]
				},
				{
					"name": "leg_front_left3",
					"parent": "leg_front_left2",
					"pivot": [8.5, 2.25, -1.5],
					"cubes": [
						{"origin": [7.5, 0, -2.75], "size": [2, 2, 2], "inflate": 0.01, "uv": [36, 4]}
					]
				},
				{
					"name": "leg_back_left",
					"parent": "legs",
					"pivot": [8.75, 8.5, 3.75]
				},
				{
					"name": "leg_back_left2",
					"parent": "leg_back_left",
					"pivot": [8.5, 5.25, 1.75],
					"cubes": [
						{"origin": [7.5, 1.25, 0.5], "size": [2, 4, 2], "uv": [8, 32]}
					]
				},
				{
					"name": "leg_back_left3",
					"parent": "leg_back_left2",
					"pivot": [8.5, 2.25, 1.5],
					"cubes": [
						{"origin": [7.5, 0, 0.25], "size": [2, 2, 2], "inflate": 0.01, "uv": [36, 0]}
					]
				},
				{
					"name": "leg_front_right",
					"parent": "legs",
					"pivot": [4.75, 8.5, -0.75]
				},
				{
					"name": "leg_front_right2",
					"parent": "leg_front_right",
					"pivot": [5, 5, -2.5],
					"cubes": [
						{"origin": [4, 1.25, -2.5], "size": [2, 4, 2], "uv": [0, 32]}
					]
				},
				{
					"name": "leg_front_right3",
					"parent": "leg_front_right2",
					"pivot": [5, 2.25, -1.5],
					"cubes": [
						{"origin": [4, 0, -2.75], "size": [2, 2, 2], "inflate": 0.01, "uv": [32, 35]}
					]
				},
				{
					"name": "leg_back_right",
					"parent": "legs",
					"pivot": [4.75, 8.5, 3.75]
				},
				{
					"name": "leg_back_right2",
					"parent": "leg_back_right",
					"pivot": [5, 5.25, 1.75],
					"cubes": [
						{"origin": [4, 1.25, 0.5], "size": [2, 4, 2], "uv": [26, 30]}
					]
				},
				{
					"name": "leg_back_right3",
					"parent": "leg_back_right2",
					"pivot": [5, 2.25, 1.5],
					"cubes": [
						{"origin": [4, 0, 0.25], "size": [2, 2, 2], "inflate": 0.01, "uv": [16, 35]}
					]
				},
				{
					"name": "dollamb2",
					"parent": "folly",
					"pivot": [9.25, 0, 0]
				},
				{
					"name": "body2",
					"parent": "dollamb2",
					"pivot": [9.25, 0, 3]
				},
				{
					"name": "torso2",
					"parent": "body2",
					"pivot": [9.25, 0, 3],
					"cubes": [
						{"origin": [-8.75, 5, -3], "size": [6, 6, 6], "uv": [22, 18]},
						{"origin": [-6.75, 11, -1], "size": [2, 1, 2], "uv": [24, 36]}
					]
				},
				{
					"name": "neck2",
					"parent": "torso2",
					"pivot": [9.25, 0, 3],
					"cubes": [
						{"origin": [-7.25, 6, -5], "size": [3, 3, 5], "uv": [10, 40]}
					]
				},
				{
					"name": "head2",
					"parent": "neck2",
					"pivot": [9.25, 8.33752, -8.84702],
					"cubes": [
						{"origin": [-9.75, 5.40002, -12.59702], "size": [8, 8, 8], "inflate": 0.01, "uv": [0, 0]},
						{"origin": [-9.25, 13.40002, -7.59702], "size": [2, 2, 2], "inflate": 0.01, "uv": [30, 14]},
						{"origin": [-4.25, 13.15002, -7.59702], "size": [2, 3, 2], "inflate": 0.01, "uv": [34, 30]},
						{"origin": [-9.25, 6.40002, -14.59702], "size": [7, 3, 2], "inflate": 0.01, "uv": [0, 24]}
					]
				},
				{
					"name": "ears2",
					"parent": "head2",
					"pivot": [0, 0, 0]
				},
				{
					"name": "ear_left2",
					"parent": "ears2",
					"pivot": [-5.82303, 11.23747, -6.59702],
					"cubes": [
						{"origin": [-15.44146, 9.9977, -8.59702], "size": [4, 0, 4], "pivot": [-5.94146, -1.5023, 3.40298], "rotation": [0, 0, 55], "uv": [44, 5]}
					]
				},
				{
					"name": "ear_right2",
					"parent": "ears2",
					"pivot": [-5.38307, 11.64198, -6.59702],
					"cubes": [
						{"origin": [0.44856, 9.99263, -8.59702], "size": [4, 0, 4], "pivot": [-5.55144, -1.50737, 3.40298], "rotation": [0, 0, -55], "uv": [47, 10]}
					]
				},
				{
					"name": "eyes2",
					"parent": "head2",
					"pivot": [-5.75, 8.40002, -9.59702],
					"cubes": [
						{"origin": [-10.75, 6.90002, -10.09702], "size": [0, 3, 1], "inflate": 0.01, "pivot": [-10.75, 8.40002, -9.59702], "rotation": [-45, 0, 0], "uv": [4, 0]},
						{"origin": [-10.75, 8.65002, -11.34702], "size": [0, 1, 1], "inflate": 0.015, "pivot": [-10.75, 8.40002, -10.59702], "rotation": [-45, 0, 0], "uv": [0, 15]},
						{"origin": [-10.75, 7.15002, -8.84702], "size": [0, 1, 1], "inflate": 0.015, "pivot": [-10.75, 8.40002, -8.59702], "rotation": [-45, 0, 0], "uv": [2, 2]},
						{"origin": [-10.75, 6.40002, -11.59702], "size": [10, 4, 4], "uv": [0, 16]},
						{"origin": [-0.75, -16.09998, -7.09702], "size": [0, 3, 1], "inflate": 0.01, "pivot": [-5.75, -1.59998, 3.40298], "rotation": [-90, 0, 0], "uv": [0, 2]},
						{"origin": [-0.75, -15.09998, -8.34702], "size": [0, 1, 1], "inflate": 0.01, "pivot": [-5.75, -1.59998, 3.40298], "rotation": [-90, 0, 0], "uv": [0, 2]},
						{"origin": [-0.75, -15.09998, -5.84702], "size": [0, 1, 1], "inflate": 0.01, "pivot": [-5.75, -1.59998, 3.40298], "rotation": [-90, 0, 0], "uv": [0, 2]}
					]
				},
				{
					"name": "jaw2",
					"parent": "head2",
					"pivot": [9.25, -0.59998, 3.40298],
					"cubes": [
						{"origin": [-9.25, 5.40002, -14.59702], "size": [7, 1, 2], "uv": [0, 29]}
					]
				},
				{
					"name": "goatee2",
					"parent": "head2",
					"pivot": [9.25, 5.90002, -12.09702],
					"cubes": [
						{"origin": [-6.75, 2.40002, -12.09702], "size": [2, 3, 0], "uv": [0, 0]}
					]
				},
				{
					"name": "tail2",
					"parent": "torso2",
					"pivot": [-5.75, 8, 1.67132],
					"rotation": [127.5, 0, 0],
					"cubes": [
						{"origin": [-6.75, 1.1762, 4.30092], "size": [2, 2, 2], "pivot": [-5.75, 4.17616, 3.80092], "rotation": [-77.5, 0, 0], "uv": [0, 4]},
						{"origin": [-6.25, 2.1762, -0.69908], "size": [1, 0, 6], "pivot": [-5.75, 4.17616, 3.80092], "rotation": [-77.5, 0, 0], "uv": [0, 0]}
					]
				},
				{
					"name": "legs2",
					"parent": "body2",
					"pivot": [9.25, 10, 2]
				},
				{
					"name": "leg_front_left4",
					"parent": "legs2",
					"pivot": [11.25, 8.5, -0.75]
				},
				{
					"name": "leg_front_left5",
					"parent": "leg_front_left4",
					"pivot": [11, 5, -2.5],
					"cubes": [
						{"origin": [-5, 1.25, -2.5], "size": [2, 4, 2], "uv": [32, 8]}
					]
				},
				{
					"name": "leg_front_left6",
					"parent": "leg_front_left5",
					"pivot": [11, 2.25, -1.5],
					"cubes": [
						{"origin": [-5, 0, -2.75], "size": [2, 2, 2], "inflate": 0.01, "uv": [36, 4]}
					]
				},
				{
					"name": "leg_back_left4",
					"parent": "legs2",
					"pivot": [11.25, 8.5, 3.75]
				},
				{
					"name": "leg_back_left5",
					"parent": "leg_back_left4",
					"pivot": [11, 5.25, 1.75],
					"cubes": [
						{"origin": [-5, 1.25, 0.5], "size": [2, 4, 2], "uv": [8, 32]}
					]
				},
				{
					"name": "leg_back_left6",
					"parent": "leg_back_left5",
					"pivot": [11, 2.25, 1.5],
					"cubes": [
						{"origin": [-5, 0, 0.25], "size": [2, 2, 2], "inflate": 0.01, "uv": [36, 0]}
					]
				},
				{
					"name": "leg_front_right4",
					"parent": "legs2",
					"pivot": [0, 0, 0]
				},
				{
					"name": "leg_front_right5",
					"parent": "leg_front_right4",
					"pivot": [7.5, 5, -2.5],
					"cubes": [
						{"origin": [-8.5, 1.25, -2.5], "size": [2, 4, 2], "uv": [0, 32]}
					]
				},
				{
					"name": "leg_front_right6",
					"parent": "leg_front_right5",
					"pivot": [7.5, 2.25, -1.5],
					"cubes": [
						{"origin": [-8.5, 0, -2.75], "size": [2, 2, 2], "inflate": 0.01, "uv": [32, 35]}
					]
				},
				{
					"name": "leg_back_right4",
					"parent": "legs2",
					"pivot": [7.25, 8.5, 3.75]
				},
				{
					"name": "leg_back_right5",
					"parent": "leg_back_right4",
					"pivot": [7.5, 5.25, 1.75],
					"cubes": [
						{"origin": [-8.5, 1.25, 0.5], "size": [2, 4, 2], "uv": [26, 30]}
					]
				},
				{
					"name": "leg_back_right6",
					"parent": "leg_back_right5",
					"pivot": [7.5, 2.25, 1.5],
					"cubes": [
						{"origin": [-8.5, 0, 0.25], "size": [2, 2, 2], "inflate": 0.01, "uv": [16, 35]}
					]
				}
			]
		}
	]
}