{
	"format_version": "1.12.0",
	"minecraft:geometry": [
		{
			"description": {
				"identifier": "geometry.lanterror",
				"texture_width": 128,
				"texture_height": 128,
				"visible_bounds_width": 4,
				"visible_bounds_height": 3.5,
				"visible_bounds_offset": [0, 1.25, 0]
			},
			"bones": [
				{
					"name": "Anglerine",
					"pivot": [0, 0, 0]
				},
				{
					"name": "Body",
					"parent": "Anglerine",
					"pivot": [0, -1, 0]
				},
				{
					"name": "Eyes",
					"parent": "Body",
					"pivot": [0, -1, 0]
				},
				{
					"name": "BackEye",
					"parent": "Eyes",
					"pivot": [0, 8.5, -4.5],
					"cubes": [
						{"origin": [-9, 7, -6], "size": [18, 3, 3], "uv": [0, 62]}
					]
				},
				{
					"name": "FrontEye",
					"parent": "Eyes",
					"pivot": [0, 8.5, -9.5],
					"cubes": [
						{"origin": [-9, 6, -12], "size": [18, 5, 5], "uv": [57, 14]}
					]
				},
				{
					"name": "ElectroFin",
					"parent": "Body",
					"pivot": [0, 7, -16],
					"rotation": [45, 0, 0],
					"cubes": [
						{"origin": [0, -5, -16], "size": [0, 26, 27], "uv": [74, 75]}
					]
				},
				{
					"name": "Fins",
					"parent": "Body",
					"pivot": [0, 5, 6.5]
				},
				{
					"name": "LeftFins",
					"parent": "Fins",
					"pivot": [7.5, 2, 6.5],
					"rotation": [0, 0, 12.5]
				},
				{
					"name": "LeftFrontFin",
					"parent": "LeftFins",
					"pivot": [0.5, 2, -1.5],
					"cubes": [
						{"origin": [7.5, 2, -5], "size": [8, 0, 7], "uv": [0, 0]}
					]
				},
				{
					"name": "LeftBackFin",
					"parent": "LeftFins",
					"pivot": [0.5, 2, 6.5],
					"cubes": [
						{"origin": [7.5, 2, 5], "size": [4, 0, 4], "uv": [8, 21]}
					]
				},
				{
					"name": "RightFins",
					"parent": "Fins",
					"pivot": [-7.5, 2, 6.5],
					"rotation": [0, 0, -12.5]
				},
				{
					"name": "RightFrontFin",
					"parent": "RightFins",
					"pivot": [-0.5, 2, -1.5],
					"cubes": [
						{"origin": [-15.5, 2, -5], "size": [8, 0, 7], "uv": [0, 14]}
					]
				},
				{
					"name": "RightBackFin",
					"parent": "RightFins",
					"pivot": [-0.5, 2, 6.5],
					"cubes": [
						{"origin": [-11.5, 2, 5], "size": [4, 0, 4], "uv": [0, 21]}
					]
				},
				{
					"name": "Propeller",
					"parent": "Body",
					"pivot": [0, 6, 14.75],
					"cubes": [
						{"origin": [-2.25, 5.5, 13.5], "size": [2, 1, 1], "pivot": [0, 6, 14], "rotation": [0, 90, -90], "uv": [0, 0]},
						{"origin": [0, 3, 15], "size": [0, 6, 7], "uv": [27, 79]}
					]
				},
				{
					"name": "LeftAngler",
					"parent": "Body",
					"pivot": [0.9, 21, -2.95],
					"cubes": [
						{"origin": [-3, 18, -5], "size": [2, 10, 0], "pivot": [0.5, 24.43301, -7.36603], "rotation": [49.927, 75.5694, 73.641], "uv": [39, 75]}
					]
				},
				{
					"name": "L2",
					"parent": "LeftAngler",
					"pivot": [0.5, 24.43301, -7.36603],
					"cubes": [
						{"origin": [-4.25, 25.5, -5], "size": [2, 10, 0], "inflate": 0.01, "pivot": [0.5, 24.43301, -7.36603], "rotation": [76.74737, 45.58752, 103.26208], "uv": [27, 69]}
					]
				},
				{
					"name": "L3",
					"parent": "L2",
					"pivot": [0.5, 24.43301, -7.36603],
					"cubes": [
						{"origin": [-9.5, 31, -5], "size": [2, 10, 0], "inflate": 0.02, "pivot": [0.5, 24.43301, -7.36603], "rotation": [80.49625, 13.67728, 110.54495], "uv": [58, 1]}
					]
				},
				{
					"name": "L4",
					"parent": "L3",
					"pivot": [0.5, 24.43301, -7.36603],
					"cubes": [
						{"origin": [-17.5, 31.5, -5], "size": [2, 10, 0], "inflate": 0.01, "pivot": [0.5, 24.43301, -7.36603], "rotation": [79.93907, -23.31524, 116.82865], "uv": [49, 44]}
					]
				},
				{
					"name": "L5",
					"parent": "L4",
					"pivot": [0.5, 24.43301, -7.36603],
					"cubes": [
						{"origin": [-23.75, 29, -5], "size": [2, 10, 0], "pivot": [0.5, 24.43301, -7.36603], "rotation": [73.73721, -55.04901, 126.25889], "uv": [7, 44]}
					]
				},
				{
					"name": "LeftBulb",
					"parent": "L5",
					"pivot": [7.75, 22.5, -32.75],
					"cubes": [
						{"origin": [5.25, 20, -35.25], "size": [5, 5, 5], "uv": [0, 68]}
					]
				},
				{
					"name": "RightAngler",
					"parent": "Body",
					"pivot": [-0.95, 21, -2.85]
				},
				{
					"name": "R1",
					"parent": "RightAngler",
					"pivot": [0, 24.43301, -7.36603],
					"cubes": [
						{"origin": [-3.5, 18, -10.25], "size": [2, 10, 0], "pivot": [0, 24.43301, -7.36603], "rotation": [130.07301, 75.56944, 106.35899], "uv": [45, 75]}
					]
				},
				{
					"name": "R2",
					"parent": "R1",
					"pivot": [0, 24.43301, -7.36603],
					"cubes": [
						{"origin": [-4.75, 25.5, -10.25], "size": [2, 10, 0], "inflate": 0.01, "pivot": [0, 24.43301, -7.36603], "rotation": [103.25262, 45.58752, 76.73792], "uv": [33, 69]}
					]
				},
				{
					"name": "R3",
					"parent": "R2",
					"pivot": [0, 24.43301, -7.36603],
					"cubes": [
						{"origin": [-10, 31, -10.25], "size": [2, 10, 0], "inflate": 0.02, "pivot": [0, 24.43301, -7.36603], "rotation": [99.50375, 13.67728, 69.45505], "uv": [21, 69]}
					]
				},
				{
					"name": "R4",
					"parent": "R3",
					"pivot": [0, 24.43301, -7.36603],
					"cubes": [
						{"origin": [-18, 31.5, -10.25], "size": [2, 10, 0], "inflate": 0.01, "pivot": [0, 24.43301, -7.36603], "rotation": [100.06093, -23.31524, 63.17135], "uv": [43, 44]}
					]
				},
				{
					"name": "R5",
					"parent": "R4",
					"pivot": [0, 24.43301, -7.36603],
					"cubes": [
						{"origin": [-24.25, 29, -10.25], "size": [2, 10, 0], "pivot": [0, 24.43301, -7.36603], "rotation": [106.2628, -55.04901, 53.7411], "uv": [1, 44]}
					]
				},
				{
					"name": "RightBulb",
					"parent": "R5",
					"pivot": [-7.75, 22.5, -32.75],
					"cubes": [
						{"origin": [-10.25, 20, -35.25], "size": [5, 5, 5], "uv": [62, 64]}
					]
				},
				{
					"name": "Jaw",
					"parent": "Body",
					"pivot": [0, 3, -5],
					"cubes": [
						{"origin": [-4, 1, -15.5], "size": [2, 5, 2], "uv": [66, 74]},
						{"origin": [-7, 1, -15.5], "size": [2, 4, 2], "uv": [16, 79]},
						{"origin": [-1, 0.5, -15.5], "size": [2, 5, 2], "uv": [50, 74]},
						{"origin": [2, 1, -15.5], "size": [2, 5, 2], "uv": [58, 74]},
						{"origin": [5, 1, -15.5], "size": [2, 4, 2], "uv": [8, 78]},
						{"origin": [6, 1, -14.5], "size": [2, 3, 2], "uv": [50, 54]},
						{"origin": [6, 1, -11.5], "size": [2, 4, 2], "uv": [0, 78]},
						{"origin": [-8, 1, -11.5], "size": [2, 4, 2], "uv": [74, 74]},
						{"origin": [-8, 1, -14.5], "size": [2, 3, 2], "uv": [42, 54]},
						{"origin": [-8, 1, -8.5], "size": [2, 3, 2], "uv": [8, 54]},
						{"origin": [6, 1, -8.5], "size": [2, 3, 2], "uv": [0, 54]},
						{"origin": [-8.5, 0, -16], "size": [17, 3, 11], "uv": [72, 71]}
					]
				},
				{
					"name": "MainBody",
					"parent": "Body",
					"pivot": [0, -1, 0],
					"cubes": [
						{"origin": [-3.5, 2.5, 11.75], "size": [7, 7, 3], "uv": [42, 64]},
						{"origin": [-7.5, 2, -15], "size": [15, 16, 27], "uv": [0, 0]},
						{"origin": [-6.5, 18, -14], "size": [13, 3, 16], "uv": [0, 43]},
						{"origin": [-7.5, 0, -5], "size": [15, 2, 15], "uv": [43, 47]}
					]
				}
			]
		}
	]
}