{
	"format_version": "1.8.0",
	"animations": {
		"animation.eggward.ground_idle": {
			"loop": true,
			"bones": {
				"wing_left2": {
					"rotation": ["-4-math.sin(q.anim_time*90*4-30)*4", 45, "-3-math.sin(q.anim_time*90*4-30)*4"]
				},
				"wing_left3": {
					"rotation": [0, "-45+((math.sin(q.anim_time*90*4)+math.sin(q.anim_time*90*4*3)/10)*2)", 0]
				},
				"toe_inner_right": {
					"rotation": [0, -5, 0]
				},
				"toe_outer_right": {
					"rotation": [0, 5, 0]
				},
				"foot_right": {
					"rotation": [0, "-(math.sin(q.anim_time*90*4)+math.sin(q.anim_time*90*4*3)/10)*0.35", 0],
					"position": ["-(math.sin(q.anim_time*90*4)+math.sin(q.anim_time*90*4*3)/10)*0.01", 0, 0]
				},
				"torso": {
					"rotation": ["3+math.sin(q.anim_time*90*4*2)*2", 0, "-((math.sin(q.anim_time*90*4)+math.sin(q.anim_time*90*4*3)/10)*2)"],
					"position": ["-((math.sin(q.anim_time*90*4)+math.sin(q.anim_time*90*4*3)/10)*0.1)", 0, 0]
				},
				"wing_right": {
					"rotation": [24.93288, "-1.3611+math.sin(q.anim_time*90*4+30)*10", -1.72167],
					"position": [0, -0.5, 0]
				},
				"wing_left": {
					"rotation": [172.43288, "171.3611+math.sin(q.anim_time*90*4+30)*10", -181.72167],
					"position": [0, -0.5, 0]
				},
				"thingy": {
					"rotation": ["-1.3611+math.sin(q.anim_time*90*4+30)*10", 0, -1.72167],
					"position": [0.25, -0.5, 0]
				},
				"tail": {
					"rotation": [24.93288, "-1.3611+math.sin(q.anim_time*90*4+30)*10", -1.72167],
					"position": [0, -0.75, 2.3]
				},
				"leg_left": {
					"rotation": [0, 0, "-((math.sin(q.anim_time*90*4)+math.sin(q.anim_time*90*4*3)/10)*4)"],
					"position": ["-((math.sin(q.anim_time*90*4)+math.sin(q.anim_time*90*4*3)/10)*0.1)", 0, 0]
				},
				"leg_left2": {
					"rotation": [0, 0, "(math.sin(q.anim_time*90*4)+math.sin(q.anim_time*90*4*3)/10)*4"]
				},
				"foot_left": {
					"rotation": [0, "(math.sin(q.anim_time*90*4)+math.sin(q.anim_time*90*4*3)/10)*0.35", 0],
					"position": ["(math.sin(q.anim_time*90*4)+math.sin(q.anim_time*90*4*3)/10)*0.01", 0, 0]
				},
				"toe_inner_left": {
					"rotation": [0, 5, 0]
				},
				"toe_outer_left": {
					"rotation": [0, -5, 0]
				},
				"leg_right": {
					"rotation": [0, 0, "(math.sin(q.anim_time*90*4)+math.sin(q.anim_time*90*4*3)/10)*4"],
					"position": ["(math.sin(q.anim_time*90*4)+math.sin(q.anim_time*90*4*3)/10)*0.1", 0, 0]
				},
				"leg_right2": {
					"rotation": [0, 0, "-(math.sin(q.anim_time*90*4)+math.sin(q.anim_time*90*4*3)/10)*4"]
				}
			}
		},
		"animation.eggward.blink": {
			"animation_length": 0.1667,
			"bones": {
				"eye_left": {
					"rotation": [0, 0, 0],
					"position": {
						"0.0": [0, 0, 0],
						"0.125": [0, 11.5, 0],
						"0.1667": [0, 0, 0]
					},
					"scale": {
						"0.0": [1, 1, 1],
						"0.125": [1, 0.1, 1],
						"0.1667": [1, 1, 1]
					}
				},
				"eye_right": {
					"rotation": [0, 0, 0],
					"position": {
						"0.0": [0, 0, 0],
						"0.125": [0, 11.5, 0],
						"0.1667": [0, 0, 0]
					},
					"scale": {
						"0.0": [1, 1, 1],
						"0.125": [1, 0.1, 1],
						"0.1667": [1, 1, 1]
					}
				}
			}
		},
		"animation.eggward.ground_walk": {
			"loop": true,
			"bones": {
				"wing_left2": {
					"rotation": ["-9-math.sin(q.anim_time*90*6+60-40)*9 ", 45, "-9-math.sin(q.anim_time*90*6+60 -40)*9"]
				},
				"wing_left3": {
					"rotation": [0, "-45+math.sin(q.anim_time*90*6+90)*9 ", 0]
				},
				"toe_inner_right": {
					"rotation": [0, 5, 0]
				},
				"toe_outer_right": {
					"rotation": [0, -5, 0]
				},
				"wing_right2": {
					"rotation": ["-9-math.sin(q.anim_time*90*6+60-40)*9", -45, "9+math.sin(q.anim_time*90*6+60-40)*9"]
				},
				"wing_right3": {
					"rotation": [0, "45-math.sin(q.anim_time*90*6+90)*9 ", 0]
				},
				"foot_right": {
					"rotation": ["-math.clamp(math.sin(q.anim_time*90*6+30)*30, -15, 10)+math.clamp(math.sin(q.anim_time*90*6)*20, 0, 20)", 0, 0]
				},
				"toe_back_right": {
					"rotation": ["-20+(math.sin(q.anim_time*90*6+200) +math.sin(q.anim_time*90*6*3+200)/10)*30", 0, 0]
				},
				"claw_back_right": {
					"rotation": ["math.clamp(math.sin(q.anim_time*90*6+200)*30, -30, 0)", 0, 0]
				},
				"claw_inner_right": {
					"rotation": [
						"10+math.clamp(math.sin(q.anim_time*90*6-60)*20,-10,20)+math.clamp(math.sin(q.anim_time*90*6-90)*10,0,10)-math.clamp(math.sin(q.anim_time*90*6-300)*10,0,5)",
						5,
						0
					]
				},
				"claw_outer_right": {
					"rotation": [
						"10+math.clamp(math.sin(q.anim_time*90*6-60)*20,-10,20)+math.clamp(math.sin(q.anim_time*90*6-90)*10,0,10)-math.clamp(math.sin(q.anim_time*90*6-300)*10,0,5)",
						5,
						0
					]
				},
				"body": {
					"rotation": ["5+math.sin(q.anim_time*90*6+60)*10", 0, 0],
					"position": [
						0,
						"math.clamp(math.sin(q.anim_time*90*6-60+10), 0, 1)+math.clamp(math.sin(q.anim_time*90*6+10)*2, 0, 2)",
						"math.clamp(math.cos(q.anim_time*90*6+20)*0.5, -0.2, 0.2)+math.cos(q.anim_time*90*6+20)*2"
					]
				},
				"torso": {
					"rotation": ["-math.sin(q.anim_time*90*6+60-40)*9", 0, 0],
					"position": [0, "math.clamp(math.sin(q.anim_time*90*6+190)*0.5, 0, 1)", 0]
				},
				"jaw": {
					"rotation": ["10+math.sin(q.anim_time*90*6-90)*10", 0, 0],
					"position": [0, "-0.1-math.sin(q.anim_time*90*6+90)*0.1 ", 0]
				},
				"wing_right": {
					"rotation": [24.93288, "-1.3611+math.sin(q.anim_time*90*4+30)*10", -1.72167],
					"position": [0, -0.5, 0]
				},
				"wing_left": {
					"rotation": [172.43288, "171.3611+math.sin(q.anim_time*90*4+30)*10", -181.72167],
					"position": [0, -0.5, 0]
				},
				"thingy": {
					"rotation": ["-1.3611+math.sin(q.anim_time*130*4+30)*15", 0, -1.72167],
					"position": [0.25, -0.5, 0]
				},
				"tail": {
					"rotation": [24.93288, "-1.3611+math.sin(q.anim_time*90*4+30)*10", -1.72167],
					"position": [0, -0.75, 2.3]
				},
				"leg_left": {
					"rotation": ["math.clamp(math.sin(q.anim_time*90*6+10)*20, -5, 20) ", 0, 0],
					"position": [
						0,
						"math.clamp(math.sin(q.anim_time*90*6+10)*1, -1, 0)*0.5+math.clamp(math.sin(q.anim_time*90*6+90)*1, 0.5, 1)*0.5",
						"-0.4+math.sin(q.anim_time*90*6+10)*1"
					]
				},
				"leg_left2": {
					"rotation": ["math.clamp(math.sin(q.anim_time*90*6+30)*30, -30, 15)", 0, 0]
				},
				"foot_left": {
					"rotation": ["-math.clamp(math.sin(q.anim_time*90*6+30)*30, -15, 10)+math.clamp(math.sin(q.anim_time*90*6)*20, 0, 20)", 0, 0]
				},
				"toe_back_left": {
					"rotation": ["-20+(math.sin(q.anim_time*90*6+200) +math.sin(q.anim_time*90*6*3+200)/10)*30", 0, 0]
				},
				"claw_back_left": {
					"rotation": ["math.clamp(math.sin(q.anim_time*90*6+200)*30, -30, 0)", 0, 0]
				},
				"toe_inner_left": {
					"rotation": [0, 5, 0]
				},
				"claw_inner_left": {
					"rotation": [
						"10+math.clamp(math.sin(q.anim_time*90*6-60)*20,-10,20)+math.clamp(math.sin(q.anim_time*90*6-90)*10,0,10)-math.clamp(math.sin(q.anim_time*90*6-300)*10,0,5)",
						-5,
						0
					]
				},
				"toe_outer_left": {
					"rotation": [0, -5, 0]
				},
				"claw_outer_left": {
					"rotation": [
						"10+math.clamp(math.sin(q.anim_time*90*6-60)*20,-10,20)+math.clamp(math.sin(q.anim_time*90*6-90)*10,0,10)-math.clamp(math.sin(q.anim_time*90*6-300)*10,0,5)",
						-5,
						0
					]
				},
				"leg_right": {
					"rotation": ["math.clamp(math.sin(q.anim_time*90*6+10)*20, -5, 20) ", 0, 0],
					"position": [
						0,
						"math.clamp(math.sin(q.anim_time*90*6+10)*1, -1, 0)*0.5+math.clamp(math.sin(q.anim_time*90*6+90)*1, 0.5, 1)*0.5",
						"-0.4+math.sin(q.anim_time*90*6+10)*1.2"
					]
				},
				"leg_right2": {
					"rotation": ["math.clamp(math.sin(q.anim_time*90*6+30)*30, -30, 15)", 0, 0]
				}
			}
		},
		"animation.eggward.sleep": {
			"loop": true,
			"bones": {
				"eyelid_right": {
					"position": [0, 0, -0.1]
				},
				"eyelid_left": {
					"position": [0, 0, -0.1]
				},
				"wing_left2": {
					"rotation": [0, 42.5, 0]
				},
				"wing_left3": {
					"rotation": [0, -45, 0]
				},
				"wing_right2": {
					"rotation": [0, -42.5, 0]
				},
				"wing_right3": {
					"rotation": [0, 45, 0]
				},
				"toe_back_right": {
					"rotation": [-67.5, 0, 0]
				},
				"claw_back_right": {
					"rotation": [-50, 0, 0]
				},
				"toe_inner_right": {
					"rotation": [60, 0, 0]
				},
				"claw_inner_right": {
					"rotation": [50, 0, 0]
				},
				"toe_outer_right": {
					"rotation": [60, 0, 0]
				},
				"claw_outer_right": {
					"rotation": [50, 0, 0]
				},
				"eggward": {
					"position": [0, 0.25, 0]
				},
				"body": {
					"rotation": [-10.5, 0, 0],
					"position": [0, -2.2, 0]
				},
				"torso": {
					"rotation": ["12.5+1*math.sin(q.anim_time*90*1)", 0, "0.1*math.sin(q.anim_time*90*3)"]
				},
				"wing_right": {
					"rotation": [0, 0, -32.5],
					"position": [0, 1.5, 0]
				},
				"wing_left": {
					"rotation": [0, 0, 32.5],
					"position": [0, -0.5, 0]
				},
				"eye_left": {
					"position": [-1.45, 11.5, 0],
					"scale": [1, 0.1, 1]
				},
				"eye_right": {
					"position": [1.45, 11.5, 0],
					"scale": [1, 0.1, 1]
				},
				"tail": {
					"rotation": [-22.5, 0, 0],
					"position": [0, 0, -1.5]
				},
				"leg_left": {
					"rotation": [-86.80748, -12.60837, 56.59341],
					"position": [1.3, -0.75, -4.5]
				},
				"leg_left2": {
					"rotation": [-15, 0, 0]
				},
				"leg_right": {
					"rotation": [-86.80748, 12.60837, -56.59341],
					"position": [-0.75, -0.75, -4.25]
				},
				"leg_right2": {
					"rotation": [-12.5, 0, 0]
				}
			}
		},
		"animation.eggward.faint": {
			"loop": "hold_on_last_frame",
			"animation_length": 1.4167,
			"bones": {
				"eggward": {
					"rotation": {
						"0.0": [0, 0, 0],
						"1.25": [0, -500, 0]
					},
					"position": {
						"0.0": [0, 0, 0],
						"1.25": [0, 3.25, 0]
					}
				},
				"body": {
					"rotation": {
						"0.0": [0, 0, 0],
						"1.0": [-27.5, 0, 0],
						"1.4167": [-75, 0, 0]
					},
					"position": {
						"0.0": [0, 0, 0],
						"1.0": [0, -2.75, 0],
						"1.3333": [0, 2, 5],
						"1.4167": [0, 0, 6]
					}
				},
				"torso": {
					"rotation": {
						"0.0": [0, 0, 20],
						"1.25": [-14.78217, 2.57594, 9.6658]
					},
					"position": [-0.5, 1, 0]
				},
				"eye_left": {
					"position": {
						"1.2083": [0, 0, 0],
						"1.25": [-1.45, 11.5, 0]
					},
					"scale": {
						"1.2083": [1, 1, 1],
						"1.25": [1, 0.1, 1]
					}
				},
				"eye_right": {
					"position": {
						"1.2083": [1, 0, 0],
						"1.25": [1.45, 11.5, 0]
					},
					"scale": {
						"1.2083": [1, 1, 1],
						"1.25": [1, 0.1, 1]
					}
				},
				"tail": {
					"rotation": {
						"0.0": [0, 0, 0],
						"1.25": [60, 0, 0]
					},
					"position": {
						"0.0": [0, 0, 0],
						"1.25": [0, 0.25, 5.5]
					}
				},
				"leg_right": {
					"rotation": {
						"0.0": [0, 0, 27.5],
						"1.0": [-30, 0, 27.5],
						"1.3333": [-45, 0, 27.5],
						"1.4167": [17.5, 0, 27.5]
					},
					"position": [1.25, 0.5, 0]
				},
				"jaw": {
					"rotation": {
						"0.0": [47.5, 0, 0],
						"0.25": [80, 0, 0],
						"0.5": [47.5, 0, 0],
						"0.75": [80, 0, 0],
						"1.0": [47.5, 0, 0],
						"1.25": [80, 0, 0]
					},
					"position": {
						"0.0": [0, -0.75, 0.75],
						"0.25": [0, -0.75, 1.25],
						"0.5": [0, -0.75, 0.75],
						"0.75": [0, -0.75, 1.25],
						"1.0": [0, -0.75, 0.75],
						"1.25": [0, -0.75, 1.25]
					}
				},
				"wing_right": {
					"rotation": {
						"0.0": [0, 0, 10],
						"0.0833": [0, 0, -10],
						"0.1667": [0, 0, 10],
						"0.25": [0, 0, -10],
						"0.3333": [0, 0, 10],
						"0.4167": [0, 0, -10],
						"0.5": [0, 0, 10],
						"0.5833": [0, 0, -10],
						"0.6667": [0, 0, 10],
						"0.75": [0, 0, -10],
						"0.8333": [0, 0, 10],
						"0.9167": [0, 0, -10],
						"1.0": [0, 0, 10],
						"1.0833": [0, 0, -10],
						"1.1667": [0, 0, 10],
						"1.25": [0, 0, -10]
					}
				},
				"wing_left": {
					"rotation": {
						"0.0": [0, 0, -10],
						"0.0833": [0, 0, 10],
						"0.1667": [0, 0, -10],
						"0.25": [0, 0, 10],
						"0.3333": [0, 0, -10],
						"0.4167": [0, 0, 10],
						"0.5": [0, 0, -10],
						"0.5833": [0, 0, 10],
						"0.6667": [0, 0, -10],
						"0.75": [0, 0, 10],
						"0.8333": [0, 0, -10],
						"0.9167": [0, 0, 10],
						"1.0": [0, 0, -10],
						"1.0833": [0, 0, 10],
						"1.1667": [0, 0, -10],
						"1.25": [0, 0, 10]
					}
				},
				"leg_left": {
					"rotation": {
						"0.0": [0, 0, 0],
						"1.3333": [-50, 0, 0],
						"1.4167": [0, 0, 0]
					}
				},
				"leg_left2": {
					"rotation": {
						"0.0": [0, 0, 0],
						"1.0": [32.5, 0, 0],
						"1.3333": [17.5, 0, 0],
						"1.4167": [40, 0, 0]
					},
					"position": {
						"0.0": [0, 0, 0],
						"1.0": [0, 0.5, 0]
					}
				},
				"foot_left": {
					"rotation": {
						"0.0": [0, 0, 0],
						"1.0": [-7.5, 0, 0]
					}
				},
				"leg_right2": {
					"rotation": {
						"0.0": [0, 0, 0],
						"1.0": [-12.5, 0, 0],
						"1.4167": [12.5, 0, 0]
					}
				},
				"foot_right2": {
					"rotation": {
						"0.0": [0, 0, 0],
						"1.0": [32.5, 0, 0],
						"1.3333": [12.5, 0, 0]
					}
				}
			}
		},
		"animation.eggward.cry": {
			"animation_length": 0.7083,
			"bones": {
				"torso": {
					"rotation": {
						"0.0": {
							"post": [0, 0, 0],
							"lerp_mode": "catmullrom"
						},
						"0.1667": {
							"post": [-2.5, 0, 0],
							"lerp_mode": "catmullrom"
						},
						"0.25": {
							"post": [0, 0, 0],
							"lerp_mode": "catmullrom"
						},
						"0.375": {
							"post": [-2.5, 0, 0],
							"lerp_mode": "catmullrom"
						},
						"0.4583": {
							"post": [0, 0, 0],
							"lerp_mode": "catmullrom"
						},
						"0.5833": {
							"post": [-2.5, 0, 0],
							"lerp_mode": "catmullrom"
						},
						"0.7083": {
							"post": [0, 0, 0],
							"lerp_mode": "catmullrom"
						}
					}
				},
				"jaw": {
					"rotation": {
						"0.0": {
							"post": [0, 0, 0],
							"lerp_mode": "catmullrom"
						},
						"0.1667": {
							"post": [27.5, 0, 0],
							"lerp_mode": "catmullrom"
						},
						"0.25": {
							"post": [0, 0, 0],
							"lerp_mode": "catmullrom"
						},
						"0.375": {
							"post": [27.5, 0, 0],
							"lerp_mode": "catmullrom"
						},
						"0.4583": {
							"post": [0, 0, 0],
							"lerp_mode": "catmullrom"
						},
						"0.5833": {
							"post": [27.5, 0, 0],
							"lerp_mode": "catmullrom"
						},
						"0.7083": {
							"post": [0, 0, 0],
							"lerp_mode": "catmullrom"
						}
					},
					"position": {
						"0.0": {
							"post": [0, 0, 0],
							"lerp_mode": "catmullrom"
						},
						"0.1667": {
							"post": [0, -0.65, 0.75],
							"lerp_mode": "catmullrom"
						},
						"0.25": {
							"post": [0, 0, 0],
							"lerp_mode": "catmullrom"
						},
						"0.375": {
							"post": [0, -0.65, 0.75],
							"lerp_mode": "catmullrom"
						},
						"0.4583": {
							"post": [0, 0, 0],
							"lerp_mode": "catmullrom"
						},
						"0.5833": {
							"post": [0, -0.65, 0.75],
							"lerp_mode": "catmullrom"
						},
						"0.7083": {
							"post": [0, 0, 0],
							"lerp_mode": "catmullrom"
						}
					}
				}
			},
			"sound_effects": {
				"0.0": {
					"effect": "pokemon.eggward.cry"
				}
			}
		}
	}
}