{
    "target": "cobblemon:Heracross",
    "features": ["paldean"],
    "forms": [
      {
        "name": "Paldea",
        "primaryType": "bug",
        "secondaryType": "fairy",
        "abilities": [
          "compoundeyes",
          "shielddust",
          "h:pixilate"
        ],
        "labels": [ "custom" ],
        "baseStats": {
          "hp": 100,
          "attack": 115,
          "defence": 90,
          "special_attack": 40,
          "special_defence": 90,
          "speed": 65
        },
        "catchRate": 45,
        "maleRatio": 0.5,
        "shoulderMountable": false,
        "baseExperienceYield": 175,
        "experienceGroup": "slow",
        "eggCycles": 25,
        "eggGroups": [
          "bug"
        ],
        "behaviour": {
          "moving": {
            "fly": {
              "canFly": false
            },
            "walk": {
              "canWalk": true,
              "avoidsLand": false,
              "walkSpeed":0.15
            }
          }
        },
        "moves": [
          "1:fairywind",
          "1:bulletseed",
          "1:leer",
          "1:slash",
          "1:tackle",
          "5:furyattack",
          "7:feint",
          "10:endure",
          "15:aerialace",
          "16:chipaway",
          "20:hornattack",
          "25:moonlight",
          "30:playrough",
          "34:takedown",
          "35:pinmissile",
          "40:facade",
          "45:thrash",
          "46:dazzlinggleam",
          "50:swordsdance",
          "55:megahorn",
          "60:doubleedge",
          "egg:bide",
          "egg:doubleedge",
          "egg:falseswipe",
          "egg:feint",
          "egg:flail",
          "egg:focuspunch",
          "egg:harden",
          "egg:megahorn",
          "egg:slash",
          "egg:pursuit",
          "egg:revenge",
          "egg:rockblast",
          "egg:seismictoss",
          "egg:takedown",
          "tm:aerialace",
          "tm:assurance",
          "tm:attract",
          "tm:bodyslam",
          "tm:playrough",
          "tm:brutalswing",
          "tm:bugbite",
          "tm:bugbuzz",
          "tm:bulkup",
          "tm:bulldoze",
          "tm:bulletseed",
          "tm:captivate",
          "tm:closecombat",
          "tm:coaching",
          "tm:confide",
          "tm:curse",
          "tm:cut",
          "tm:dig",
          "tm:doubleedge",
          "tm:doubleteam",
          "tm:earthquake",
          "tm:endeavor",
          "tm:endure",
          "tm:falseswipe",
          "tm:fling",
          "tm:focusblast",
          "tm:focuspunch",
          "tm:frustration",
          "tm:gigaimpact",
          "tm:helpinghand",
          "tm:hiddenpower",
          "tm:highhorsepower",
          "tm:hyperbeam",
          "tm:irondefense",
          "tm:knockoff",
          "tm:floralhealing",
          "tm:lunge",
          "tm:megahorn",
          "tm:naturalgift",
          "tm:pinmissile",
          "tm:pounce",
          "tm:protect",
          "tm:raindance",
          "tm:rest",
          "tm:retaliate",
          "tm:return",
          "tm:revenge",
          "tm:dazzlinggleam",
          "tm:rockblast",
          "tm:rockslide",
          "tm:moonblast",
          "tm:rocktomb",
          "tm:round",
          "tm:secretpower",
          "tm:shadowclaw",
          "tm:skittersmack",
          "tm:sleeptalk",
          "tm:smackdown",
          "tm:smartstrike",
          "tm:snore",
          "tm:spikes",
          "tm:stoneedge",
          "tm:strength",
          "tm:strugglebug",
          "tm:substitute",
          "tm:sunnyday",
          "tm:swagger",
          "tm:swordsdance",
          "tm:takedown",
          "tm:terablast",
          "tm:thief",
          "tm:facade",
          "tm:toxic",
          "tm:trailblaze",
          "tm:upperhand",
          "tm:vacuumwave",
          "tm:venoshock",
          "tm:workup",
          "tutor:attract",
          "tutor:bide",
          "tutor:bodyslam",
          "tutor:bugbite",
          "tutor:bulletseed",
          "tutor:closecombat",
          "tutor:coaching",
          "tutor:moonlight",
          "tutor:curse",
          "tutor:cut",
          "tutor:detect",
          "tutor:doubleedge",
          "tutor:doubleteam",
          "tutor:earthquake",
          "tutor:endure",
          "tutor:flail",
          "tutor:focuspunch",
          "tutor:frustration",
          "tutor:furyattack",
          "tutor:furycutter",
          "tutor:harden",
          "tutor:headbutt",
          "tutor:helpinghand",
          "tutor:hiddenpower",
          "tutor:hornattack",
          "tutor:irondefense",
          "tutor:knockoff",
          "tutor:leer",
          "tutor:floralhealing",
          "tutor:megahorn",
          "tutor:mimic",
          "tutor:pinmissile",
          "tutor:protect",
          "tutor:rest",
          "tutor:return",
          "tutor:dazzlinggleam",
          "tutor:rockblast",
          "tutor:rockslide",
          "tutor:moonblast",
          "tutor:seismictoss",
          "tutor:sleeptalk",
          "tutor:snore",
          "tutor:strength",
          "tutor:substitute",
          "tutor:sunnyday",
          "tutor:swagger",
          "tutor:swordsdance",
          "tutor:tackle",
          "tutor:takedown",
          "tutor:thief",
          "tutor:facade",
          "tutor:toxic",
          "tutor:vacuumwave"
        ],
        "pokedex": [
          "cobblemon.species.heracross.desc"
        ],
        "evolutions": [],
        "baseScale": 1,
        "hitbox": {
          "width": 1.05,
          "height": 1.55,
          "fixed": false
        },
        "baseFriendship": 50,
        "evYield": {
          "hp": 0,
          "attack": 2,
          "defence": 0,
          "special_attack": 0,
          "special_defence": 0,
          "speed": 0
        },
        "height": 15,
        "weight": 540,
        "cannotDynamax": false,
        "drops": {
          "amount": 1,
          "entries": [
            {
              "item": "cobblemon:coba_berry",
              "percentage": 5.0
            }
        ]
    },
    "aspects": ["paldean"]
}
]
}