{
    "target": "cobblemon:shuckle",
    "features": ["galarian"],
    "forms": [
      {
        "name": "Galar",
        "primaryType": "bug",
        "secondaryType": "ice",
        "abilities": [
          "sturdy",
          "technician",
          "h:contrary"
        ],
        "labels": [ "custom" ],
        "baseStats": {
          "hp": 20,
          "attack": 230,
          "defence": 10,
          "special_attack": 230,
          "special_defence": 10,
          "speed": 5
        },
        "moves": [
          "egg:disable",
          "1:bide",
          "1:constrict",
          "1:withdraw",
          "1:wrap",
          "5:encore",
          "5:powdersnow",
          "10:strugglebug",
          "15:iceshard",
          "20:protect",
          "25:endeavor",
          "30:bugbite",
          "35:swordsdance",
          "35:nastyplot",
          "40:avalanche",
          "45:bugbuzz",
          "55:icebeam",
          "60:uturn",
          "65:shellsmash",
          "tm:attract",
          "tm:bodyslam",
          "tm:bulldoze",
          "tm:captivate",
          "tm:confide",
          "tm:dig",
          "tm:doubleteam",
          "tm:earthpower",
          "tm:earthquake",
          "tm:encore",
          "tm:endure",
          "tm:facade",
          "tm:flash",
          "tm:frustration",
          "tm:gyroball",
          "tm:helpinghand",
          "tm:hiddenpower",
          "tm:infestation",
          "tm:irondefense",
          "tm:mudshot",
          "tm:naturalgift",
          "tm:protect",
          "tm:rest",
          "tm:return",
          "tm:reversal",
          "tm:icespinner",
          "tm:icebeam",
          "tm:bugbuzz",
          "tm:rocksmash",
          "tm:round",
          "tm:safeguard",
          "tm:snowscape",
          "tm:auroraveil",
          "tm:blizzard",
          "tm:secretpower",
          "tm:sleeptalk",
          "tm:sludgebomb",
          "tm:sludgewave",
          "tm:smackdown",
          "tm:snore",
          "tm:stealthrock",
          "tm:frostbreath",
          "tm:strength",
          "tm:strugglebug",
          "tm:substitute",
          "tm:sunnyday",
          "tm:swagger",
          "tm:toxic",
          "tm:venoshock",
          "egg:acid",
          "egg:acupressure",
          "egg:covet",
          "egg:defensecurl",
          "egg:finalgambit",
          "egg:helpinghand",
          "egg:infestation",
          "egg:knockoff",
          "egg:mudslap",
          "egg:iciclespear",
          "egg:sandtomb",
          "egg:sweetscent",
          "egg:toxic",
          "tutor:attract",
          "tutor:bodyslam",
          "tutor:bulldoze",
          "tutor:captivate",
          "tutor:confide",
          "tutor:dig",
          "tutor:doubleteam",
          "tutor:earthpower",
          "tutor:earthquake",
          "tutor:encore",
          "tutor:endure",
          "tutor:facade",
          "tutor:flash",
          "tutor:frustration",
          "tutor:gyroball",
          "tutor:helpinghand",
          "tutor:hiddenpower",
          "tutor:infestation",
          "tutor:irondefense",
          "tutor:mudshot",
          "tutor:naturalgift",
          "tutor:protect",
          "tutor:rest",
          "tutor:return",
          "tutor:reversal",
          "tutor:icespinner",
          "tutor:icebeam",
          "tutor:bugbuzz",
          "tutor:rocksmash",
          "tutor:round",
          "tutor:safeguard",
          "tutor:snowscape",
          "tutor:auroraveil",
          "tutor:blizzard",
          "tutor:secretpower",
          "tutor:sleeptalk",
          "tutor:sludgebomb",
          "tutor:sludgewave",
          "tutor:smackdown",
          "tutor:snore",
          "tutor:stealthrock",
          "tutor:frostbreath",
          "tutor:strength",
          "tutor:strugglebug",
          "tutor:substitute",
          "tutor:sunnyday",
          "tutor:swagger",
          "tutor:toxic",
          "tutor:venoshock"
        ],
  "aspects": ["galarian"]
      }
    ]
    }