{
	"format_version": "1.12.0",
	"minecraft:geometry": [
		{
			"description": {
				"identifier": "geometry.wailevi",
				"texture_width": 128,
				"texture_height": 128,
				"visible_bounds_width": 4,
				"visible_bounds_height": 3.5,
				"visible_bounds_offset": [0, 1.25, 0]
			},
			"bones": [
				{
					"name": "wailevi",
					"pivot": [0, 0, 0]
				},
				{
					"name": "body",
					"parent": "wailevi",
					"pivot": [0, 0, 0]
				},
				{
					"name": "head",
					"parent": "body",
					"pivot": [0, 7, 8],
					"cubes": [
						{"origin": [-7.5, 5, -8.2], "size": [15, 2, 11], "uv": [0, 68]},
						{"origin": [-8.5, 7, -8.5], "size": [17, 7, 17], "inflate": 0.01, "uv": [0, 26]},
						{"origin": [-7.5, 7.25, 8.5], "size": [15, 6, 2], "inflate": 0.01, "uv": [0, 81]},
						{"origin": [-6.5, 14, -6.5], "size": [13, 3, 13], "inflate": 0.01, "uv": [47, 57]}
					]
				},
				{
					"name": "eyes",
					"parent": "head",
					"pivot": [0, -5, 0]
				},
				{
					"name": "eye_right",
					"parent": "eyes",
					"pivot": [4.5, 10, -8.515],
					"cubes": [
						{"origin": [4, 9.5, -8.515], "size": [1, 1, 0], "uv": [0, 0]}
					]
				},
				{
					"name": "eyelid_right",
					"parent": "eye_right",
					"pivot": [4.5, 10, -7.915],
					"cubes": [
						{"origin": [3.5, 9.5, -8.415], "size": [2, 1, 1], "inflate": 0.01, "uv": [6, 15]}
					]
				},
				{
					"name": "eye_left",
					"parent": "eyes",
					"pivot": [-4.5, 10, -8.515],
					"cubes": [
						{"origin": [-5, 9.5, -8.515], "size": [1, 1, 0], "uv": [0, 1]}
					]
				},
				{
					"name": "eyelid_left",
					"parent": "eye_left",
					"pivot": [-4.5, 10, -7.915],
					"cubes": [
						{"origin": [-5.5, 9.5, -8.415], "size": [2, 1, 1], "inflate": 0.01, "uv": [0, 15]}
					]
				},
				{
					"name": "fin_right",
					"parent": "head",
					"pivot": [8, 9, 0],
					"cubes": [
						{"origin": [8, 8, -6], "size": [6, 2, 12], "uv": [40, 73]}
					]
				},
				{
					"name": "finger_right_front",
					"parent": "fin_right",
					"pivot": [14, 9, -4.5],
					"cubes": [
						{"origin": [14, 8, -6], "size": [5, 2, 3], "uv": [0, 5]}
					]
				},
				{
					"name": "finger_right_middle_front",
					"parent": "fin_right",
					"pivot": [14, 9, -1.5],
					"cubes": [
						{"origin": [14, 8, -3], "size": [5, 2, 3], "uv": [0, 0]}
					]
				},
				{
					"name": "finger_right_middle_back",
					"parent": "fin_right",
					"pivot": [14, 9, 1.5],
					"cubes": [
						{"origin": [14, 8, 0], "size": [5, 2, 3], "uv": [0, 26]}
					]
				},
				{
					"name": "finger_right_back",
					"parent": "fin_right",
					"pivot": [14, 9, 4.5],
					"cubes": [
						{"origin": [14, 8, 3], "size": [5, 2, 3], "uv": [0, 10]}
					]
				},
				{
					"name": "fin_left",
					"parent": "head",
					"pivot": [-8, 9, 0],
					"cubes": [
						{"origin": [-14, 8, -6], "size": [6, 2, 12], "uv": [40, 73], "mirror": true}
					]
				},
				{
					"name": "finger_left_front",
					"parent": "fin_left",
					"pivot": [-14, 9, -4.5],
					"cubes": [
						{"origin": [-19, 8, -6], "size": [5, 2, 3], "uv": [0, 5], "mirror": true}
					]
				},
				{
					"name": "finger_left_middle_front",
					"parent": "fin_left",
					"pivot": [-14, 9, -1.5],
					"cubes": [
						{"origin": [-19, 8, -3], "size": [5, 2, 3], "uv": [0, 0], "mirror": true}
					]
				},
				{
					"name": "finger_left_middle_back",
					"parent": "fin_left",
					"pivot": [-14, 9, 1.5],
					"cubes": [
						{"origin": [-19, 8, 0], "size": [5, 2, 3], "uv": [0, 26], "mirror": true}
					]
				},
				{
					"name": "finger_left_back",
					"parent": "fin_left",
					"pivot": [-14, 9, 4.5],
					"cubes": [
						{"origin": [-19, 8, 3], "size": [5, 2, 3], "uv": [0, 10], "mirror": true}
					]
				},
				{
					"name": "brow_left",
					"parent": "head",
					"pivot": [0, 7, 8],
					"cubes": [
						{"origin": [1, 10.51, -9.5], "size": [5, 3, 5], "inflate": 0.01, "uv": [84, 33]},
						{"origin": [0.75, 10.5, -9.99], "size": [7, 2, 5], "inflate": 0.01, "uv": [84, 6]}
					]
				},
				{
					"name": "brow_right",
					"parent": "head",
					"pivot": [0, 7, 8],
					"cubes": [
						{"origin": [-6.5, 10.51, -9.5], "size": [5, 3, 5], "inflate": 0.01, "uv": [84, 41]},
						{"origin": [-8.25, 10.5, -9.99], "size": [7, 2, 5], "inflate": 0.01, "uv": [84, 13]}
					]
				},
				{
					"name": "jaw",
					"parent": "body",
					"pivot": [0, 7, 6],
					"rotation": [15, 0, 0],
					"cubes": [
						{"origin": [-8.5, 0, -8.5], "size": [17, 9, 17], "inflate": -0.1, "uv": [0, 0]},
						{"origin": [-10.5, 1, -7.5], "size": [8, 7, 15], "inflate": -0.1, "uv": [53, 35]},
						{"origin": [2.5, 1, -7.5], "size": [8, 7, 15], "inflate": -0.1, "uv": [53, 11]},
						{"origin": [-7.5, -2.25, -7.5], "size": [15, 3, 15], "inflate": -0.1, "uv": [0, 50]},
						{"origin": [-7.5, 0.75, 7.75], "size": [15, 9, 2], "inflate": -0.1, "uv": [64, 73]},
						{"origin": [-7.5, 0.5, -10.25], "size": [15, 8, 3], "inflate": -0.1, "uv": [51, 0]}
					]
				}
			]
		}
	]
}