{
	"format_version": "1.12.0",
	"minecraft:geometry": [
		{
			"description": {
				"identifier": "geometry.potdary",
				"texture_width": 64,
				"texture_height": 64,
				"visible_bounds_width": 3,
				"visible_bounds_height": 2.5,
				"visible_bounds_offset": [0, 0.75, 0]
			},
			"bones": [
				{
					"name": "potdary",
					"pivot": [0, 0, 0]
				},
				{
					"name": "body",
					"parent": "potdary",
					"pivot": [0, 0, 0]
				},
				{
					"name": "torso",
					"parent": "body",
					"pivot": [0, 0, 0]
				},
				{
					"name": "neck",
					"parent": "torso",
					"pivot": [0, 6, 0],
					"cubes": [
						{"origin": [-2, 4.5, -7.2], "size": [4, 4, 7], "inflate": 0.001, "pivot": [0, -2.25, -1], "rotation": [12.5, 0, 0], "uv": [33, 12]}
					]
				},
				{
					"name": "neck2",
					"parent": "neck",
					"pivot": [0, 0, 0],
					"cubes": [
						{"origin": [-2, -5, -16.75], "size": [4, 4, 7], "pivot": [0, -2.25, -1], "rotation": [-52.5, 0, 0], "uv": [0, 33]}
					]
				},
				{
					"name": "head",
					"parent": "neck2",
					"pivot": [0, 8, -11],
					"cubes": [
						{"origin": [-3, 8.2, -15.2], "size": [6, 5, 6], "uv": [22, 27]}
					]
				},
				{
					"name": "ears",
					"parent": "head",
					"pivot": [0, 0, 0]
				},
				{
					"name": "ear_left",
					"parent": "ears",
					"pivot": [3, 13, -10],
					"cubes": [
						{"origin": [4.65, 4.45, -11.25], "size": [0, 8, 3], "pivot": [0, -0.25, 0], "rotation": [0, 0, -7.5], "uv": [0, 16]}
					]
				},
				{
					"name": "ear_right",
					"parent": "ears",
					"pivot": [-3, 12.75, -10],
					"cubes": [
						{"origin": [-4.65, 4.45, -11.25], "size": [0, 8, 3], "pivot": [0, -0.25, 0], "rotation": [0, 0, 7.5], "uv": [26, 35]}
					]
				},
				{
					"name": "eyes",
					"parent": "head",
					"pivot": [0, 0, 0]
				},
				{
					"name": "brow_right",
					"parent": "eyes",
					"pivot": [0, 13, -15],
					"cubes": [
						{"origin": [-3.75, 14.5, -12.5], "size": [2, 3, 3], "inflate": 0.002, "pivot": [0, 0, 0], "rotation": [15, 0, 0], "uv": [0, 0]},
						{"origin": [-3.75, 14, -13], "size": [2, 2, 2], "inflate": 0.003, "pivot": [0, 0, 0], "rotation": [15, 0, 0], "uv": [30, 0]}
					]
				},
				{
					"name": "brow_left",
					"parent": "eyes",
					"pivot": [0, 13, -15],
					"cubes": [
						{"origin": [2, 14.5, -12.5], "size": [2, 3, 3], "inflate": 0.002, "pivot": [6, 0, 0], "rotation": [15, 0, 0], "uv": [0, 0], "mirror": true},
						{"origin": [2, 14, -13], "size": [2, 2, 2], "inflate": 0.003, "pivot": [6, 0, 0], "rotation": [15, 0, 0], "uv": [30, 0], "mirror": true}
					]
				},
				{
					"name": "eye_left",
					"parent": "eyes",
					"pivot": [3, 10.16132, -12.93484],
					"cubes": [
						{"origin": [3, 9.75, -13.5], "size": [0, 3, 3], "inflate": 0.001, "pivot": [6, 0, 0], "rotation": [5, 0, 0], "uv": [0, 3]}
					]
				},
				{
					"name": "pupil_left",
					"parent": "eye_left",
					"pivot": [3, 10.16132, -12.93484],
					"cubes": [
						{"origin": [3, 10.25, -13], "size": [0, 2, 2], "inflate": 0.002, "pivot": [6, 0, 0], "rotation": [5, 0, 0], "uv": [6, 4]}
					]
				},
				{
					"name": "eye_right",
					"parent": "eyes",
					"pivot": [-3, 10.16132, -12.93484],
					"cubes": [
						{"origin": [-3, 9.75, -13.5], "size": [0, 3, 3], "inflate": 0.001, "pivot": [0, 0, 0], "rotation": [5, 0, 0], "uv": [0, 3]}
					]
				},
				{
					"name": "pupil_right",
					"parent": "eye_right",
					"pivot": [-3, 10.16132, -12.93484],
					"cubes": [
						{"origin": [-3, 10.25, -13], "size": [0, 2, 2], "inflate": 0.002, "pivot": [0, 0, 0], "rotation": [5, 0, 0], "uv": [6, 4]}
					]
				},
				{
					"name": "snout",
					"parent": "head",
					"pivot": [0, 8, -15.5]
				},
				{
					"name": "snout_rotate",
					"parent": "snout",
					"pivot": [0, 11, -12.5],
					"cubes": [
						{"origin": [-3, 13.9, -6], "size": [6, 6, 8], "inflate": -0.001, "pivot": [0.5, -3, 1], "rotation": [47.5, 0, 0], "uv": [0, 19]}
					]
				},
				{
					"name": "tail",
					"parent": "torso",
					"pivot": [0, 4, 5],
					"cubes": [
						{"origin": [-1, -3.5, 6.2], "size": [2, 2, 2], "pivot": [0.5, -0.75, 0.25], "rotation": [60, 0, 0], "uv": [30, 4]}
					]
				},
				{
					"name": "tail2",
					"parent": "tail",
					"pivot": [0, 4, 5],
					"cubes": [
						{"origin": [-1.5, 3.9, 4.6], "size": [3, 3, 3], "inflate": 0.001, "pivot": [0.5, -0.75, 0], "rotation": [-10, 0, 0], "uv": [20, 19]}
					]
				},
				{
					"name": "pot",
					"parent": "torso",
					"pivot": [0, 2, 0],
					"cubes": [
						{"origin": [-5, 3, -5], "size": [10, 9, 10], "uv": [0, 0]},
						{"origin": [2, 12, -4], "size": [2, 2, 8], "inflate": 0.1, "uv": [14, 38]},
						{"origin": [-2, 12, 2], "size": [4, 2, 2], "inflate": 0.101, "uv": [42, 4]},
						{"origin": [-2, 12, -4], "size": [4, 2, 2], "inflate": 0.101, "uv": [42, 0]},
						{"origin": [-4, 12, -4], "size": [2, 2, 8], "inflate": 0.1, "uv": [30, 0]}
					]
				},
				{
					"name": "legs",
					"parent": "body",
					"pivot": [0, 0, 0]
				},
				{
					"name": "leg_left_front",
					"parent": "legs",
					"pivot": [3.5, 3, -2.5],
					"cubes": [
						{"origin": [2.5, 2, -3.5], "size": [2, 2, 2], "inflate": 0.001, "uv": [30, 23], "mirror": true}
					]
				},
				{
					"name": "hoof_left_front",
					"parent": "leg_left_front",
					"pivot": [3.52513, 1, -2.47487],
					"cubes": [
						{"origin": [4.5, 0, -5], "size": [3, 2, 3], "pivot": [6, 0, 0], "rotation": [0, 45, 0], "uv": [40, 23]}
					]
				},
				{
					"name": "leg_right_front",
					"parent": "legs",
					"pivot": [-2.5, 3, -2.5],
					"cubes": [
						{"origin": [-3.5, 2, -3.5], "size": [2, 2, 2], "inflate": 0.001, "uv": [30, 23]}
					]
				},
				{
					"name": "hoof_right_front",
					"parent": "leg_right_front",
					"pivot": [-2.47487, 1, -2.47487],
					"cubes": [
						{"origin": [-1.5, 0, -5], "size": [3, 2, 3], "pivot": [0, 0, 0], "rotation": [0, 45, 0], "uv": [41, 40]}
					]
				},
				{
					"name": "leg_left_back",
					"parent": "legs",
					"pivot": [3.5, 3, 2.5],
					"cubes": [
						{"origin": [2.5, 2, 1.5], "size": [2, 2, 2], "inflate": 0.001, "uv": [30, 23], "mirror": true}
					]
				},
				{
					"name": "hoof_left_back",
					"parent": "leg_left_back",
					"pivot": [3.56066, 1, 2.56066],
					"cubes": [
						{"origin": [1, 0, 1.5], "size": [3, 2, 3], "pivot": [2.5, 0, 1.5], "rotation": [0, 45, 0], "uv": [32, 38]}
					]
				},
				{
					"name": "leg_right_back",
					"parent": "legs",
					"pivot": [-2.5, 3, 2.5],
					"cubes": [
						{"origin": [-3.5, 2, 1.5], "size": [2, 2, 2], "inflate": 0.001, "uv": [30, 23]}
					]
				},
				{
					"name": "hoof_right_back",
					"parent": "leg_right_back",
					"pivot": [-2.47487, 1, 2.52513],
					"cubes": [
						{"origin": [-1.5, 0, 0], "size": [3, 2, 3], "pivot": [0, 0, 5], "rotation": [0, 45, 0], "uv": [40, 28]}
					]
				}
			]
		}
	]
}