{
	"format_version": "1.12.0",
	"minecraft:geometry": [
		{
			"description": {
				"identifier": "geometry.cyclopod",
				"texture_width": 64,
				"texture_height": 64,
				"visible_bounds_width": 46,
				"visible_bounds_height": 629,
				"visible_bounds_offset": [0, -312.5, 0]
			},
			"bones": [
				{
					"name": "cyclopod",
					"pivot": [0, 0, 0],
					"locators": {
						"cyclone": [0, -17, 0]
					}
				},
				{
					"name": "body",
					"parent": "cyclopod",
					"pivot": [0, 0, 0]
				},
				{
					"name": "torso",
					"parent": "body",
					"pivot": [0, 0, 0],
					"cubes": [
						{"origin": [-1.5, 5, -1.5], "size": [3, 3, 3], "uv": [28, 0]}
					]
				},
				{
					"name": "head",
					"parent": "torso",
					"pivot": [0, 8, 0],
					"cubes": [
						{"origin": [-3.5, 8, -3.5], "size": [7, 7, 7], "uv": [0, 0]}
					]
				},
				{
					"name": "mouth",
					"parent": "head",
					"pivot": [0, 9.45, -3.5],
					"cubes": [
						{"origin": [-2, 8.95, -3.51], "size": [2, 1, 0], "pivot": [0, 9.95, -3.51], "rotation": [0, 0, -22.5], "uv": [0, 0]},
						{"origin": [0, 8.95, -3.51], "size": [2, 1, 0], "pivot": [0, 9.95, -3.51], "rotation": [0, 0, 22.5], "uv": [0, 0]}
					]
				},
				{
					"name": "eye",
					"parent": "head",
					"pivot": [0, 12, -3.51],
					"cubes": [
						{"origin": [-2, 10, -3.51], "size": [4, 4, 0], "uv": [0, 47]}
					]
				},
				{
					"name": "eyelid",
					"parent": "eye",
					"pivot": [-0.5, 11.5, -3.5],
					"cubes": [
						{"origin": [-1.5, 10, -3.41], "size": [3, 1, 0], "uv": [9, 47]},
						{"origin": [-2, 11, -3.41], "size": [1, 1, 0], "uv": [9, 47]},
						{"origin": [1, 11, -3.41], "size": [1, 1, 0], "uv": [9, 47]}
					]
				},
				{
					"name": "tentacles_head",
					"parent": "head",
					"pivot": [0, 12, 3.25],
					"rotation": [0, 0, -45]
				},
				{
					"name": "tentacle_upper_right",
					"parent": "tentacles_head",
					"pivot": [0, 11.5, 3.25],
					"rotation": [-5, 0, 0],
					"cubes": [
						{"origin": [-2, 11.5, 3.25], "size": [4, 6, 3], "uv": [0, 23]}
					]
				},
				{
					"name": "tentacle_upper_right2",
					"parent": "tentacle_upper_right",
					"pivot": [0, 18.5, 4.25],
					"rotation": [50, 0, 0],
					"cubes": [
						{"origin": [-1.5, 18.5, 4.25], "size": [3, 6, 2], "uv": [28, 6]}
					]
				},
				{
					"name": "tentacle_upper_right3",
					"parent": "tentacle_upper_right2",
					"pivot": [0, 25.5, 5.25],
					"rotation": [50, 0, 0],
					"cubes": [
						{"origin": [-1, 25.5, 5.25], "size": [2, 6, 1], "uv": [20, 32]}
					]
				},
				{
					"name": "tentacle_upper_right4",
					"parent": "tentacle_upper_right3",
					"pivot": [0, 32.5, 6.25],
					"rotation": [50, 0, 0],
					"cubes": [
						{"origin": [-0.5, 32.5, 6.25], "size": [1, 6, 0], "uv": [26, 32]}
					]
				},
				{
					"name": "tentacle_upper_left",
					"parent": "tentacles_head",
					"pivot": [0, 11.5, 3.25],
					"rotation": [-5, 0, 90],
					"cubes": [
						{"origin": [-2, 11.5, 3.25], "size": [4, 6, 3], "uv": [0, 23]}
					]
				},
				{
					"name": "tentacle_upper_left2",
					"parent": "tentacle_upper_left",
					"pivot": [0, 18.5, 4.25],
					"rotation": [50, 0, 0],
					"cubes": [
						{"origin": [-1.5, 18.5, 4.25], "size": [3, 6, 2], "uv": [28, 6]}
					]
				},
				{
					"name": "tentacle_upper_left3",
					"parent": "tentacle_upper_left2",
					"pivot": [0, 25.5, 5.25],
					"rotation": [50, 0, 0],
					"cubes": [
						{"origin": [-1, 25.5, 5.25], "size": [2, 6, 1], "uv": [20, 32]}
					]
				},
				{
					"name": "tentacle_upper_left4",
					"parent": "tentacle_upper_left3",
					"pivot": [0, 32.5, 6.25],
					"rotation": [50, 0, 0],
					"cubes": [
						{"origin": [-0.5, 32.5, 6.25], "size": [1, 6, 0], "uv": [26, 32]}
					]
				},
				{
					"name": "tentacle_lower_left",
					"parent": "tentacles_head",
					"pivot": [0, 11.5, 3.25],
					"rotation": [-5, 0, -180],
					"cubes": [
						{"origin": [-2, 11.5, 3.25], "size": [4, 6, 3], "uv": [0, 23]}
					]
				},
				{
					"name": "tentacle_lower_left2",
					"parent": "tentacle_lower_left",
					"pivot": [0, 18.5, 4.25],
					"rotation": [50, 0, 0],
					"cubes": [
						{"origin": [-1.5, 18.5, 4.25], "size": [3, 6, 2], "uv": [28, 6]}
					]
				},
				{
					"name": "tentacle_lower_left3",
					"parent": "tentacle_lower_left2",
					"pivot": [0, 25.5, 5.25],
					"rotation": [50, 0, 0],
					"cubes": [
						{"origin": [-1, 25.5, 5.25], "size": [2, 6, 1], "uv": [20, 32]}
					]
				},
				{
					"name": "tentacle_lower_left4",
					"parent": "tentacle_lower_left3",
					"pivot": [0, 32.5, 6.25],
					"rotation": [50, 0, 0],
					"cubes": [
						{"origin": [-0.5, 32.5, 6.25], "size": [1, 6, 0], "uv": [26, 32]}
					]
				},
				{
					"name": "tentacle_lower_right",
					"parent": "tentacles_head",
					"pivot": [0, 11.5, 3.25],
					"rotation": [-5, 0, -90],
					"cubes": [
						{"origin": [-2, 11.5, 3.25], "size": [4, 6, 3], "uv": [0, 23]}
					]
				},
				{
					"name": "tentacle_lower_right2",
					"parent": "tentacle_lower_right",
					"pivot": [0, 18.5, 4.25],
					"rotation": [50, 0, 0],
					"cubes": [
						{"origin": [-1.5, 18.5, 4.25], "size": [3, 6, 2], "uv": [28, 6]}
					]
				},
				{
					"name": "tentacle_lower_right3",
					"parent": "tentacle_lower_right2",
					"pivot": [0, 25.5, 5.25],
					"rotation": [50, 0, 0],
					"cubes": [
						{"origin": [-1, 25.5, 5.25], "size": [2, 6, 1], "uv": [20, 32]}
					]
				},
				{
					"name": "tentacle_lower_right4",
					"parent": "tentacle_lower_right3",
					"pivot": [0, 32.5, 6.25],
					"rotation": [50, 0, 0],
					"cubes": [
						{"origin": [-0.5, 32.5, 6.25], "size": [1, 6, 0], "uv": [26, 32]}
					]
				},
				{
					"name": "arms",
					"parent": "torso",
					"pivot": [2.5, 7.5, -0.5]
				},
				{
					"name": "arm_left",
					"parent": "arms",
					"pivot": [2.5, 7.5, -0.5],
					"cubes": [
						{"origin": [2.5, 6.5, -1.5], "size": [3, 1, 2], "uv": [0, 43], "mirror": true}
					]
				},
				{
					"name": "arm_right",
					"parent": "arms",
					"pivot": [-2.5, 7.5, -0.5],
					"cubes": [
						{"origin": [-5.5, 6.5, -1.5], "size": [3, 1, 2], "uv": [0, 43]}
					]
				},
				{
					"name": "legs",
					"parent": "body",
					"pivot": [0, 0, 0],
					"rotation": [0, -45, 0]
				},
				{
					"name": "tentacle_northwest",
					"parent": "legs",
					"pivot": [0, 5.25, -3.75],
					"rotation": [-17.5, 0, 0],
					"cubes": [
						{"origin": [-1.5, 2.25, -3.75], "size": [3, 3, 2], "uv": [10, 32]}
					]
				},
				{
					"name": "tentacle_northwest2",
					"parent": "tentacle_northwest",
					"pivot": [0, 2, -4],
					"rotation": [-47.5, 0, 0],
					"cubes": [
						{"origin": [-1, -1, -4], "size": [2, 3, 1], "uv": [38, 27]}
					]
				},
				{
					"name": "tentacle_northwest3",
					"parent": "tentacle_northwest2",
					"pivot": [0.5, -1.25, -4.25],
					"rotation": [-42.5, 0, 0],
					"cubes": [
						{"origin": [-0.5, -4.25, -4.25], "size": [1, 3, 0], "uv": [40, 0]}
					]
				},
				{
					"name": "tentacle_southwest",
					"parent": "legs",
					"pivot": [3.75, 5.25, 0],
					"rotation": [0, -90, -17.5],
					"cubes": [
						{"origin": [2.25, 2.25, 0], "size": [3, 3, 2], "uv": [10, 32]}
					]
				},
				{
					"name": "tentacle_southwest2",
					"parent": "tentacle_southwest",
					"pivot": [3.75, 2, -0.25],
					"rotation": [-47.5, 0, 0],
					"cubes": [
						{"origin": [2.75, -1, -0.25], "size": [2, 3, 1], "uv": [38, 27]}
					]
				},
				{
					"name": "tentacle_southwest3",
					"parent": "tentacle_southwest2",
					"pivot": [4.25, -1.25, -0.5],
					"rotation": [-42.5, 0, 0],
					"cubes": [
						{"origin": [3.25, -4.25, -0.5], "size": [1, 3, 0], "uv": [40, 0]}
					]
				},
				{
					"name": "tentacle_northeast",
					"parent": "legs",
					"pivot": [-3.75, 5.25, 0],
					"rotation": [0, 90, 17.5],
					"cubes": [
						{"origin": [-5.25, 2.25, 0], "size": [3, 3, 2], "uv": [10, 32]}
					]
				},
				{
					"name": "tentacle_northeast2",
					"parent": "tentacle_northeast",
					"pivot": [-3.75, 2, -0.25],
					"rotation": [-47.5, 0, 0],
					"cubes": [
						{"origin": [-4.75, -1, -0.25], "size": [2, 3, 1], "uv": [38, 27]}
					]
				},
				{
					"name": "tentacle_northeast3",
					"parent": "tentacle_northeast2",
					"pivot": [-3.25, -1.25, -0.5],
					"rotation": [-42.5, 0, 0],
					"cubes": [
						{"origin": [-4.25, -4.25, -0.5], "size": [1, 3, 0], "uv": [40, 0]}
					]
				},
				{
					"name": "tentacle_southeast",
					"parent": "legs",
					"pivot": [0, 5.25, 3.75],
					"rotation": [17.5, 0, 0],
					"cubes": [
						{"origin": [-1.5, 2.25, 1.75], "size": [3, 3, 2], "pivot": [0, 3.75, 2.75], "rotation": [0, 180, 0], "uv": [10, 32]}
					]
				},
				{
					"name": "tentacle_southeast2",
					"parent": "tentacle_southeast",
					"pivot": [0, 2, 4],
					"rotation": [47.5, 0, 0],
					"cubes": [
						{"origin": [-1, -1, 3], "size": [2, 3, 1], "pivot": [0, 0.5, 3.5], "rotation": [0, 180, 0], "uv": [38, 27]}
					]
				},
				{
					"name": "tentacle_southeast3",
					"parent": "tentacle_southeast2",
					"pivot": [0.5, -1.25, 4.25],
					"rotation": [42.5, 0, 0],
					"cubes": [
						{"origin": [-0.5, -4.25, 4.25], "size": [1, 3, 0], "pivot": [0, -2.75, 4.25], "rotation": [0, 180, 0], "uv": [40, 0]}
					]
				}
			]
		}
	]
}