{
	"format_version": "1.8.0",
	"animations": {
		"animation.polporos_fetus.sleep": {
			"loop": true,
			"bones": {
				"body": {
					"rotation": ["-20+math.sin(q.anim_time*90*0.5-180)*3", "math.sin(q.anim_time*90*0.75-60)*-2", "math.sin(q.anim_time*90*1)*1"],
					"position": ["math.sin(q.anim_time*90*0.25)*0.2", "-2+math.sin(q.anim_time*90*0.5-45)*0.8", "-0.5+math.sin(q.anim_time*90*0.25-90)*0.1"]
				},
				"leg_left": {
					"rotation": ["-65+math.sin(q.anim_time*90*0.5+60)*3", 5, 10]
				},
				"leg_left2": {
					"rotation": ["-55+math.sin(q.anim_time*90*0.5)*6", 0, 0]
				},
				"foot_left": {
					"rotation": ["80+math.sin(q.anim_time*90*0.5-60)*8", 0, 0]
				},
				"leg_right": {
					"rotation": ["-65+math.sin(q.anim_time*90*0.5)*3", -5, -10]
				},
				"leg_right2": {
					"rotation": ["-55+math.sin(q.anim_time*90*0.5-60)*6", 0, 0]
				},
				"foot_right": {
					"rotation": ["80+math.sin(q.anim_time*90*0.5-120)*8", 0, 0]
				},
				"arm_left": {
					"rotation": ["37.5+math.sin(q.anim_time*90*0.5)*3", "30+math.cos(q.anim_time*90*0.5)*-9", 0]
				},
				"arm_right": {
					"rotation": ["37.5+math.sin(q.anim_time*90*0.5)*3", "-30+math.cos(q.anim_time*90*0.5)*9", 0]
				},
				"neck": {
					"rotation": ["16.0862+math.sin(q.anim_time*90*0.5-210)*5", 0.0266, 6.94194]
				},
				"head": {
					"rotation": ["15+math.sin(q.anim_time*90*0.5-270)*-4", 0, 0],
					"position": [0, -0.25, 0]
				},
				"tail": {
					"rotation": ["-37+math.sin(q.anim_time*90*0.5-200)*-5", 0, 0]
				},
				"tail2": {
					"rotation": ["-40+math.sin(q.anim_time*90*0.5-270)*-7", 0, 0]
				},
				"tail3": {
					"rotation": ["-27.5+math.sin(q.anim_time*90*0.5-340)*-7", 0, 0]
				},
				"jaw": {
					"rotation": ["10+math.sin(q.anim_time*90*0.5)*9", 0, 0]
				}
			}
		},
		"animation.polporos_fetus.quirk1": {
			"animation_length": 4.0417,
			"bones": {
				"body": {
					"rotation": {
						"0.0": {
							"post": [0, 0, 0],
							"lerp_mode": "catmullrom"
						},
						"0.375": {
							"post": [0, 0, 0],
							"lerp_mode": "catmullrom"
						},
						"0.8333": {
							"post": [3, 0, 0],
							"lerp_mode": "catmullrom"
						},
						"1.375": {
							"post": [-1, 0, 0],
							"lerp_mode": "catmullrom"
						},
						"1.8333": {
							"post": [5, 0, 0],
							"lerp_mode": "catmullrom"
						},
						"2.5833": {
							"post": [3, 0, 0],
							"lerp_mode": "catmullrom"
						},
						"3.1667": {
							"post": [1.14, 0, 0],
							"lerp_mode": "catmullrom"
						},
						"3.9167": [0, 0, 0]
					}
				},
				"leg_left": {
					"rotation": {
						"0.0": {
							"post": [0, 0, 0],
							"lerp_mode": "catmullrom"
						},
						"0.5833": {
							"post": [0, 0, 0],
							"lerp_mode": "catmullrom"
						},
						"0.8333": {
							"post": [-2, 0, 0],
							"lerp_mode": "catmullrom"
						},
						"1.25": {
							"post": [-2, 0, 0],
							"lerp_mode": "catmullrom"
						},
						"2.125": {
							"post": [-7.5, 0, 0],
							"lerp_mode": "catmullrom"
						},
						"3.5": [0, 0, 0]
					}
				},
				"leg_left2": {
					"rotation": {
						"0.0": {
							"post": [0, 0, 0],
							"lerp_mode": "catmullrom"
						},
						"0.4583": {
							"post": [7.5, 0, 0],
							"lerp_mode": "catmullrom"
						},
						"0.75": {
							"post": [-5, 0, 0],
							"lerp_mode": "catmullrom"
						},
						"1.3333": {
							"post": [5, 0, 0],
							"lerp_mode": "catmullrom"
						},
						"1.7083": {
							"post": [-5, 0, 0],
							"lerp_mode": "catmullrom"
						},
						"1.9583": {
							"post": [-5, 0, 0],
							"lerp_mode": "catmullrom"
						},
						"3.375": [0, 0, 0]
					}
				},
				"foot_left": {
					"rotation": {
						"0.0": {
							"post": [0, 0, 0],
							"lerp_mode": "catmullrom"
						},
						"0.5417": {
							"post": [7.5, 0, 0],
							"lerp_mode": "catmullrom"
						},
						"0.875": {
							"post": [-10, 0, 0],
							"lerp_mode": "catmullrom"
						},
						"1.5": {
							"post": [-5, 0, 0],
							"lerp_mode": "catmullrom"
						},
						"1.8333": {
							"post": [-15, 0, 0],
							"lerp_mode": "catmullrom"
						},
						"2.1667": {
							"post": [-12.53, 0, 0],
							"lerp_mode": "catmullrom"
						},
						"3.625": [0, 0, 0]
					}
				},
				"leg_right": {
					"rotation": {
						"0.0": {
							"post": [0, 0, 0],
							"lerp_mode": "catmullrom"
						},
						"0.5833": {
							"post": [0, 0, 0],
							"lerp_mode": "catmullrom"
						},
						"0.8333": {
							"post": [-2, 0, 0],
							"lerp_mode": "catmullrom"
						},
						"1.25": {
							"post": [-2, 0, 0],
							"lerp_mode": "catmullrom"
						},
						"2.125": {
							"post": [-7.5, 0, 0],
							"lerp_mode": "catmullrom"
						},
						"3.5": [0, 0, 0]
					}
				},
				"leg_right2": {
					"rotation": {
						"0.0": {
							"post": [0, 0, 0],
							"lerp_mode": "catmullrom"
						},
						"0.4583": {
							"post": [7.5, 0, 0],
							"lerp_mode": "catmullrom"
						},
						"0.75": {
							"post": [-5, 0, 0],
							"lerp_mode": "catmullrom"
						},
						"1.3333": {
							"post": [5, 0, 0],
							"lerp_mode": "catmullrom"
						},
						"1.7083": {
							"post": [-5, 0, 0],
							"lerp_mode": "catmullrom"
						},
						"1.9583": {
							"post": [-5, 0, 0],
							"lerp_mode": "catmullrom"
						},
						"3.375": [0, 0, 0]
					}
				},
				"foot_right": {
					"rotation": {
						"0.0": {
							"post": [0, 0, 0],
							"lerp_mode": "catmullrom"
						},
						"0.5417": {
							"post": [7.5, 0, 0],
							"lerp_mode": "catmullrom"
						},
						"0.875": {
							"post": [-10, 0, 0],
							"lerp_mode": "catmullrom"
						},
						"1.5": {
							"post": [-5, 0, 0],
							"lerp_mode": "catmullrom"
						},
						"1.8333": {
							"post": [-15, 0, 0],
							"lerp_mode": "catmullrom"
						},
						"2.1667": {
							"post": [-12.53, 0, 0],
							"lerp_mode": "catmullrom"
						},
						"3.625": [0, 0, 0]
					}
				},
				"neck": {
					"rotation": {
						"0.0": {
							"post": [0, 0, 0],
							"lerp_mode": "catmullrom"
						},
						"0.9167": {
							"post": [-2.5, 0, 0],
							"lerp_mode": "catmullrom"
						},
						"2.0": {
							"post": [0, 0, 0],
							"lerp_mode": "catmullrom"
						},
						"4.0417": {
							"post": [0, 0, 0],
							"lerp_mode": "catmullrom"
						}
					},
					"position": {
						"0.0": {
							"post": [0, 0, 0],
							"lerp_mode": "catmullrom"
						},
						"0.9167": {
							"post": [0, -0.25, 0],
							"lerp_mode": "catmullrom"
						},
						"4.0417": {
							"post": [0, 0, 0],
							"lerp_mode": "catmullrom"
						}
					}
				},
				"head": {
					"rotation": {
						"0.0": {
							"post": [0, 0, 0],
							"lerp_mode": "catmullrom"
						},
						"0.9167": {
							"post": [-20, 0, 0],
							"lerp_mode": "catmullrom"
						},
						"2.0": {
							"post": [0, 0, 0],
							"lerp_mode": "catmullrom"
						},
						"3.0": {
							"post": [-25, 0, 0],
							"lerp_mode": "catmullrom"
						},
						"4.0417": {
							"post": [0, 0, 0],
							"lerp_mode": "catmullrom"
						}
					},
					"position": {
						"0.0": {
							"post": [0, 0, 0],
							"lerp_mode": "catmullrom"
						},
						"0.9167": {
							"post": [0, -0.5, 0],
							"lerp_mode": "catmullrom"
						},
						"2.0": {
							"post": [0, 0, 0],
							"lerp_mode": "catmullrom"
						},
						"3.0": {
							"post": [0, -0.5, 0],
							"lerp_mode": "catmullrom"
						},
						"4.0417": {
							"post": [0, 0, 0],
							"lerp_mode": "catmullrom"
						}
					}
				},
				"tail": {
					"rotation": {
						"0.0": {
							"post": [0, 0, 0],
							"lerp_mode": "catmullrom"
						},
						"0.375": {
							"post": [1, 0, 0],
							"lerp_mode": "catmullrom"
						},
						"0.7917": {
							"post": [-2.5, 0, 0],
							"lerp_mode": "catmullrom"
						},
						"1.25": {
							"post": [2.5, 0, 0],
							"lerp_mode": "catmullrom"
						},
						"1.625": {
							"post": [-3, 0, 0],
							"lerp_mode": "catmullrom"
						},
						"2.0417": {
							"post": [-2.36, 0, 0],
							"lerp_mode": "catmullrom"
						},
						"2.5": {
							"post": [1.5, 0, 0],
							"lerp_mode": "catmullrom"
						},
						"3.7917": [0, 0, 0]
					}
				},
				"tail2": {
					"rotation": {
						"0.0": {
							"post": [0, 0, 0],
							"lerp_mode": "catmullrom"
						},
						"0.5": {
							"post": [1, 0, 0],
							"lerp_mode": "catmullrom"
						},
						"1.0417": {
							"post": [-2, 0, 0],
							"lerp_mode": "catmullrom"
						},
						"1.25": {
							"post": [1, 0, 0],
							"lerp_mode": "catmullrom"
						},
						"1.8333": {
							"post": [-2, 0, 0],
							"lerp_mode": "catmullrom"
						},
						"2.375": {
							"post": [-1.31, 0, 0],
							"lerp_mode": "catmullrom"
						},
						"3.0833": {
							"post": [0.25, 0, 0],
							"lerp_mode": "catmullrom"
						},
						"3.9167": [0, 0, 0]
					}
				},
				"jaw": {
					"rotation": {
						"0.0": {
							"post": [0, 0, 0],
							"lerp_mode": "catmullrom"
						},
						"0.9167": {
							"post": [42.5, 0, 0],
							"lerp_mode": "catmullrom"
						},
						"2.0": {
							"post": [0, 0, 0],
							"lerp_mode": "catmullrom"
						},
						"3.0": {
							"post": [47.5, 0, 0],
							"lerp_mode": "catmullrom"
						},
						"4.0417": {
							"post": [0, 0, 0],
							"lerp_mode": "catmullrom"
						}
					}
				}
			}
		},
		"animation.polporos_fetus.quirk2": {
			"animation_length": 1.25,
			"bones": {
				"body": {
					"rotation": {
						"0.0": {
							"post": [0, 0, 0],
							"lerp_mode": "catmullrom"
						},
						"0.125": {
							"post": [0.5, 0, 0],
							"lerp_mode": "catmullrom"
						},
						"0.2917": {
							"post": [-1.8, 0, 0],
							"lerp_mode": "catmullrom"
						},
						"0.5": {
							"post": [2, 0, 0],
							"lerp_mode": "catmullrom"
						},
						"0.75": {
							"post": [0, 0, 0],
							"lerp_mode": "catmullrom"
						},
						"1.25": {
							"post": [0, 0, 0],
							"lerp_mode": "catmullrom"
						}
					}
				},
				"leg_left": {
					"rotation": {
						"0.0": {
							"post": [0, 0, 0],
							"lerp_mode": "catmullrom"
						},
						"0.2083": {
							"post": [10, 0, 0],
							"lerp_mode": "catmullrom"
						},
						"0.3333": {
							"post": [-12.5, 0, 0],
							"lerp_mode": "catmullrom"
						},
						"0.4167": {
							"post": [-0.76, 0, 0],
							"lerp_mode": "catmullrom"
						},
						"0.5": {
							"post": [-3.64, 0, 0],
							"lerp_mode": "catmullrom"
						},
						"0.6667": {
							"post": [0, 0, 0],
							"lerp_mode": "catmullrom"
						},
						"1.0": {
							"post": [0, 0, 0],
							"lerp_mode": "catmullrom"
						}
					}
				},
				"leg_left2": {
					"rotation": {
						"0.0": {
							"post": [0, 0, 0],
							"lerp_mode": "catmullrom"
						},
						"0.1667": {
							"post": [-5, 0, 0],
							"lerp_mode": "catmullrom"
						},
						"0.2917": {
							"post": [25.12, 0, 0],
							"lerp_mode": "catmullrom"
						},
						"0.375": {
							"post": [-2.96, 0, 0],
							"lerp_mode": "catmullrom"
						},
						"0.4583": {
							"post": [5.9, 0, 0],
							"lerp_mode": "catmullrom"
						},
						"0.5833": {
							"post": [-0.57, 0, 0],
							"lerp_mode": "catmullrom"
						},
						"1.0417": {
							"post": [0, 0, 0],
							"lerp_mode": "catmullrom"
						}
					}
				},
				"foot_left": {
					"rotation": {
						"0.0": {
							"post": [0, 0, 0],
							"lerp_mode": "catmullrom"
						},
						"0.125": {
							"post": [-17, 0, 0],
							"lerp_mode": "catmullrom"
						},
						"0.2083": {
							"post": [-22.38, 0, 0],
							"lerp_mode": "catmullrom"
						},
						"0.2917": {
							"post": [-0.86, 0, 0],
							"lerp_mode": "catmullrom"
						},
						"0.375": {
							"post": [8.54, 0, 0],
							"lerp_mode": "catmullrom"
						},
						"0.4583": {
							"post": [6.36, 0, 0],
							"lerp_mode": "catmullrom"
						},
						"0.5417": {
							"post": [-10.73, 0, 0],
							"lerp_mode": "catmullrom"
						},
						"0.75": {
							"post": [0, 0, 0],
							"lerp_mode": "catmullrom"
						},
						"1.0833": {
							"post": [0, 0, 0],
							"lerp_mode": "catmullrom"
						}
					}
				},
				"leg_right": {
					"rotation": {
						"0.0": {
							"post": [0, 0, 0],
							"lerp_mode": "catmullrom"
						},
						"0.1667": {
							"post": [0, 0, 0],
							"lerp_mode": "catmullrom"
						},
						"0.4167": {
							"post": [-4, 0, 0],
							"lerp_mode": "catmullrom"
						},
						"0.7083": {
							"post": [1, 0, 0],
							"lerp_mode": "catmullrom"
						},
						"0.9167": {
							"post": [0, 0, 0],
							"lerp_mode": "catmullrom"
						}
					}
				},
				"leg_right2": {
					"rotation": {
						"0.0": {
							"post": [0, 0, 0],
							"lerp_mode": "catmullrom"
						},
						"0.2083": {
							"post": [0, 0, 0],
							"lerp_mode": "catmullrom"
						},
						"0.4583": {
							"post": [-4, 0, 0],
							"lerp_mode": "catmullrom"
						},
						"0.75": {
							"post": [1, 0, 0],
							"lerp_mode": "catmullrom"
						},
						"1.0417": {
							"post": [0, 0, 0],
							"lerp_mode": "catmullrom"
						}
					}
				},
				"foot_right": {
					"rotation": {
						"0.0": {
							"post": [0, 0, 0],
							"lerp_mode": "catmullrom"
						},
						"0.25": {
							"post": [0, 0, 0],
							"lerp_mode": "catmullrom"
						},
						"0.5": {
							"post": [-4, 0, 0],
							"lerp_mode": "catmullrom"
						},
						"0.7917": {
							"post": [1, 0, 0],
							"lerp_mode": "catmullrom"
						},
						"1.0833": {
							"post": [0, 0, 0],
							"lerp_mode": "catmullrom"
						}
					}
				},
				"arm_left": {
					"rotation": {
						"0.0": {
							"post": [0, 0, 0],
							"lerp_mode": "catmullrom"
						},
						"0.1667": {
							"post": [0, -2, 0],
							"lerp_mode": "catmullrom"
						},
						"0.2917": {
							"post": [0, 4, 0],
							"lerp_mode": "catmullrom"
						},
						"0.5417": {
							"post": [0, 0, 0],
							"lerp_mode": "catmullrom"
						},
						"1.0": {
							"post": [0, 0, 0],
							"lerp_mode": "catmullrom"
						}
					}
				},
				"arm_right": {
					"rotation": {
						"0.125": {
							"pre": [0, 0, 0],
							"post": [0, 0, 0],
							"lerp_mode": "catmullrom"
						},
						"0.2917": {
							"post": [0, 2, 0],
							"lerp_mode": "catmullrom"
						},
						"0.4167": {
							"post": [0, -4, 0],
							"lerp_mode": "catmullrom"
						},
						"0.6667": {
							"post": [0, 0, 0],
							"lerp_mode": "catmullrom"
						},
						"1.125": {
							"post": [0, 0, 0],
							"lerp_mode": "catmullrom"
						}
					}
				},
				"neck": {
					"rotation": {
						"0.0": {
							"post": [0, 0, 0],
							"lerp_mode": "catmullrom"
						},
						"0.25": {
							"post": [1.5, 0, 0],
							"lerp_mode": "catmullrom"
						},
						"0.4583": {
							"post": [0.2, 0, 0],
							"lerp_mode": "catmullrom"
						},
						"0.7083": {
							"post": [1, 0, 0],
							"lerp_mode": "catmullrom"
						},
						"0.9583": {
							"post": [0, 0, 0],
							"lerp_mode": "catmullrom"
						},
						"1.1667": {
							"post": [0, 0, 0],
							"lerp_mode": "catmullrom"
						}
					}
				},
				"head": {
					"rotation": {
						"0.0": {
							"post": [0, 0, 0],
							"lerp_mode": "catmullrom"
						},
						"0.1667": {
							"post": [2.64, 0, 0],
							"lerp_mode": "catmullrom"
						},
						"0.2917": {
							"post": [6.5, 0, 0],
							"lerp_mode": "catmullrom"
						},
						"0.5": {
							"post": [-5.3, 0, 0],
							"lerp_mode": "catmullrom"
						},
						"0.7917": {
							"post": [0.25, 0, 0],
							"lerp_mode": "catmullrom"
						},
						"1.0417": {
							"post": [0, 0, 0],
							"lerp_mode": "catmullrom"
						},
						"1.25": {
							"post": [0, 0, 0],
							"lerp_mode": "catmullrom"
						}
					}
				},
				"tail": {
					"rotation": {
						"0.0": {
							"post": [0, 0, 0],
							"lerp_mode": "catmullrom"
						},
						"0.2083": {
							"post": [1.5, 0, 0],
							"lerp_mode": "catmullrom"
						},
						"0.375": {
							"post": [-3.8, 0, 0],
							"lerp_mode": "catmullrom"
						},
						"0.5833": {
							"post": [4, 0, 0],
							"lerp_mode": "catmullrom"
						},
						"0.8333": {
							"post": [-3, 0, 0],
							"lerp_mode": "catmullrom"
						},
						"1.125": {
							"post": [0, 0, 0],
							"lerp_mode": "catmullrom"
						}
					}
				},
				"tail2": {
					"rotation": {
						"0.0": {
							"post": [0, 0, 0],
							"lerp_mode": "catmullrom"
						},
						"0.2917": {
							"post": [2.5, 0, 0],
							"lerp_mode": "catmullrom"
						},
						"0.5": {
							"post": [-1.8, 0, 0],
							"lerp_mode": "catmullrom"
						},
						"0.6667": {
							"post": [8, 0, 0],
							"lerp_mode": "catmullrom"
						},
						"0.9583": {
							"post": [-3, 0, 0],
							"lerp_mode": "catmullrom"
						},
						"1.25": {
							"post": [0, 0, 0],
							"lerp_mode": "catmullrom"
						}
					}
				}
			}
		},
		"animation.polporos_fetus.quirk3": {
			"animation_length": 1.25,
			"bones": {
				"body": {
					"rotation": {
						"0.0": {
							"post": [0, 0, 0],
							"lerp_mode": "catmullrom"
						},
						"0.125": {
							"post": [0.5, 0, 0],
							"lerp_mode": "catmullrom"
						},
						"0.2917": {
							"post": [-1.8, 0, 0],
							"lerp_mode": "catmullrom"
						},
						"0.5": {
							"post": [2, 0, 0],
							"lerp_mode": "catmullrom"
						},
						"0.75": {
							"post": [0, 0, 0],
							"lerp_mode": "catmullrom"
						},
						"1.25": {
							"post": [0, 0, 0],
							"lerp_mode": "catmullrom"
						}
					}
				},
				"leg_left": {
					"rotation": {
						"0.0": {
							"post": [0, 0, 0],
							"lerp_mode": "catmullrom"
						},
						"0.1667": {
							"post": [0, 0, 0],
							"lerp_mode": "catmullrom"
						},
						"0.4167": {
							"post": [-4, 0, 0],
							"lerp_mode": "catmullrom"
						},
						"0.7083": {
							"post": [1, 0, 0],
							"lerp_mode": "catmullrom"
						},
						"0.9167": {
							"post": [0, 0, 0],
							"lerp_mode": "catmullrom"
						}
					}
				},
				"leg_right": {
					"rotation": {
						"0.0": {
							"post": [0, 0, 0],
							"lerp_mode": "catmullrom"
						},
						"0.2083": {
							"post": [10, 0, 0],
							"lerp_mode": "catmullrom"
						},
						"0.3333": {
							"post": [-12.5, 0, 0],
							"lerp_mode": "catmullrom"
						},
						"0.4167": {
							"post": [-0.76, 0, 0],
							"lerp_mode": "catmullrom"
						},
						"0.5": {
							"post": [-3.64, 0, 0],
							"lerp_mode": "catmullrom"
						},
						"0.6667": {
							"post": [0, 0, 0],
							"lerp_mode": "catmullrom"
						},
						"1.0": {
							"post": [0, 0, 0],
							"lerp_mode": "catmullrom"
						}
					}
				},
				"leg_right2": {
					"rotation": {
						"0.0": {
							"post": [0, 0, 0],
							"lerp_mode": "catmullrom"
						},
						"0.1667": {
							"post": [-5, 0, 0],
							"lerp_mode": "catmullrom"
						},
						"0.2917": {
							"post": [25.12, 0, 0],
							"lerp_mode": "catmullrom"
						},
						"0.375": {
							"post": [-2.96, 0, 0],
							"lerp_mode": "catmullrom"
						},
						"0.4583": {
							"post": [5.9, 0, 0],
							"lerp_mode": "catmullrom"
						},
						"0.5833": {
							"post": [-0.57, 0, 0],
							"lerp_mode": "catmullrom"
						},
						"1.0417": {
							"post": [0, 0, 0],
							"lerp_mode": "catmullrom"
						}
					}
				},
				"foot_right": {
					"rotation": {
						"0.0": {
							"post": [0, 0, 0],
							"lerp_mode": "catmullrom"
						},
						"0.125": {
							"post": [-17, 0, 0],
							"lerp_mode": "catmullrom"
						},
						"0.2083": {
							"post": [-22.38, 0, 0],
							"lerp_mode": "catmullrom"
						},
						"0.2917": {
							"post": [-0.86, 0, 0],
							"lerp_mode": "catmullrom"
						},
						"0.375": {
							"post": [8.54, 0, 0],
							"lerp_mode": "catmullrom"
						},
						"0.4583": {
							"post": [6.36, 0, 0],
							"lerp_mode": "catmullrom"
						},
						"0.5417": {
							"post": [-10.73, 0, 0],
							"lerp_mode": "catmullrom"
						},
						"0.75": {
							"post": [0, 0, 0],
							"lerp_mode": "catmullrom"
						},
						"1.0833": {
							"post": [0, 0, 0],
							"lerp_mode": "catmullrom"
						}
					}
				},
				"arm_left": {
					"rotation": {
						"0.0": {
							"post": [0, 0, 0],
							"lerp_mode": "catmullrom"
						},
						"0.1667": {
							"post": [0, 2, 0],
							"lerp_mode": "catmullrom"
						},
						"0.2917": {
							"post": [0, -4, 0],
							"lerp_mode": "catmullrom"
						},
						"0.5417": {
							"post": [0, 0, 0],
							"lerp_mode": "catmullrom"
						},
						"1.0": {
							"post": [0, 0, 0],
							"lerp_mode": "catmullrom"
						}
					}
				},
				"arm_right": {
					"rotation": {
						"0.125": {
							"pre": [0, 0, 0],
							"post": [0, 0, 0],
							"lerp_mode": "catmullrom"
						},
						"0.2917": {
							"post": [0, -2, 0],
							"lerp_mode": "catmullrom"
						},
						"0.4167": {
							"post": [0, 4, 0],
							"lerp_mode": "catmullrom"
						},
						"0.6667": {
							"post": [0, 0, 0],
							"lerp_mode": "catmullrom"
						},
						"1.125": {
							"post": [0, 0, 0],
							"lerp_mode": "catmullrom"
						}
					}
				},
				"neck": {
					"rotation": {
						"0.0": {
							"post": [0, 0, 0],
							"lerp_mode": "catmullrom"
						},
						"0.25": {
							"post": [1.5, 0, 0],
							"lerp_mode": "catmullrom"
						},
						"0.4583": {
							"post": [0.2, 0, 0],
							"lerp_mode": "catmullrom"
						},
						"0.7083": {
							"post": [1, 0, 0],
							"lerp_mode": "catmullrom"
						},
						"0.9583": {
							"post": [0, 0, 0],
							"lerp_mode": "catmullrom"
						},
						"1.1667": {
							"post": [0, 0, 0],
							"lerp_mode": "catmullrom"
						}
					}
				},
				"head": {
					"rotation": {
						"0.0": {
							"post": [0, 0, 0],
							"lerp_mode": "catmullrom"
						},
						"0.1667": {
							"post": [2.64, 0, 0],
							"lerp_mode": "catmullrom"
						},
						"0.2917": {
							"post": [6.5, 0, 0],
							"lerp_mode": "catmullrom"
						},
						"0.5": {
							"post": [-5.3, 0, 0],
							"lerp_mode": "catmullrom"
						},
						"0.7917": {
							"post": [0.25, 0, 0],
							"lerp_mode": "catmullrom"
						},
						"1.0417": {
							"post": [0, 0, 0],
							"lerp_mode": "catmullrom"
						},
						"1.25": {
							"post": [0, 0, 0],
							"lerp_mode": "catmullrom"
						}
					}
				},
				"tail": {
					"rotation": {
						"0.0": {
							"post": [0, 0, 0],
							"lerp_mode": "catmullrom"
						},
						"0.2083": {
							"post": [1.5, 0, 0],
							"lerp_mode": "catmullrom"
						},
						"0.375": {
							"post": [-3.8, 0, 0],
							"lerp_mode": "catmullrom"
						},
						"0.5833": {
							"post": [4, 0, 0],
							"lerp_mode": "catmullrom"
						},
						"0.8333": {
							"post": [-3, 0, 0],
							"lerp_mode": "catmullrom"
						},
						"1.125": {
							"post": [0, 0, 0],
							"lerp_mode": "catmullrom"
						}
					}
				},
				"tail2": {
					"rotation": {
						"0.0": {
							"post": [0, 0, 0],
							"lerp_mode": "catmullrom"
						},
						"0.2917": {
							"post": [2.5, 0, 0],
							"lerp_mode": "catmullrom"
						},
						"0.5": {
							"post": [-1.8, 0, 0],
							"lerp_mode": "catmullrom"
						},
						"0.6667": {
							"post": [8, 0, 0],
							"lerp_mode": "catmullrom"
						},
						"0.9583": {
							"post": [-3, 0, 0],
							"lerp_mode": "catmullrom"
						},
						"1.25": {
							"post": [0, 0, 0],
							"lerp_mode": "catmullrom"
						}
					}
				}
			}
		}
	}
}