{
    "species": "cobblemon:anglerine",
    "order": 0,
    "variations": [
      {
        "aspects": [],
        "poser": "cobblemon:anglerine",
        "model": "cobblemon:anglerine.geo",
        "texture": "cobblemon:textures/pokemon/anglerine/anglerine.png",
        "layers": [
          {
            "name": "emissive",
            "emissive": true,
            "texture": "cobblemon:textures/pokemon/anglerine/anglerine_emissive.png",
            "translucent": true
      }
        ]
      },
      {
        "aspects": [ "shiny" ],
        "texture": "cobblemon:textures/pokemon/anglerine/anglerine_shiny.png",
        "layers": [
          {
            "name": "emissive",
            "emissive": true,
            "texture": "cobblemon:textures/pokemon/anglerine/anglerine_shiny_emissive.png",
            "translucent": true
      }
        ]
      }
    ]
  }