{
    "species": "cobblemon:limonzal",
    "order": 0,
    "variations": [
      {
        "aspects": [],
        "poser": "cobblemon:limonzal",
        "model": "cobblemon:limonzal.geo",
        "texture": "cobblemon:textures/pokemon/limonzal/limonzal.png",
        "layers": [
          {
            "name": "emissive",
            "emissive": true,
            "texture": "cobblemon:textures/pokemon/limonzal/limonzal_emissive.png",
            "translucent": true
      }
        ]
      },
      {
        "aspects": [ "shiny" ],
        "texture": "cobblemon:textures/pokemon/limonzal/limonzal_shiny.png",
        "layers": [
          {
            "name": "emissive",
            "emissive": true,
            "texture": "cobblemon:textures/pokemon/limonzal/limonzal_shiny_emissive.png",
            "translucent": true
      }
        ]
      }
    ]
  }