{
    "species": "cobblemon:petrolisk",
    "order": 0,
    "variations": [
      {
        "aspects": [],
        "poser": "cobblemon:petrolisk",
        "model": "cobblemon:petrolisk.geo",
        "texture": "cobblemon:textures/pokemon/petrolisk/petrolisk.png",
        "layers": [
            {
                "name": "animation",
                "texture": {
                  "frames": [
                    "cobblemon:textures/pokemon/petrolisk/animation/oil1.png",
                    "cobblemon:textures/pokemon/petrolisk/animation/oil2.png",
                    "cobblemon:textures/pokemon/petrolisk/animation/oil3.png",
                    "cobblemon:textures/pokemon/petrolisk/animation/oil2.png"
                  ],
                  "fps": 1,
                  "loop": true
                },
                "emissive":false
              },
              {
                "name": "emissive",
                "emissive": true,
                "texture": "cobblemon:textures/pokemon/petrolisk/petrolisk_emissive.png",
                "translucent": true
          }
        ]
      },
      {
        "aspects": [ "shiny" ],
        "texture": "cobblemon:textures/pokemon/petrolisk/petrolisk_shiny.png",
        "layers":[
        {
            "name": "animation",
            "texture": {
              "frames": [
                "cobblemon:textures/pokemon/petrolisk/animation/oil_shiny1.png",
                "cobblemon:textures/pokemon/petrolisk/animation/oil_shiny2.png",
                "cobblemon:textures/pokemon/petrolisk/animation/oil_shiny3.png",
                "cobblemon:textures/pokemon/petrolisk/animation/oil_shiny2.png"
              ],
              "fps": 1,
              "loop": true
            },
            "emissive":false
        },
        {
            "name": "emissive",
            "emissive": true,
            "texture": "cobblemon:textures/pokemon/petrolisk/petrolisk_shiny_emissive.png",
            "translucent": true
      }
    ]
      }
    ]
  }